ticker,date,open,high,low,close,volume
AAPL,2022-01-03,150.6001,151.0437,147.265,148.5539,11194786
AAPL,2022-01-04,149.2398,149.742,146.8872,147.9116,6756507
AAPL,2022-01-05,147.1997,147.8296,146.0947,147.0375,6117816
AAPL,2022-01-06,146.5482,146.6283,145.7593,146.6139,7770527
AAPL,2022-01-07,142.0802,147.8783,140.8907,144.0111,5895127
AAPL,2022-01-10,144.9038,145.0382,141.4785,143.5365,9445751
AAPL,2022-01-11,141.9974,142.5276,138.0628,142.4341,7056617
AAPL,2022-01-12,143.532,144.3978,142.7524,144.3535,48051580
AAPL,2022-01-13,148.9784,151.3683,148.9361,149.1483,14802134
AAPL,2022-01-14,148.6511,149.4889,146.0695,148.4217,8040591
AAPL,2022-01-17,149.7374,152.4557,147.1188,148.6909,10194856
AAPL,2022-01-18,147.8328,150.1316,145.8844,147.0588,32937651
AAPL,2022-01-19,148.3027,149.6375,145.6656,148.0809,8056571
AAPL,2022-01-20,151.766,153.4926,149.9007,151.1861,4614281
AAPL,2022-01-21,152.3557,152.3734,149.3857,150.4293,10340836
AAPL,2022-01-24,149.4632,152.8917,146.8691,150.16,17135817
AAPL,2022-01-25,149.4115,154.9035,148.747,150.5383,20440255
AAPL,2022-01-26,152.6307,152.718,145.8264,150.1411,44486268
AAPL,2022-01-27,151.6149,155.6279,149.6277,151.29,10340597
AAPL,2022-01-28,146.9691,147.8755,145.72,146.6,5258939
AAPL,2022-01-31,144.1394,145.9618,141.7564,145.3987,3444784
AAPL,2022-02-01,146.5229,146.5626,146.0174,146.0557,7185864
AAPL,2022-02-02,149.0297,150.7072,146.9107,148.264,38466416
AAPL,2022-02-03,149.1576,150.0835,148.3882,149.7786,32224497
AAPL,2022-02-04,148.4763,151.367,148.4615,150.7808,63301230
AAPL,2022-02-07,148.3338,148.44,147.5641,148.207,49329311
AAPL,2022-02-08,153.0794,153.4094,146.2835,148.9136,5829570
AAPL,2022-02-09,151.7029,152.149,146.6915,148.7153,9511122
AAPL,2022-02-10,151.2526,153.0315,147.4984,148.6631,17854984
AAPL,2022-02-11,150.5095,151.1735,142.853,146.9875,24871537
AAPL,2022-02-14,146.7426,147.922,141.8932,145.919,11043694
AAPL,2022-02-15,147.2327,149.7285,146.6106,148.5586,41809722
AAPL,2022-02-16,147.0305,152.3151,145.8438,147.9934,27572889
AAPL,2022-02-17,148.5458,149.4395,146.5178,148.9888,3320342
AAPL,2022-02-18,145.461,147.2017,143.9385,145.5624,14229775
AAPL,2022-02-21,151.3945,152.4165,148.0347,148.158,11834826
AAPL,2022-02-22,150.2759,153.6192,145.6528,149.3532,18481486
AAPL,2022-02-23,143.5523,151.3522,143.1111,147.1804,32513771
AAPL,2022-02-24,149.8291,151.0804,145.8008,147.9576,10395195
AAPL,2022-02-25,144.054,144.0762,142.4703,143.693,12327086
AAPL,2022-02-28,147.9965,149.9731,143.5849,146.1884,28617683
AAPL,2022-03-01,148.3316,149.7678,144.6938,147.0599,10782938
AAPL,2022-03-02,142.8274,148.9143,141.866,146.324,5839488
AAPL,2022-03-03,148.7435,149.7759,146.0999,149.0493,7273305
AAPL,2022-03-04,152.4177,156.1265,152.1508,153.1188,8349925
AAPL,2022-03-07,155.2665,158.6468,154.8758,156.0911,56551071
AAPL,2022-03-08,156.4464,161.0661,154.4673,159.1081,16963256
AAPL,2022-03-09,154.8218,158.7981,153.4228,157.6317,15434304
AAPL,2022-03-10,155.678,158.9499,155.1175,155.7217,8370192
AAPL,2022-03-11,158.4794,160.8621,155.9844,157.1759,15556560
AAPL,2022-03-14,155.7175,159.1389,155.3373,156.7665,8811840
AAPL,2022-03-15,155.5755,156.2209,152.9964,154.8785,9770223
AAPL,2022-03-16,149.5851,151.3874,149.339,150.6842,20361011
AAPL,2022-03-17,147.462,148.5588,145.3593,148.3995,28777199
AAPL,2022-03-18,145.1169,145.3799,143.1427,143.7735,26628554
AAPL,2022-03-21,143.8757,144.2898,141.3099,143.5739,15066993
AAPL,2022-03-22,143.3516,147.2618,142.5251,144.8661,78156558
AAPL,2022-03-23,148.8495,149.5183,144.7863,146.9124,37937300
AAPL,2022-03-24,145.7769,152.7233,145.2684,149.6204,43182248
AAPL,2022-03-25,149.633,155.7538,148.286,151.1707,6723993
AAPL,2022-03-28,152.3518,153.6676,149.3141,150.5433,5842849
AAPL,2022-03-29,144.5908,150.7391,144.1453,148.0142,8379056
AAPL,2022-03-30,150.8461,152.9941,148.703,151.8856,18619763
AAPL,2022-03-31,151.7874,152.1824,147.4082,151.0806,7733903
AAPL,2022-04-01,150.974,155.7026,148.0252,151.4998,10198591
AAPL,2022-04-04,155.8371,157.3244,155.7793,157.0181,10834078
AAPL,2022-04-05,154.1446,158.9747,153.998,157.1222,6177847
AAPL,2022-04-06,158.9548,160.0048,157.1091,157.7711,20567082
AAPL,2022-04-07,154.3017,158.7639,153.0025,156.3455,12195394
AAPL,2022-04-08,152.9894,158.923,152.431,156.3207,6245776
AAPL,2022-04-11,162.6459,163.2161,162.5526,162.723,19931156
AAPL,2022-04-12,165.3322,170.3103,162.7596,167.3154,15331369
AAPL,2022-04-13,163.2142,168.4932,161.9748,164.7149,2342144
AAPL,2022-04-14,168.2861,168.7358,164.2501,166.1153,62256100
AAPL,2022-04-15,170.723,171.4374,165.7685,169.0999,4659333
AAPL,2022-04-18,169.054,170.6933,167.4231,167.9569,12290530
AAPL,2022-04-19,168.1184,171.3502,166.799,171.2286,20117858
AAPL,2022-04-20,168.9267,174.5599,167.8707,172.614,7261217
AAPL,2022-04-21,171.6436,173.2418,169.1307,171.9346,38303239
AAPL,2022-04-22,170.3319,173.5556,165.829,170.6216,40913525
AAPL,2022-04-25,179.5135,181.7381,177.8932,178.0742,5989355
AAPL,2022-04-26,180.0622,180.3361,178.8415,179.9993,72117357
AAPL,2022-04-27,180.1903,182.9553,177.4957,177.8449,47745433
AAPL,2022-04-28,181.0784,182.6486,174.4923,179.2055,5563818
AAPL,2022-04-29,180.5972,181.0566,174.5522,178.7136,18860491
AAPL,2022-05-02,177.6714,182.0344,177.1647,181.2951,8096804
AAPL,2022-05-03,180.3445,181.3663,176.6888,179.3873,14830860
AAPL,2022-05-04,185.0806,186.2715,180.8133,180.9635,9791400
AAPL,2022-05-05,178.5681,184.564,178.4576,182.3846,41162306
AAPL,2022-05-06,180.988,181.8374,178.9934,179.7022,16006155
AAPL,2022-05-09,178.7569,179.1547,175.0302,178.4914,12975209
AAPL,2022-05-10,176.3432,182.1989,175.75,177.0784,26389660
AAPL,2022-05-11,180.2597,184.3645,175.5137,180.0955,15434457
AAPL,2022-05-12,184.0945,190.2729,183.7218,185.1795,22038559
AAPL,2022-05-13,188.5349,189.9417,186.4033,188.266,19767763
AAPL,2022-05-16,196.3602,197.4792,194.2113,196.6757,2425318
AAPL,2022-05-17,199.8377,201.921,194.8527,196.1244,11234095
AAPL,2022-05-18,198.5244,204.2114,196.0555,198.8333,3035198
AAPL,2022-05-19,200.9611,201.6978,194.8143,196.3244,31066497
AAPL,2022-05-20,193.8525,195.4833,192.7154,194.8427,36284748
AAPL,2022-05-23,197.8854,198.8668,192.6779,198.3767,11048543
AAPL,2022-05-24,198.1486,199.2954,195.1264,195.8837,13393069
AAPL,2022-05-25,196.6808,197.665,193.4911,196.2121,11874306
AAPL,2022-05-26,199.3197,202.1465,195.2814,196.9582,13960500
AAPL,2022-05-27,191.5152,194.9676,189.3636,194.6016,104976758
AAPL,2022-05-30,197.927,200.5112,196.3477,197.7456,16075799
AAPL,2022-05-31,198.8903,199.9015,195.6351,195.8282,6371181
AAPL,2022-06-01,205.9268,207.1211,200.1709,202.3133,7461445
AAPL,2022-06-02,202.982,203.4076,201.8557,202.0297,55636173
AAPL,2022-06-03,199.8423,202.4794,191.8289,197.6083,4834799
AAPL,2022-06-06,196.69,205.1149,193.2919,199.1407,5664372
AAPL,2022-06-07,204.2107,205.9005,198.5851,203.188,13844369
AAPL,2022-06-08,198.6899,205.7942,196.4682,202.8089,111344403
AAPL,2022-06-09,209.5295,209.5369,203.3539,205.1268,10264333
AAPL,2022-06-10,206.4594,209.3251,205.3764,205.6264,7541936
AAPL,2022-06-13,200.5955,209.7015,200.4817,205.4751,26784493
AAPL,2022-06-14,203.3084,209.3238,198.5085,203.9534,44100570
AAPL,2022-06-15,203.8319,204.7554,202.2062,204.517,14821115
AAPL,2022-06-16,204.8296,205.2604,201.0756,201.5806,11011610
AAPL,2022-06-17,196.1801,197.0921,192.8156,194.3953,7810133
AAPL,2022-06-20,195.3863,195.703,193.2432,194.3111,37257612
AAPL,2022-06-21,194.6693,197.1874,192.0827,193.2039,9033431
AAPL,2022-06-22,193.9738,194.2007,189.5032,190.8737,18926385
AAPL,2022-06-23,198.6383,199.4525,194.046,199.3513,13128012
AAPL,2022-06-24,198.9745,200.0349,197.8843,198.5671,13785939
AAPL,2022-06-27,200.1053,200.9374,196.0675,199.6543,18068216
AAPL,2022-06-28,197.6132,201.9569,197.5032,199.2801,11079000
AAPL,2022-06-29,195.889,203.1577,191.533,197.1041,9149213
AAPL,2022-06-30,198.0904,199.8719,197.3596,199.6759,11570026
AAPL,2022-07-01,201.5841,202.9746,200.9502,202.2977,34829225
AAPL,2022-07-04,205.7143,206.2841,196.7962,201.3162,4046635
AAPL,2022-07-05,201.3465,202.5441,197.4993,198.4373,30389557
AAPL,2022-07-06,194.6884,199.8696,187.9478,194.0116,2937151
AAPL,2022-07-07,196.0979,203.0916,195.133,198.5028,14425263
AAPL,2022-07-08,202.7184,206.5967,198.5112,202.7203,5445383
AAPL,2022-07-11,199.3103,205.6586,196.2021,201.9987,23701132
AAPL,2022-07-12,206.2011,206.2983,202.778,204.8088,1794402
AAPL,2022-07-13,201.7924,209.8681,201.0931,203.7234,6496700
AAPL,2022-07-14,200.8283,204.987,199.5836,202.6743,13016129
AAPL,2022-07-15,207.771,208.6343,197.0131,203.3326,8342835
AAPL,2022-07-18,204.6256,208.0168,199.4197,203.6919,84457770
AAPL,2022-07-19,203.7446,205.4244,202.0306,204.6639,7266397
AAPL,2022-07-20,207.0321,212.8059,205.7654,207.0574,31018898
AAPL,2022-07-21,205.8122,208.0223,200.3647,205.3151,16810843
AAPL,2022-07-22,198.8958,209.5779,198.6339,203.9915,15705031
AAPL,2022-07-25,203.9532,208.0738,201.3396,204.7532,19192873
AAPL,2022-07-26,203.6243,207.8724,201.8605,203.4073,17819511
AAPL,2022-07-27,197.2633,202.5892,196.62,200.4637,52500527
AAPL,2022-07-28,205.1396,206.1942,194.3876,200.383,10762921
AAPL,2022-07-29,197.4992,199.7199,192.3147,197.0163,5593638
AAPL,2022-08-01,195.9997,200.2831,191.5526,196.6318,4088927
AAPL,2022-08-02,196.3707,200.6665,192.8056,196.9869,15898506
AAPL,2022-08-03,199.3526,200.7586,194.5647,196.2915,22996261
AAPL,2022-08-04,195.4579,197.1239,193.6152,196.8245,37022801
AAPL,2022-08-05,190.7113,191.6833,187.6783,189.9765,13325081
AAPL,2022-08-08,193.6719,196.6285,185.6379,190.9448,13695425
AAPL,2022-08-09,189.48,194.1159,187.0128,188.8831,19251530
AAPL,2022-08-10,189.6349,193.1704,188.9142,190.2543,25870674
AAPL,2022-08-11,192.9074,196.2265,191.9066,192.5502,11627429
AAPL,2022-08-12,190.4379,195.7822,189.3522,192.4355,20864875
AAPL,2022-08-15,190.2958,197.2441,188.6112,191.8618,12838347
AAPL,2022-08-16,188.4361,188.6355,184.8099,186.4652,16331803
AAPL,2022-08-17,184.2128,184.4881,181.131,183.7578,21567506
AAPL,2022-08-18,180.2695,183.2084,177.4089,182.5189,2535178
AAPL,2022-08-19,185.42,185.5932,180.1046,183.9797,18352301
AAPL,2022-08-22,185.5303,186.9941,185.2583,185.6931,4210792
AAPL,2022-08-23,180.8876,188.4483,180.2826,184.1815,31201413
AAPL,2022-08-24,181.9755,182.2101,181.4145,181.9903,3072446
AAPL,2022-08-25,180.48,183.4435,175.518,180.2741,13668867
AAPL,2022-08-26,185.034,185.6516,180.8224,184.2246,10295234
AAPL,2022-08-29,182.9253,187.4399,181.8862,184.7049,24611516
AAPL,2022-08-30,184.9323,186.9525,182.7758,183.2879,14779439
AAPL,2022-08-31,183.5067,185.5804,180.2465,183.0759,8472640
AAPL,2022-09-01,184.1946,186.9622,179.4613,182.9968,11780722
AAPL,2022-09-02,185.3922,186.4394,177.8636,183.3756,30628207
AAPL,2022-09-05,188.1141,190.6339,183.823,186.7058,3708791
AAPL,2022-09-06,185.4455,185.5559,182.5775,183.8452,8221241
AAPL,2022-09-07,186.557,190.4184,185.2877,187.9347,6447226
AAPL,2022-09-08,185.8465,192.0408,182.5464,186.4254,18375012
AAPL,2022-09-09,189.1032,190.4703,180.4172,185.321,18816030
AAPL,2022-09-12,180.7257,182.0607,180.3598,181.8948,7106520
AAPL,2022-09-13,185.3565,187.0222,181.8971,183.7678,7566278
AAPL,2022-09-14,178.2118,181.8773,178.0,179.4737,31658495
AAPL,2022-09-15,179.0771,181.1843,177.3694,177.6247,15419588
AAPL,2022-09-16,175.199,181.7895,174.3818,178.7713,73071969
AAPL,2022-09-19,183.2772,183.4686,179.6184,182.7249,11784032
AAPL,2022-09-20,186.0038,190.2194,183.7068,185.6557,16245807
AAPL,2022-09-21,185.4684,186.1747,184.6543,185.8865,10981944
AAPL,2022-09-22,189.2788,194.0494,187.3284,191.6617,12716297
AAPL,2022-09-23,191.4368,195.858,189.9733,193.3406,28268912
AAPL,2022-09-26,200.1566,204.1699,196.1192,199.4267,16723887
AAPL,2022-09-27,200.8666,201.5792,199.6451,199.7977,11672249
AAPL,2022-09-28,198.2201,204.3337,194.507,199.6187,12066659
AAPL,2022-09-29,190.6123,200.478,189.7947,195.0914,34718332
AAPL,2022-09-30,193.7218,194.8841,190.3675,190.4884,14141990
AAPL,2022-10-03,182.3641,184.7798,180.8123,184.2253,9206942
AAPL,2022-10-04,189.9838,191.8137,184.6802,187.1868,3681063
AAPL,2022-10-05,184.19,186.8477,180.5765,186.2629,33918040
AAPL,2022-10-06,182.8385,185.4692,181.8228,184.1799,26519179
AAPL,2022-10-07,186.2257,186.2608,181.1272,183.3354,49492316
AAPL,2022-10-10,182.1952,186.8454,178.3554,182.4621,2087943
AAPL,2022-10-11,182.7825,186.4367,179.4523,182.0154,13464541
AAPL,2022-10-12,180.7872,184.8975,180.4121,184.064,22664201
AAPL,2022-10-13,179.6918,187.7715,178.9519,182.3603,11949875
AAPL,2022-10-14,179.1422,180.9722,173.3287,178.0372,35050917
AAPL,2022-10-17,182.4943,183.5841,177.006,181.2331,20534897
AAPL,2022-10-18,182.8649,189.1566,180.5597,185.6554,19346639
AAPL,2022-10-19,189.3744,189.61,183.7957,186.7355,39624682
AAPL,2022-10-20,188.4084,190.0009,183.8832,187.1537,35546757
AAPL,2022-10-21,186.4954,189.0761,186.119,186.5744,2437908
AAPL,2022-10-24,190.7615,191.0104,189.0995,190.2823,15916487
AAPL,2022-10-25,194.953,198.2304,191.3366,195.1862,43615354
AAPL,2022-10-26,199.6121,201.9802,199.2965,199.3546,51356127
AAPL,2022-10-27,205.207,210.2336,202.8155,204.5622,14159193
AAPL,2022-10-28,208.0622,209.0031,206.0159,207.9164,7578681
AAPL,2022-10-31,209.7482,213.1667,206.691,210.7029,2271816
AAPL,2022-11-01,215.7117,216.5498,204.9349,211.5734,29337868
AAPL,2022-11-02,213.2563,217.6445,212.2981,214.4438,43491497
AAPL,2022-11-03,200.722,204.3657,199.8152,204.3296,23363133
AAPL,2022-11-04,206.1646,208.0717,203.3691,207.4528,23981932
AAPL,2022-11-07,209.696,217.7774,209.5802,211.8823,23289349
AAPL,2022-11-08,216.6752,219.1042,210.1304,212.9893,27021757
AAPL,2022-11-09,211.9431,215.4766,205.6175,209.3168,40275380
AAPL,2022-11-10,209.6999,211.4422,209.3218,210.7586,40830113
AAPL,2022-11-11,208.0088,212.7569,205.0621,209.3133,12457571
AAPL,2022-11-14,205.0162,207.6662,197.5798,203.7844,7149359
AAPL,2022-11-15,199.0277,200.047,198.7201,198.7369,4564136
AAPL,2022-11-16,201.7563,204.2666,199.4808,200.3855,88800964
AAPL,2022-11-17,206.6028,207.9589,200.924,201.7946,14658037
AAPL,2022-11-18,195.5939,200.6441,193.9924,198.7501,22036951
AAPL,2022-11-21,197.9777,199.0278,192.5199,194.6969,34535540
AAPL,2022-11-22,193.846,198.0274,193.013,194.3221,19671416
AAPL,2022-11-23,191.712,193.6791,190.156,192.8114,9058678
AAPL,2022-11-24,190.7417,192.8895,186.7159,192.1617,8270544
AAPL,2022-11-25,193.6851,200.2158,190.2302,194.9631,62024298
AAPL,2022-11-28,187.8687,196.6302,185.8004,191.3488,24370303
AAPL,2022-11-29,187.981,192.4551,185.4534,186.6045,54982696
AAPL,2022-11-30,189.3875,190.0056,182.6636,188.06,39810952
AAPL,2022-12-01,187.3721,189.3216,183.8809,187.7074,14617487
AAPL,2022-12-02,178.9119,184.146,178.5942,180.1499,70875344
AAPL,2022-12-05,181.0601,183.6999,176.9734,179.6373,13428178
AAPL,2022-12-06,178.7319,182.2939,174.4551,178.0873,16843118
AAPL,2022-12-07,181.6252,183.8429,176.3088,180.361,23364057
AAPL,2022-12-08,178.7816,183.4343,178.1506,182.957,59361685
AAPL,2022-12-09,175.8717,180.643,174.0393,178.8726,22720967
AAPL,2022-12-12,183.6896,185.696,179.5791,181.4807,5762404
AAPL,2022-12-13,185.7108,187.5979,180.8066,186.6034,5351720
AAPL,2022-12-14,188.1898,190.2984,183.9526,186.3972,16202531
AAPL,2022-12-15,188.8745,192.8276,187.4372,188.3122,17847220
AAPL,2022-12-16,187.9186,192.4772,184.7606,188.8574,18135974
AAPL,2022-12-19,187.5279,190.7387,183.4321,185.2476,4616093
AAPL,2022-12-20,192.3695,192.7499,187.2949,187.8041,26808144
AAPL,2022-12-21,193.6384,194.7578,193.1176,193.6447,37551727
AAPL,2022-12-22,193.9792,194.3756,193.2808,193.3444,13056869
AAPL,2022-12-23,190.7331,193.091,185.7021,187.52,21943354
AAPL,2022-12-26,191.5725,197.8074,188.7649,193.2579,8335241
AAPL,2022-12-27,190.2757,193.2602,188.1674,191.5769,23036525
AAPL,2022-12-28,188.8458,194.1502,186.9884,192.9395,8460637
AAPL,2022-12-29,192.9863,193.9748,189.632,191.829,16693273
AAPL,2022-12-30,190.1929,190.4463,185.4115,186.4124,11791581
AAPL,2023-01-02,183.2318,188.3883,179.2803,185.0731,11553580
AAPL,2023-01-03,184.078,184.1923,180.5653,182.5326,5600821
AAPL,2023-01-04,176.2583,179.7239,175.3331,178.2142,9623588
AAPL,2023-01-05,180.9689,183.9577,175.8556,178.7668,26954578
AAPL,2023-01-06,175.901,177.5787,172.6688,175.7904,16840123
AAPL,2023-01-09,178.2372,178.4943,175.897,177.9081,9720444
AAPL,2023-01-10,175.964,181.6696,174.6507,179.7634,31437454
AAPL,2023-01-11,177.8028,181.9068,174.5911,178.827,21235450
AAPL,2023-01-12,175.8474,180.011,172.1019,176.1576,7145150
AAPL,2023-01-13,176.1886,179.7948,173.7729,176.4549,52772387
AAPL,2023-01-16,183.7338,184.2261,177.4922,182.8765,23185257
AAPL,2023-01-17,184.9403,186.9524,182.0077,185.3796,24851449
AAPL,2023-01-18,186.5841,188.1773,182.9081,186.4124,22162555
AAPL,2023-01-19,181.3931,182.7397,178.7389,179.528,10889377
AAPL,2023-01-20,176.0901,180.3863,175.3822,179.8742,11315887
AAPL,2023-01-23,175.9454,180.9735,174.6852,178.3857,28382258
AAPL,2023-01-24,177.3636,180.6867,174.7889,179.6423,26835942
AAPL,2023-01-25,175.15,182.6375,175.1128,179.4978,9278456
AAPL,2023-01-26,179.2205,183.4422,178.0814,180.3194,19957073
AAPL,2023-01-27,180.0075,180.3359,176.3822,177.7412,16761252
AAPL,2023-01-30,176.2088,181.1892,173.7877,176.0045,23083421
AAPL,2023-01-31,176.3016,180.0812,171.9684,175.2637,47347930
AAPL,2023-02-01,177.7121,178.3339,172.8991,173.0457,38926116
AAPL,2023-02-02,171.2936,176.0207,171.2861,174.0349,24818983
AAPL,2023-02-03,171.5076,172.3398,170.6755,171.9213,9152395
AAPL,2023-02-06,172.6225,174.7693,172.1517,174.2597,17648473
AAPL,2023-02-07,174.7758,179.5048,173.1055,175.7664,25665116
AAPL,2023-02-08,175.2171,179.7926,174.6721,177.5655,12732245
AAPL,2023-02-09,178.0493,182.7005,174.8903,178.5794,7333180
AAPL,2023-02-10,178.8843,180.0104,176.4206,179.2834,9399262
AAPL,2023-02-13,181.4572,187.4299,181.1128,183.5552,15946840
AAPL,2023-02-14,179.6606,180.1396,174.9212,179.4841,26643060
AAPL,2023-02-15,178.4193,178.6611,170.096,174.7422,14388506
AAPL,2023-02-16,177.686,178.5379,171.9693,176.1846,20260089
AAPL,2023-02-17,175.0293,181.8643,172.6548,176.5903,15333406
AAPL,2023-02-20,173.8641,177.6746,170.5553,172.924,13213676
AAPL,2023-02-21,179.8719,181.0211,178.1529,178.4344,21829592
AAPL,2023-02-22,172.4721,180.301,172.2834,176.5475,27145978
AAPL,2023-02-23,175.3618,178.7328,173.9329,176.4154,28420178
AAPL,2023-02-24,177.6854,181.958,174.8817,177.8578,15972833
AAPL,2023-02-27,179.4914,180.2669,178.736,179.554,35418522
AAPL,2023-02-28,183.8427,184.3426,178.1881,181.721,9251785
AAPL,2023-03-01,184.3627,192.2307,184.0294,187.3881,5090734
AAPL,2023-03-02,189.2502,190.7237,182.8659,187.1321,17861425
AAPL,2023-03-03,192.1561,194.4688,188.1022,190.1249,25886659
AAPL,2023-03-06,188.8336,190.3784,184.8298,189.2818,31540530
AAPL,2023-03-07,192.4835,194.7942,183.5967,189.3529,10587443
AAPL,2023-03-08,183.077,184.4344,177.8539,180.9264,4778640
AAPL,2023-03-09,183.7125,184.0021,179.5132,180.7383,11550335
AAPL,2023-03-10,177.5174,181.2395,177.339,180.1855,49016769
AAPL,2023-03-13,179.1779,180.4731,178.8395,178.868,19792208
AAPL,2023-03-14,180.4952,181.3709,177.1956,179.8147,4652917
AAPL,2023-03-15,176.2541,180.3573,175.0897,179.0891,11171947
AAPL,2023-03-16,175.7005,179.1314,173.2082,175.7583,6377617
AAPL,2023-03-17,171.9332,175.6334,170.0018,173.0412,8345857
AAPL,2023-03-20,169.1234,171.8388,166.4191,171.0213,56383560
AAPL,2023-03-21,170.1778,171.6145,167.3801,169.5317,13279625
AAPL,2023-03-22,164.0905,171.2585,163.4409,168.6737,12733602
AAPL,2023-03-23,167.2865,170.3618,164.7551,168.7459,5485237
AAPL,2023-03-24,167.6598,170.4331,164.0593,167.3499,16107500
AAPL,2023-03-27,166.1448,167.5105,162.1746,163.6377,29212250
AAPL,2023-03-28,168.8324,169.0779,164.2809,166.2627,13932268
AAPL,2023-03-29,168.1692,169.3817,167.6755,168.2619,25710602
AAPL,2023-03-30,171.9371,176.7056,166.1072,171.3916,5258231
AAPL,2023-03-31,173.7578,175.2103,168.8815,170.3781,22962213
AAPL,2023-04-03,168.8955,171.4334,164.457,167.8032,6181196
AAPL,2023-04-04,165.0605,165.854,162.5909,164.6864,14442916
AAPL,2023-04-05,161.0941,164.2768,158.9719,163.4686,86158741
AAPL,2023-04-06,170.1622,172.5471,165.0155,168.4981,15120636
AAPL,2023-04-07,170.081,173.7453,169.2277,171.487,26977065
AAPL,2023-04-10,171.2448,176.838,170.7551,173.506,16247284
AAPL,2023-04-11,168.3895,171.2315,167.8219,171.1084,10304126
AAPL,2023-04-12,171.3478,173.4081,168.2401,168.3606,6188778
AAPL,2023-04-13,171.5263,171.852,168.0998,169.1281,6785243
AAPL,2023-04-14,165.3515,166.4146,162.7132,165.1696,20505203
AAPL,2023-04-17,165.839,166.05,165.5505,165.7117,21982010
AAPL,2023-04-18,161.4183,164.2982,160.7995,162.034,19931478
AAPL,2023-04-19,161.5976,162.6467,154.4448,158.6312,19290203
AAPL,2023-04-20,162.9609,163.9662,159.9674,160.3201,10587344
AAPL,2023-04-21,158.9168,161.9712,157.0021,159.3622,6964975
AAPL,2023-04-24,163.2043,165.249,158.0546,160.7757,2047265
AAPL,2023-04-25,157.546,158.516,152.8847,155.0259,3271534
AAPL,2023-04-26,156.0105,163.4958,155.6994,159.3388,25048249
AAPL,2023-04-27,156.8327,157.9415,152.7254,154.8719,43238983
AAPL,2023-04-28,161.1803,162.5745,155.8841,158.7839,37489838
AAPL,2023-05-01,158.7326,161.7493,157.7638,158.4723,6902856
AAPL,2023-05-02,155.5363,158.2727,153.2218,156.6444,15688779
AAPL,2023-05-03,157.7405,159.4163,154.0245,155.7039,4020942
AAPL,2023-05-04,153.2636,155.7658,153.1708,154.5106,31492225
AAPL,2023-05-05,154.6889,156.6384,152.1717,156.5106,30978456
AAPL,2023-05-08,155.2721,159.6606,153.3485,156.1402,7519063
AAPL,2023-05-09,152.0635,156.1568,151.4597,155.4009,4571933
AAPL,2023-05-10,152.6497,152.9955,150.6761,151.7656,5444128
AAPL,2023-05-11,149.8772,150.7547,148.969,150.6975,11681994
AAPL,2023-05-12,154.8874,155.0703,148.4443,152.7751,7257800
AAPL,2023-05-15,150.2622,153.291,148.4217,150.9092,6349680
AAPL,2023-05-16,154.9544,158.343,151.776,154.116,8726809
AAPL,2023-05-17,150.8236,151.9209,150.5381,151.6117,33090858
AAPL,2023-05-18,153.8775,157.1745,153.0689,153.6477,35565613
AAPL,2023-05-19,152.8859,153.6695,150.5814,150.6393,14766827
AAPL,2023-05-22,151.8056,156.8178,148.9425,152.5037,4079609
AAPL,2023-05-23,155.3965,160.6189,153.4505,155.9427,18439447
AAPL,2023-05-24,162.8285,163.4599,160.3353,160.7375,10123720
AAPL,2023-05-25,154.9415,159.1785,153.9944,157.9611,20181775
AAPL,2023-05-26,159.8429,163.8284,158.9832,162.6586,7920395
AAPL,2023-05-29,164.8054,166.2179,160.9211,164.7778,13507391
AAPL,2023-05-30,168.7319,170.5772,168.2481,169.868,6183955
AAPL,2023-05-31,172.3472,172.7123,169.6278,170.1544,56734859
AAPL,2023-06-01,173.5317,175.2261,172.1901,174.8239,22882955
AAPL,2023-06-02,172.3717,176.9203,170.4227,173.6959,15479859
AAPL,2023-06-05,176.7285,181.7701,172.7246,176.7324,15419250
AAPL,2023-06-06,177.9776,178.0369,170.3925,174.5463,6368985
AAPL,2023-06-07,172.7911,176.1215,171.1609,174.6323,33198760
AAPL,2023-06-08,173.7221,176.0341,171.0919,172.5276,15690059
AAPL,2023-06-09,167.7553,173.1404,167.0797,170.4398,40305755
AAPL,2023-06-12,168.2879,170.6598,165.8236,170.6248,8824716
AAPL,2023-06-13,166.1985,173.1095,165.4767,169.0602,14846690
AAPL,2023-06-14,167.9074,174.4545,166.3356,170.7597,8381899
AAPL,2023-06-15,173.2878,174.0648,170.7385,172.3967,21140476
AAPL,2023-06-16,171.4371,173.4185,167.3798,168.4959,18141040
AAPL,2023-06-19,167.4018,169.9302,166.9275,167.8356,23374237
AAPL,2023-06-20,167.3341,169.4389,164.2388,166.7268,7994318
AAPL,2023-06-21,164.2212,164.3871,161.8601,163.2114,27850765
AAPL,2023-06-22,165.2513,166.1657,160.8112,164.5783,7540412
AAPL,2023-06-23,159.9064,166.7087,159.8676,163.8026,27493139
AAPL,2023-06-26,162.1389,166.8448,161.3733,164.7239,13264959
AAPL,2023-06-27,165.2729,167.0422,161.8067,162.8438,17389478
AAPL,2023-06-28,161.4651,162.8937,160.5806,162.7723,66411899
AAPL,2023-06-29,159.0266,162.9944,155.9078,159.0006,9176200
AAPL,2023-06-30,159.5038,159.7625,155.3402,158.9593,19996740
AAPL,2023-07-03,153.4771,158.5892,150.2079,153.9972,4940027
AAPL,2023-07-04,156.521,159.0655,152.9176,157.8236,10707334
AAPL,2023-07-05,157.9582,160.4317,156.0295,158.7185,16175380
AAPL,2023-07-06,162.5038,162.6124,157.854,158.2227,35431157
AAPL,2023-07-07,159.063,162.162,154.8859,157.8177,3325379
AAPL,2023-07-10,155.6232,157.0761,152.7942,155.4707,10580430
AAPL,2023-07-11,153.7753,154.686,150.7279,151.3977,8760379
AAPL,2023-07-12,152.3932,157.651,149.4198,154.0647,5955766
AAPL,2023-07-13,153.7705,155.7884,153.1756,154.7414,3939686
AAPL,2023-07-14,156.1391,158.5017,152.5412,153.7959,21985134
AAPL,2023-07-17,157.2433,158.2567,153.031,155.1189,12230679
AAPL,2023-07-18,153.655,156.8997,151.7209,156.6023,3464971
AAPL,2023-07-19,148.1387,153.9437,145.3173,149.4265,5082347
AAPL,2023-07-20,147.5043,149.2279,147.3634,147.6755,12516588
AAPL,2023-07-21,150.1944,150.8175,149.5368,150.2858,25637417
AAPL,2023-07-24,150.1457,154.4857,149.1218,152.2395,6327088
AAPL,2023-07-25,158.9535,159.6497,153.3578,155.6409,25095216
AAPL,2023-07-26,157.719,158.7958,156.2608,157.1601,14413591
AAPL,2023-07-27,155.8479,156.7487,148.6047,153.181,21792105
AAPL,2023-07-28,149.8312,154.6316,149.7899,151.6525,21579110
AAPL,2023-07-31,153.637,155.229,148.3734,151.1556,22086270
AAPL,2023-08-01,148.4755,148.8308,144.0706,147.8976,11579428
AAPL,2023-08-02,150.5596,153.6596,150.0199,150.9175,6663762
AAPL,2023-08-03,146.4208,153.1558,146.1442,150.6251,20672969
AAPL,2023-08-04,152.2746,152.597,148.0897,152.2648,24922298
AAPL,2023-08-07,148.0453,152.2698,146.7621,151.4907,9341294
AAPL,2023-08-08,155.1203,155.3664,150.9418,155.2329,7542181
AAPL,2023-08-09,159.1251,159.7798,155.2895,159.6519,57035844
AAPL,2023-08-10,161.439,162.1742,158.9638,159.9646,18729361
AAPL,2023-08-11,160.715,163.8315,156.441,158.9782,11737894
AAPL,2023-08-14,157.1653,158.6463,152.936,157.6057,13945163
AAPL,2023-08-15,151.9295,154.6639,151.6564,152.6678,112377261
AAPL,2023-08-16,145.6989,152.4582,145.588,150.0538,14081996
AAPL,2023-08-17,149.6857,152.8589,147.8978,148.3655,25945496
AAPL,2023-08-18,146.8167,152.5629,145.1065,148.1489,19256937
AAPL,2023-08-21,143.2921,150.9873,143.1682,147.2303,4848465
AAPL,2023-08-22,154.6174,155.3017,150.8172,151.033,10980954
AAPL,2023-08-23,152.0842,153.7486,150.6093,151.2774,16159643
AAPL,2023-08-24,152.2795,155.547,150.9248,154.5258,19025923
AAPL,2023-08-25,151.9487,153.3112,150.4809,151.3132,5374865
AAPL,2023-08-28,156.8234,157.1996,152.1869,153.9571,47957882
AAPL,2023-08-29,153.3377,155.1878,152.2362,154.1966,12088888
AAPL,2023-08-30,156.0331,156.2926,156.0255,156.1525,5741923
AAPL,2023-08-31,151.8376,153.0576,150.4085,152.3649,18629297
AAPL,2023-09-01,152.7399,153.5857,152.2872,152.769,4085450
AAPL,2023-09-04,150.9443,153.621,148.6232,153.3007,33351338
AAPL,2023-09-05,149.9281,151.0886,144.9993,149.0214,34959466
AAPL,2023-09-06,152.3733,156.1176,150.5879,151.8162,14711283
AAPL,2023-09-07,147.5081,149.2946,145.7723,146.2163,8897242
AAPL,2023-09-08,147.7898,148.3699,145.3882,147.7842,5903728
AAPL,2023-09-11,148.5924,153.5457,146.6441,150.0337,36636020
AAPL,2023-09-12,146.7583,149.9705,145.3743,148.7957,9809535
AAPL,2023-09-13,150.9494,151.0133,145.8409,148.2546,6177267
AAPL,2023-09-14,146.5596,149.3564,146.0844,147.8294,80645204
AAPL,2023-09-15,148.3695,151.0172,143.8248,147.5415,3095088
AAPL,2023-09-18,148.9932,149.496,146.4417,149.4286,1714087
AAPL,2023-09-19,149.4344,149.7649,147.4426,149.7097,32670870
AAPL,2023-09-20,156.2249,156.2729,149.6989,151.6363,65177588
AAPL,2023-09-21,150.1119,152.04,146.4437,149.9624,17559206
AAPL,2023-09-22,148.9544,152.5872,147.0747,147.9429,13715145
AAPL,2023-09-25,152.639,153.0167,150.3901,150.8486,5438071
AAPL,2023-09-26,149.2207,154.826,149.0745,151.1044,7860562
AAPL,2023-09-27,147.2871,154.7992,146.26,150.1866,13311354
AAPL,2023-09-28,149.9554,151.6442,147.8636,150.0018,9778030
AAPL,2023-09-29,159.681,160.7013,155.0322,155.9291,6767722
AAPL,2023-10-02,158.0493,158.9678,154.8689,158.2614,7803487
AAPL,2023-10-03,159.452,162.3221,155.7561,159.6787,51322602
AAPL,2023-10-04,160.0459,161.6915,156.3191,159.0211,13972870
AAPL,2023-10-05,159.9014,161.4516,157.2056,160.6483,14525594
AAPL,2023-10-06,162.7965,166.6525,158.2548,161.9066,9398560
AAPL,2023-10-09,165.618,165.6582,164.3563,164.6099,11596555
AAPL,2023-10-10,162.7833,165.312,160.4813,162.6393,23296813
AAPL,2023-10-11,161.935,162.4893,160.5887,160.9683,46308873
AAPL,2023-10-12,157.6742,163.9257,157.2266,160.2242,9096576
AAPL,2023-10-13,162.7156,162.806,159.5671,160.3766,9438808
AAPL,2023-10-16,167.9327,169.6212,166.7149,167.5564,10569998
AAPL,2023-10-17,167.6796,167.8332,164.8178,166.001,10547426
AAPL,2023-10-18,169.3695,171.6416,164.7077,167.8046,27396863
AAPL,2023-10-19,168.6184,169.7795,166.583,168.3191,22442726
AAPL,2023-10-20,163.7969,169.2726,162.1411,165.2561,12916509
AAPL,2023-10-23,158.7504,163.6898,157.8535,160.946,25709085
AAPL,2023-10-24,167.4923,167.909,159.6595,164.1856,5861376
AAPL,2023-10-25,167.8018,170.5004,165.7997,169.1395,21608477
AAPL,2023-10-26,170.8162,175.991,168.6911,171.3207,43870834
AAPL,2023-10-27,172.9893,174.2133,165.1408,170.2884,13946315
AAPL,2023-10-30,169.6978,173.3473,166.9167,170.6886,69433400
AAPL,2023-10-31,173.8299,176.1668,167.4326,171.9958,16708744
AAPL,2023-11-01,173.0412,177.159,171.6594,175.343,7689756
AAPL,2023-11-02,176.3789,179.1185,172.5046,175.1838,16209960
AAPL,2023-11-03,176.0849,177.3002,170.3053,175.8284,33918747
AAPL,2023-11-06,174.4561,175.2802,168.9218,172.2122,15922831
AAPL,2023-11-07,170.6871,172.5177,167.3947,171.9339,11948794
AAPL,2023-11-08,175.5477,178.306,171.7367,173.0372,18027514
AAPL,2023-11-09,168.6525,176.6395,168.3209,172.2171,5110331
AAPL,2023-11-10,166.2063,173.0555,165.9411,170.58,7364330
AAPL,2023-11-13,170.1719,170.74,164.5596,166.8285,34626781
AAPL,2023-11-14,167.0365,170.6146,165.5588,167.2922,24002931
AAPL,2023-11-15,164.7236,169.2665,162.1839,166.8665,16202228
AAPL,2023-11-16,169.6232,171.0278,164.5336,165.9798,7417611
AAPL,2023-11-17,161.4609,167.5562,160.2948,164.2717,44297940
AAPL,2023-11-20,161.1671,162.8898,155.9061,159.6303,8256461
AAPL,2023-11-21,160.6324,162.5559,159.5884,160.0364,9044504
AAPL,2023-11-22,156.1452,160.513,154.2209,155.7739,10383587
AAPL,2023-11-23,156.9734,158.8035,153.7273,156.7981,12251176
AAPL,2023-11-24,156.8066,161.2037,154.5716,156.9716,8561686
AAPL,2023-11-27,154.1285,155.7024,154.103,154.9254,19555992
AAPL,2023-11-28,154.3261,158.2926,152.6567,155.8088,27815453
AAPL,2023-11-29,154.4364,157.4999,154.1209,154.4904,12187117
AAPL,2023-11-30,150.2622,156.5131,149.1955,153.3107,2613488
AAPL,2023-12-01,152.4591,152.8442,150.3595,152.2064,27530553
AAPL,2023-12-04,155.509,155.7066,148.9521,151.8867,2870479
AAPL,2023-12-05,150.8462,155.161,150.0547,151.226,24412189
AAPL,2023-12-06,149.5167,152.9523,148.5535,151.8785,14526646
AAPL,2023-12-07,154.4879,157.748,153.112,153.8163,7968608
AAPL,2023-12-08,159.0286,161.0733,156.4647,158.6583,10339865
AAPL,2023-12-11,159.2093,161.3467,157.7867,160.4067,14572617
AAPL,2023-12-12,156.9879,157.6344,154.4529,155.7356,6663726
AAPL,2023-12-13,154.761,155.0466,151.2122,152.9685,43386983
AAPL,2023-12-14,151.2079,153.7317,150.0112,153.3596,39542512
AAPL,2023-12-15,153.0507,159.1219,152.4014,155.2322,4871887
AAPL,2023-12-18,159.5819,165.2503,158.9182,161.6439,4621971
AAPL,2023-12-19,164.2567,164.3832,159.0033,162.5992,8793916
AAPL,2023-12-20,161.8105,164.8841,159.1898,163.4981,8764140
AAPL,2023-12-21,155.5381,160.7788,155.4196,160.452,22012193
AAPL,2023-12-22,159.5606,161.5554,154.7632,157.122,21188076
AAPL,2023-12-25,159.5459,164.1673,157.9888,159.3747,19617699
AAPL,2023-12-26,161.7453,162.9664,157.7844,159.955,13065465
AAPL,2023-12-27,163.6382,165.1372,160.1867,161.7653,26623818
AAPL,2023-12-28,161.3717,165.3053,158.6704,161.2502,25344854
AAPL,2023-12-29,164.8682,165.0836,157.6829,162.0874,1577664
AAPL,2024-01-01,162.7421,169.3697,162.2355,166.2928,22703596
AAPL,2024-01-02,169.7369,169.7752,167.8821,168.9175,20211786
AAPL,2024-01-03,174.3808,174.711,170.0719,170.23,1341844
AAPL,2024-01-04,169.7296,170.5267,167.8613,170.0224,7189176
AAPL,2024-01-05,169.5609,170.2534,165.7192,168.233,3879964
AAPL,2024-01-08,167.806,170.2299,166.9893,169.284,27520816
AAPL,2024-01-09,171.1832,172.2326,169.2579,171.1512,20489973
AAPL,2024-01-10,174.1448,174.3773,172.4508,173.8624,22523884
AAPL,2024-01-11,176.7277,181.0649,176.7202,177.2534,21450072
AAPL,2024-01-12,178.9368,179.6458,176.0999,177.8152,14477749
AAPL,2024-01-15,175.3777,175.8635,174.5272,175.48,10620940
AAPL,2024-01-16,175.6569,177.5003,171.6817,172.2077,14815602
AAPL,2024-01-17,174.2585,174.7793,171.3981,173.8107,27776500
AAPL,2024-01-18,176.2351,178.8493,171.9318,174.3765,5706739
AAPL,2024-01-19,184.0137,184.3541,179.1767,179.8581,7554787
AAPL,2024-01-22,179.0733,185.1241,177.8569,181.2253,12589059
AAPL,2024-01-23,180.8303,183.763,179.3369,182.8687,19922118
AAPL,2024-01-24,183.1607,183.6707,174.5616,178.9817,20368992
AAPL,2024-01-25,179.8935,179.9799,177.7996,178.5949,11332572
AAPL,2024-01-26,174.0067,174.0164,173.4678,173.7887,15909827
AAPL,2024-01-29,169.18,172.2534,164.7365,168.7473,17700034
AAPL,2024-01-30,169.3718,173.0276,164.662,169.5311,11012145
AAPL,2024-01-31,167.3722,172.7093,165.2702,168.6876,5791542
AAPL,2024-02-01,170.4239,173.3875,168.413,171.8022,40699961
AAPL,2024-02-02,170.0646,172.3055,167.9618,169.6802,28016915
AAPL,2024-02-05,169.7661,171.5546,165.8939,167.4082,26795374
AAPL,2024-02-06,173.126,173.2883,171.7839,172.2678,24452551
AAPL,2024-02-07,170.7598,173.2765,170.633,172.3355,5172683
AAPL,2024-02-08,179.8225,181.7484,177.5819,179.5714,21101928
AAPL,2024-02-09,183.2913,184.104,178.7142,181.6224,4942961
AAPL,2024-02-12,176.9375,177.724,176.275,177.474,13709072
AAPL,2024-02-13,177.2392,180.1723,174.3611,178.3727,24658750
AAPL,2024-02-14,175.0482,175.2827,172.9302,175.0334,9097150
AAPL,2024-02-15,181.1598,181.8982,173.1859,176.8602,22802933
AAPL,2024-02-16,178.0157,178.2984,174.8683,176.1353,22669163
AAPL,2024-02-19,173.2494,178.2382,171.5131,174.939,19175438
AAPL,2024-02-20,176.5036,182.77,173.6917,178.7712,8305477
AAPL,2024-02-21,180.4699,188.0068,180.392,182.7473,9560778
AAPL,2024-02-22,187.6888,189.0103,183.0246,184.1235,7298792
AAPL,2024-02-23,187.2642,188.2565,183.9953,184.2378,16449710
AAPL,2024-02-26,186.9473,187.8655,186.7738,187.4491,35535737
AAPL,2024-02-27,189.9493,191.0324,186.8651,187.8554,10996599
AAPL,2024-02-28,192.5177,196.7578,190.8156,192.5429,10311535
AAPL,2024-02-29,197.9759,198.7845,191.7167,194.1314,8966715
AAPL,2024-03-01,196.7436,199.8368,193.4164,194.6474,20277578
AAPL,2024-03-04,198.3467,198.9176,197.9846,198.222,17950389
AAPL,2024-03-05,200.9654,202.9856,199.7743,202.5556,27155481
AAPL,2024-03-06,202.8109,207.3433,198.2125,202.4392,6188099
AAPL,2024-03-07,207.8199,212.785,207.7483,208.0351,11777701
AAPL,2024-03-08,212.0788,213.6098,210.7639,211.9357,53645070
AAPL,2024-03-11,211.1556,215.5568,206.6548,213.0071,12508332
AAPL,2024-03-12,209.2037,216.1446,209.0235,213.8819,44467669
AAPL,2024-03-13,207.1197,212.0097,206.1806,208.0667,25708877
AAPL,2024-03-14,205.6528,206.2033,205.061,205.4825,11946555
AAPL,2024-03-15,208.9552,215.6323,208.6883,210.8242,16850040
AAPL,2024-03-18,215.0961,215.1555,215.0924,215.1155,7241549
AAPL,2024-03-19,207.2421,217.671,206.8617,211.9498,28689774
AAPL,2024-03-20,213.2287,216.94,208.279,211.4521,14003369
AAPL,2024-03-21,203.8633,210.3349,201.8457,207.8034,32565240
AAPL,2024-03-22,206.3704,211.8208,201.3568,205.4775,15187239
AAPL,2024-03-25,209.1077,214.2747,207.0293,208.4993,8676835
AAPL,2024-03-26,206.63,210.1756,205.9531,207.6352,1905147
AAPL,2024-03-27,208.1965,209.5164,207.2779,207.5561,6269058
AAPL,2024-03-28,216.227,219.0068,211.5641,212.4006,5018809
AAPL,2024-03-29,214.4245,219.3736,210.3372,213.4334,32221143
AAPL,2024-04-01,213.5553,219.5044,212.6418,217.1936,11260455
AAPL,2024-04-02,219.1978,219.6485,210.9809,214.8269,13092914
AAPL,2024-04-03,215.8881,216.6554,211.0772,214.2035,3652772
AAPL,2024-04-04,214.7713,217.284,212.541,215.2037,6931263
AAPL,2024-04-05,216.2129,217.8249,205.4146,211.79,11601066
AAPL,2024-04-08,209.515,212.2792,204.1576,210.0452,19382335
AAPL,2024-04-09,214.6415,219.8009,213.2992,213.4595,10560413
AAPL,2024-04-10,215.7229,218.284,207.1856,211.7245,11968809
AAPL,2024-04-11,210.1189,214.4029,208.1353,209.1279,6506955
AAPL,2024-04-12,211.2333,214.4441,206.2038,209.4139,54285038
AAPL,2024-04-15,210.0879,214.0479,209.6622,209.8956,5496353
AAPL,2024-04-16,208.8363,216.7747,204.8996,210.6689,15658646
AAPL,2024-04-17,219.5301,219.8469,212.3126,217.4044,39517006
AAPL,2024-04-18,220.7512,221.3641,214.945,217.1024,19318127
AAPL,2024-04-19,214.8743,215.5128,212.2828,214.3299,18614459
AAPL,2024-04-22,219.1926,219.3664,217.43,218.2442,58905384
AAPL,2024-04-23,212.491,218.9485,209.9644,214.6971,25451684
AAPL,2024-04-24,216.4435,217.0986,209.8845,216.3262,8933478
AAPL,2024-04-25,218.4446,223.2882,214.0291,217.2646,16682813
AAPL,2024-04-26,219.4983,224.6788,215.4124,217.8996,5093325
AAPL,2024-04-29,213.7056,214.8413,211.3813,214.707,10015193
AAPL,2024-04-30,211.201,213.7141,210.6596,213.1434,26854193
AAPL,2024-05-01,215.3367,215.7778,208.989,209.722,6288986
AAPL,2024-05-02,214.9488,216.2309,210.0439,211.996,12858276
AAPL,2024-05-03,215.6979,219.4456,209.5347,212.8516,7066526
AAPL,2024-05-06,204.831,206.7669,202.7883,204.4154,3869941
AAPL,2024-05-07,209.8623,211.7614,209.4819,211.6052,12052869
AAPL,2024-05-08,204.9551,210.4392,202.1611,208.7095,5377331
AAPL,2024-05-09,205.8764,211.6094,203.0152,207.3211,193769797
AAPL,2024-05-10,217.6127,220.3068,213.9878,214.0598,20130062
AAPL,2024-05-13,214.8745,216.6334,210.8609,213.4724,24273312
AAPL,2024-05-14,215.6267,215.6642,209.759,213.2011,31627168
AAPL,2024-05-15,207.2567,209.5797,206.4337,208.7098,25976806
AAPL,2024-05-16,209.1851,210.3414,206.8183,209.791,26944004
AAPL,2024-05-17,206.7201,218.2083,206.4496,212.4438,2777464
AAPL,2024-05-20,215.5224,218.2014,215.3363,216.5442,39019868
AAPL,2024-05-21,214.7289,215.0334,213.9338,214.4432,11331876
AAPL,2024-05-22,217.7029,220.4612,213.8504,214.3255,7073247
AAPL,2024-05-23,225.5202,227.7875,221.0206,223.3485,9324126
AAPL,2024-05-24,223.0186,223.5627,216.1542,222.5902,12277233
AAPL,2024-05-27,224.4295,225.598,221.8814,224.9491,47225716
AAPL,2024-05-28,223.4267,229.2575,222.0354,226.4974,50203069
AAPL,2024-05-29,227.9404,232.54,223.8745,228.968,4665649
AAPL,2024-05-30,230.141,234.7615,225.3781,228.5638,5056752
AAPL,2024-05-31,235.7727,239.3968,230.8608,237.428,41327333
AAPL,2024-06-03,242.942,244.0213,236.8917,238.3043,21469328
AAPL,2024-06-04,235.0323,241.5362,232.2883,238.5706,8246797
AAPL,2024-06-05,233.5341,235.8019,232.3409,234.192,26677323
AAPL,2024-06-06,232.5987,240.9483,229.3283,234.3742,16103532
AAPL,2024-06-07,229.1661,238.8887,228.5411,235.2292,18664069
AAPL,2024-06-10,234.0625,240.5266,228.8599,235.5263,6275529
AAPL,2024-06-11,242.964,243.6722,235.3912,241.2528,12343458
AAPL,2024-06-12,243.8531,247.0025,235.4598,239.7582,5211674
AAPL,2024-06-13,238.3094,244.5177,235.6456,238.4276,29019863
AAPL,2024-06-14,233.4653,239.412,232.2425,233.9232,15695294
AAPL,2024-06-17,237.3609,239.1595,230.3321,232.7096,6814738
AAPL,2024-06-18,234.4574,242.8679,232.9419,236.3998,11135710
AAPL,2024-06-19,240.4727,243.3453,229.7785,236.2781,6667286
AAPL,2024-06-20,229.9353,232.0548,228.3076,230.9681,43833911
AAPL,2024-06-21,229.1671,235.5091,227.4096,234.394,3006493
AAPL,2024-06-24,239.0079,240.7794,237.2553,238.7424,16078315
AAPL,2024-06-25,242.3105,249.3196,240.667,242.7904,51779485
AAPL,2024-06-26,237.7616,242.7367,233.0322,239.4551,8161338
AAPL,2024-06-27,236.3055,238.6376,230.7045,237.8434,7687619
AAPL,2024-06-28,234.3473,240.2576,232.7151,236.3951,11106402
AAPL,2024-07-01,227.144,231.9342,224.9857,227.4109,16511549
AAPL,2024-07-02,222.9466,228.1931,220.2306,223.9668,6951736
AAPL,2024-07-03,218.7314,221.2655,216.4521,220.3761,35071045
AAPL,2024-07-04,222.985,225.6021,217.2064,223.8667,15956831
AAPL,2024-07-05,229.3033,235.1445,223.9931,230.5417,5816982
AAPL,2024-07-08,234.7558,235.817,225.0043,230.0647,30005692
AAPL,2024-07-09,237.5154,240.7411,229.6902,236.4785,10849606
AAPL,2024-07-10,232.5853,233.2334,227.3119,231.4177,5780932
AAPL,2024-07-11,228.8362,231.4379,227.6026,228.6712,67009774
AAPL,2024-07-12,227.7255,231.2878,218.1996,224.9091,12448654
AAPL,2024-07-15,227.6916,229.6868,222.7612,228.2977,20266525
AAPL,2024-07-16,222.833,227.7449,222.818,224.3965,41772807
AAPL,2024-07-17,225.0347,225.4415,216.0532,221.5211,35148522
AAPL,2024-07-18,223.3431,224.7553,217.2942,218.6722,15661218
AAPL,2024-07-19,220.1148,226.026,219.7337,221.7989,78587607
AAPL,2024-07-22,225.4047,228.7341,223.3985,225.1589,7684949
AAPL,2024-07-23,222.8105,225.2967,221.7646,223.2004,3298345
AAPL,2024-07-24,230.1356,231.4098,225.7267,228.3784,18021479
AAPL,2024-07-25,233.0802,235.2741,231.3273,232.4768,14099091
AAPL,2024-07-26,230.7171,232.5746,227.8536,229.2819,82656742
AAPL,2024-07-29,228.4035,230.7195,228.2754,228.3973,41363025
AAPL,2024-07-30,223.3304,227.6742,220.7238,226.6622,32856738
AAPL,2024-07-31,231.5513,232.9618,229.3164,230.6093,16785758
AAPL,2024-08-01,225.9122,233.4678,225.6025,231.1092,4654375
AAPL,2024-08-02,229.9597,230.5877,221.9905,225.5184,13333802
AAPL,2024-08-05,222.2026,227.8916,221.6271,226.7249,19504851
AAPL,2024-08-06,222.5182,225.3155,222.309,224.741,26125665
AAPL,2024-08-07,224.2033,226.8006,218.2964,223.8649,17324547
AAPL,2024-08-08,223.4049,224.0141,221.4463,222.5613,13215602
AAPL,2024-08-09,219.7212,224.8256,219.5945,224.4261,9605164
AAPL,2024-08-12,223.6531,224.5294,220.9006,221.1944,5569664
AAPL,2024-08-13,228.7068,230.7327,227.4249,229.7365,7922372
AAPL,2024-08-14,225.5476,231.1441,225.4128,227.4881,8039163
AAPL,2024-08-15,225.4656,227.3119,225.3966,226.8263,6529972
AAPL,2024-08-16,229.6517,230.0164,226.9349,227.5127,36860608
AAPL,2024-08-19,220.004,223.801,219.9759,221.0359,13438250
AAPL,2024-08-20,216.9659,219.6512,215.2605,217.8286,6562567
AAPL,2024-08-21,222.3781,222.6992,219.5537,220.9159,4619135
AAPL,2024-08-22,220.0479,220.2459,214.1093,217.1567,30234422
AAPL,2024-08-23,214.6222,215.9356,213.7914,214.553,4370884
AAPL,2024-08-26,220.6016,222.3772,215.6592,220.9465,46559035
AAPL,2024-08-27,217.0907,220.9803,215.3969,219.4984,47077976
AAPL,2024-08-28,215.1998,216.3854,208.8068,214.8304,19015581
AAPL,2024-08-29,214.4153,215.212,209.507,215.1282,17397413
AAPL,2024-08-30,220.0925,220.1699,215.2651,217.5078,94619206
AAPL,2024-09-02,214.2346,219.3521,212.1913,216.0069,10995047
AAPL,2024-09-03,223.9944,224.6964,218.6229,222.9513,12852117
AAPL,2024-09-04,231.2622,232.1593,219.315,226.0562,6026525
AAPL,2024-09-05,224.2055,229.0871,223.9294,225.0599,30716417
AAPL,2024-09-06,220.1826,228.7187,219.4795,225.7103,24354461
AAPL,2024-09-09,222.4072,230.6699,218.8314,225.2049,15940479
AAPL,2024-09-10,221.4818,230.983,219.0368,224.7027,92219348
AAPL,2024-09-11,234.61,234.9658,229.8058,230.0258,7719217
AAPL,2024-09-12,229.8917,230.1938,227.8734,229.5712,14946723
AAPL,2024-09-13,224.0307,227.6293,220.7125,225.7093,8967771
AAPL,2024-09-16,220.9614,226.0849,220.8035,225.6218,9263775
AAPL,2024-09-17,217.9732,222.0208,212.4574,219.1737,15012567
AAPL,2024-09-18,220.6262,225.8676,218.572,220.5225,15852541
AAPL,2024-09-19,214.4648,214.7212,212.7183,214.5562,17678685
AAPL,2024-09-20,214.5058,215.0645,210.6473,215.0513,34904850
AAPL,2024-09-23,215.9959,223.5649,213.7156,217.0554,7024165
AAPL,2024-09-24,216.7277,220.3167,213.7162,217.8192,11960516
AAPL,2024-09-25,217.2858,220.4309,213.4259,215.9512,15908595
AAPL,2024-09-26,219.7474,221.9012,218.3009,219.5036,41200750
AAPL,2024-09-27,216.6633,218.5378,210.9898,216.5432,17021116
AAPL,2024-09-30,212.7688,214.8775,209.5772,212.4662,15164815
AAPL,2024-10-01,215.9291,217.3047,211.7195,214.8772,9095377
AAPL,2024-10-02,216.1023,216.6272,212.8856,216.3359,10162250
AAPL,2024-10-03,209.1294,216.8768,207.66,213.2484,6818665
AAPL,2024-10-04,217.3348,219.4478,212.5604,213.9473,9643883
AAPL,2024-10-07,213.9192,217.9381,213.7431,217.1728,22067094
AAPL,2024-10-08,214.8135,223.9669,213.0086,217.5631,15305112
AAPL,2024-10-09,219.9652,220.799,217.6896,218.4942,50879075
AAPL,2024-10-10,218.2175,222.6413,215.3557,219.9056,5580016
AAPL,2024-10-11,210.8773,219.6629,208.3147,215.0051,7884342
AAPL,2024-10-14,215.842,218.6096,208.8576,213.9337,10162379
AAPL,2024-10-15,225.9728,226.732,217.7102,221.1597,3940999
AAPL,2024-10-16,219.7345,225.5432,218.1974,220.2989,7694568
AAPL,2024-10-17,215.3029,216.2911,214.8878,214.9977,3259777
AAPL,2024-10-18,218.6937,221.4884,216.383,216.8408,62207850
AAPL,2024-10-21,225.8532,227.754,223.0307,223.1049,54254628
AAPL,2024-10-22,222.9795,223.4973,217.0611,221.3791,27962893
AAPL,2024-10-23,217.4338,223.1316,211.7361,218.4587,6543753
AAPL,2024-10-24,218.1252,220.2727,211.5813,217.0352,24012080
AAPL,2024-10-25,221.1382,221.6501,211.5893,217.6257,6374948
AAPL,2024-10-28,213.781,215.9556,206.9304,213.4017,1365144
AAPL,2024-10-29,215.9845,216.3729,214.0799,215.7474,20104416
AAPL,2024-10-30,215.5159,217.44,212.5859,214.8692,11283936
AAPL,2024-10-31,211.183,215.7903,207.3951,212.0985,16776924
AAPL,2024-11-01,212.9045,215.6627,207.1696,211.1156,11592201
AAPL,2024-11-04,214.4218,215.6523,213.9556,215.1839,17326452
AAPL,2024-11-05,207.1276,213.3456,205.0193,209.8058,8272105
AAPL,2024-11-06,213.4654,214.0798,209.8842,212.9135,28065922
AAPL,2024-11-07,220.1933,220.4331,212.8043,217.5096,19163678
AAPL,2024-11-08,221.7688,222.9013,218.4684,221.1664,22431806
AAPL,2024-11-11,219.0401,222.6953,217.9885,220.0839,9717864
AAPL,2024-11-12,225.144,226.7706,218.2802,223.3007,6637066
AAPL,2024-11-13,226.2336,226.2782,224.1764,225.1123,12897504
AAPL,2024-11-14,222.9565,228.1616,219.0303,224.6509,13157188
AAPL,2024-11-15,221.7211,225.4419,219.0419,222.8568,2812997
AAPL,2024-11-18,226.7148,231.7269,226.2357,226.7137,17525419
AAPL,2024-11-19,228.7473,234.1458,227.0122,230.6971,6442758
AAPL,2024-11-20,232.1547,232.8131,232.0035,232.6365,12108915
AAPL,2024-11-21,234.3519,238.608,230.4564,234.5745,44418683
AAPL,2024-11-22,239.4381,244.5067,239.2282,240.1043,11842117
AAPL,2024-11-25,241.4532,246.8809,238.24,241.2084,27957284
AAPL,2024-11-26,241.941,244.7553,238.7607,240.7772,14533788
AAPL,2024-11-27,238.8714,241.0713,236.8375,238.6693,58238480
AAPL,2024-11-28,239.3769,243.7101,238.4741,240.0933,46304943
AAPL,2024-11-29,239.3546,241.6481,234.759,235.2845,10145100
AAPL,2024-12-02,242.3264,242.42,233.1868,236.7489,10330538
AAPL,2024-12-03,240.7125,243.6438,235.8139,238.9258,18099897
AAPL,2024-12-04,240.2666,248.8494,239.8818,245.7043,8256772
AAPL,2024-12-05,241.2656,245.6935,238.6238,244.212,30225500
AAPL,2024-12-06,234.7833,239.1931,230.723,237.512,23486543
AAPL,2024-12-09,241.4985,245.0511,235.3087,241.953,10868914
AAPL,2024-12-10,244.414,246.162,241.794,242.3669,38630902
AAPL,2024-12-11,241.0706,243.5958,232.4755,238.308,24400555
AAPL,2024-12-12,243.4593,243.5536,236.4743,241.4182,17195698
AAPL,2024-12-13,240.5572,242.2078,230.7943,237.6765,52559439
AAPL,2024-12-16,234.3685,239.1914,227.4408,233.6181,17433485
AAPL,2024-12-17,224.3611,232.9674,222.9918,228.6511,9367566
AAPL,2024-12-18,228.771,232.888,222.1563,225.9477,41771101
AAPL,2024-12-19,232.2324,237.565,224.4165,230.7748,22612990
AAPL,2024-12-20,231.1243,234.4561,230.3363,232.0865,89681487
AAPL,2024-12-23,231.6901,237.0805,229.6092,234.6051,13385890
AAPL,2024-12-24,230.4354,231.6743,225.8609,230.308,7375864
AAPL,2024-12-25,231.8041,233.6456,227.2378,232.256,4609599
AAPL,2024-12-26,227.1488,233.4363,226.314,230.0832,12279388
AAPL,2024-12-27,229.2707,231.5123,225.397,229.7249,7614911
AAPL,2024-12-30,226.5983,231.7274,223.2965,225.9654,60970714
AAPL,2024-12-31,223.4513,227.6683,222.01,224.4232,2379119
AAPL,2025-01-01,224.8924,228.9022,222.2954,226.2191,17546935
AAPL,2025-01-02,233.913,234.2712,228.7821,232.406,26532641
AAPL,2025-01-03,224.9638,229.8376,223.2003,226.1961,9208246
AAPL,2025-01-06,232.4995,234.9509,230.5954,231.3831,12865304
AAPL,2025-01-07,231.6224,231.6597,225.2414,230.7663,21962017
AAPL,2025-01-08,228.9508,233.0534,228.3517,232.2673,15837229
AAPL,2025-01-09,239.4367,240.6135,237.1493,237.448,30933980
AAPL,2025-01-10,237.5149,246.6676,233.8811,239.3048,16900974
AAPL,2025-01-13,243.4389,244.1769,233.9473,239.6209,25741390
AAPL,2025-01-14,237.1977,238.2797,233.7269,238.1076,23382104
AAPL,2025-01-15,238.9003,245.8543,238.7769,242.9217,92044123
AAPL,2025-01-16,248.1705,250.5119,238.2181,245.7581,35337341
AAPL,2025-01-17,249.1932,251.1705,246.1055,247.996,22390037
AAPL,2025-01-20,256.5487,257.2953,255.0248,255.0502,4765622
AAPL,2025-01-21,246.8597,254.631,244.5097,247.9948,27488709
AAPL,2025-01-22,253.4492,253.9739,249.2837,250.4701,7486224
AAPL,2025-01-23,249.717,254.7395,248.4209,254.5549,4995926
AAPL,2025-01-24,250.2175,259.7083,250.0167,252.7416,6855315
AAPL,2025-01-27,248.1221,252.4675,247.388,248.9995,14109595
AAPL,2025-01-28,257.2785,261.369,254.5056,255.8626,29851395
AAPL,2025-01-29,258.1935,259.0058,251.0061,256.7885,30455570
AAPL,2025-01-30,252.911,258.5976,245.5755,251.0028,45213261
AAPL,2025-01-31,253.4288,255.9106,250.1167,250.2892,11620377
AAPL,2025-02-03,249.3855,253.3823,246.4417,249.9476,16613968
AAPL,2025-02-04,242.0709,248.8634,239.6861,246.7716,19459777
AAPL,2025-02-05,248.9688,253.016,244.3877,248.4346,23475181
AAPL,2025-02-06,249.3508,251.9484,248.5811,248.9574,17984084
AAPL,2025-02-07,246.4732,253.328,244.1835,248.5106,9309850
AAPL,2025-02-10,245.6109,246.88,244.6303,245.7265,13296026
AAPL,2025-02-11,246.6098,250.8027,246.3098,247.6093,10100288
AAPL,2025-02-12,254.7297,256.1066,245.3644,251.5694,6559524
AAPL,2025-02-13,254.9376,258.4668,252.3475,256.1413,5517411
AAPL,2025-02-14,252.7858,264.456,251.8116,256.6838,16677536
AAPL,2025-02-17,261.3027,263.6611,252.9866,257.314,7827399
AAPL,2025-02-18,250.6365,255.2694,249.5722,253.8389,11376689
AAPL,2025-02-19,255.5395,256.205,252.6402,254.8261,7341647
AAPL,2025-02-20,247.3608,249.6736,245.3175,246.6147,14508699
AAPL,2025-02-21,251.5432,253.1995,245.5611,248.4343,8982546
AAPL,2025-02-24,240.7262,249.9105,238.9496,244.4424,18006781
AAPL,2025-02-25,245.1408,251.2624,242.6743,243.7176,12669509
AAPL,2025-02-26,242.5325,245.2271,235.3845,239.5364,12389961
AAPL,2025-02-27,246.0056,247.9133,238.9827,242.9594,8227894
AAPL,2025-02-28,239.4669,239.776,234.8794,236.7544,7177451
AAPL,2025-03-03,240.4324,241.5746,240.3419,240.6179,57646556
AAPL,2025-03-04,244.1517,249.073,241.1024,248.1699,13921954
AAPL,2025-03-05,244.2949,251.88,242.2104,248.0731,17321003
AAPL,2025-03-06,250.8251,252.7956,244.6276,249.2631,3928418
AAPL,2025-03-07,256.6659,257.0946,252.7863,253.9245,43768644
AAPL,2025-03-10,254.198,259.847,250.8579,256.62,10348791
AAPL,2025-03-11,256.8256,265.1728,255.4038,257.393,21985696
AAPL,2025-03-12,258.8637,259.3939,253.5428,256.3735,11018595
AAPL,2025-03-13,262.9324,263.4835,260.4032,262.8367,5089903
AAPL,2025-03-14,255.9198,269.9807,254.8978,261.8859,13615041
AAPL,2025-03-17,260.6642,264.4796,260.2341,260.3248,26729392
AAPL,2025-03-18,259.0786,260.8028,256.1343,260.3118,5247593
AAPL,2025-03-19,255.1097,260.1239,252.4461,257.4156,27544658
AAPL,2025-03-20,260.9505,262.2519,251.0783,255.7965,28901626
AAPL,2025-03-21,256.0395,260.3446,250.8203,256.1972,6252301
AAPL,2025-03-24,262.7694,264.3997,255.0988,256.3368,5666017
AAPL,2025-03-25,249.941,259.2801,248.3706,253.4412,44414141
AAPL,2025-03-26,253.1789,258.7433,251.6073,253.8118,8645896
AAPL,2025-03-27,252.0847,255.6493,251.2285,254.5833,15158977
AAPL,2025-03-28,260.6921,260.7693,252.7045,257.3094,3022771
AAPL,2025-03-31,261.4406,261.8902,260.2419,260.5494,158528732
AAPL,2025-04-01,266.0116,268.9246,260.0268,261.3903,8474071
AAPL,2025-04-02,270.3956,273.0294,263.3492,266.2231,32052136
AAPL,2025-04-03,265.3268,271.0729,258.3623,263.145,28003579
AAPL,2025-04-04,267.4337,274.2864,266.171,268.9369,6815742
AAPL,2025-04-07,267.9814,270.7038,264.0009,266.3411,4611158
AAPL,2025-04-08,266.2346,269.112,264.8292,268.9237,10359248
AAPL,2025-04-09,269.752,270.202,260.808,264.1755,13905893
AAPL,2025-04-10,261.0315,262.6605,260.5623,261.7824,66740247
AAPL,2025-04-11,265.0976,265.8064,256.2208,263.7401,2918373
AAPL,2025-04-14,262.8194,265.729,259.0159,262.3196,5965832
AAPL,2025-04-15,262.3301,266.6948,253.7477,261.5618,25857108
AAPL,2025-04-16,261.5041,263.6829,259.8459,263.2111,2412700
AAPL,2025-04-17,252.4861,256.3801,250.7529,253.7127,45665149
AAPL,2025-04-18,239.4669,247.3449,237.3216,240.3217,18564217
AAPL,2025-04-21,234.5952,239.8093,231.9554,237.986,18793791
AAPL,2025-04-22,233.9093,240.3629,233.3305,234.0727,7882603
AAPL,2025-04-23,236.5818,237.2229,227.4537,234.0636,9297432
AAPL,2025-04-24,236.0978,236.8959,235.3866,235.768,4453416
AAPL,2025-04-25,244.3753,245.3139,233.8559,238.9646,16775232
AAPL,2025-04-28,236.7567,238.0612,236.1713,237.4068,4747689
AAPL,2025-04-29,247.6109,248.5622,247.6107,247.9192,70689240
AAPL,2025-04-30,254.4167,261.4418,247.6574,254.2578,7568471
AAPL,2025-05-01,257.9481,260.7637,253.4933,254.067,28349482
AAPL,2025-05-02,262.1984,264.0297,255.8517,257.1264,28968774
AAPL,2025-05-05,251.9474,254.3969,250.3589,252.6162,13422607
AAPL,2025-05-06,254.9245,255.2785,247.9488,251.5338,21961927
AAPL,2025-05-07,255.4411,256.1149,246.4204,249.7077,43678344
AAPL,2025-05-08,253.5164,257.2651,250.3064,251.9774,3298835
AAPL,2025-05-09,245.9838,252.2974,244.8899,251.8314,11879492
AAPL,2025-05-12,254.4852,259.853,251.8086,254.0691,14583033
AAPL,2025-05-13,256.3218,256.8199,249.7165,252.9825,25025336
AAPL,2025-05-14,253.6288,255.9948,247.8612,250.2459,5178716
AAPL,2025-05-15,253.9756,257.9473,251.8828,255.0218,7180885
AAPL,2025-05-16,267.4446,269.2952,259.4244,262.6471,23305554
AAPL,2025-05-19,251.5495,258.7564,245.6622,252.5229,23535972
AAPL,2025-05-20,260.5781,261.0387,250.054,255.3494,4361547
AAPL,2025-05-21,249.9921,257.0785,248.6001,255.5975,2927675
AAPL,2025-05-22,253.4766,262.8149,253.0669,255.762,20871682
AAPL,2025-05-23,258.0338,263.0662,256.7579,259.0248,30722698
AAPL,2025-05-26,257.7695,259.7576,256.7317,259.6821,17948330
AAPL,2025-05-27,257.7141,257.9321,250.8374,257.0851,9071204
AAPL,2025-05-28,260.2719,263.4703,250.9739,257.9428,22562497
AAPL,2025-05-29,261.1445,261.811,252.7328,257.5223,32207469
AAPL,2025-05-30,265.7545,265.9808,259.6696,259.9925,53473879
AAPL,2025-06-02,256.9805,265.4082,253.6297,257.3291,10238479
AAPL,2025-06-03,269.4756,270.9265,262.4139,262.934,16516729
AAPL,2025-06-04,265.4312,266.3453,254.4597,259.1274,22830353
AAPL,2025-06-05,261.5485,262.9525,253.4557,260.7783,8980874
AAPL,2025-06-06,260.2095,268.2602,260.1749,263.451,4946915
AAPL,2025-06-09,262.0431,270.8419,262.0233,264.0106,25693211
AAPL,2025-06-10,271.3718,272.498,261.2929,265.7736,16096304
AAPL,2025-06-11,270.8176,273.9543,260.505,266.6594,13887031
AAPL,2025-06-12,270.0359,274.1549,264.3436,268.5443,3872831
AAPL,2025-06-13,268.9944,270.0036,256.4331,263.5319,11809314
AAPL,2025-06-16,253.3886,260.0808,253.2921,258.6369,33473950
AAPL,2025-06-17,252.2613,257.5196,251.6805,255.5428,19898912
AAPL,2025-06-18,260.2751,263.1002,259.2974,261.707,8503489
AAPL,2025-06-19,268.1149,270.2466,261.172,264.1794,30022690
AAPL,2025-06-20,256.4377,266.5367,255.6044,260.8548,223466251
AAPL,2025-06-23,255.3568,269.9409,254.3265,262.2017,20532378
AAPL,2025-06-24,264.6305,265.5059,261.7825,263.2666,3845810
AAPL,2025-06-25,262.2569,267.7637,256.5074,260.9004,32722384
AAPL,2025-06-26,253.4777,261.8203,252.6321,255.4991,16682364
AAPL,2025-06-27,257.0244,263.3949,256.9061,258.9474,53643050
AAPL,2025-06-30,265.2609,272.1514,264.7942,265.5169,6959610
MSFT,2022-01-03,262.2695,267.3698,257.5861,261.4619,21320652
MSFT,2022-01-04,265.0931,266.4445,259.9266,266.2247,8753309
MSFT,2022-01-05,258.8748,265.9535,257.4503,260.3546,26647994
MSFT,2022-01-06,261.4938,261.7125,252.5494,257.5271,7772059
MSFT,2022-01-07,258.708,264.1226,251.8873,257.4589,3215353
MSFT,2022-01-10,248.5718,257.2,248.2461,254.5969,17622180
MSFT,2022-01-11,253.5831,256.6242,251.7776,256.5025,38375834
MSFT,2022-01-12,252.3838,253.6002,251.333,253.5479,45351867
MSFT,2022-01-13,254.735,258.4338,249.3485,254.7583,19157313
MSFT,2022-01-14,246.3331,254.3599,245.2411,250.5296,17345361
MSFT,2022-01-17,254.575,257.4447,251.2456,252.9707,3977916
MSFT,2022-01-18,250.5408,252.9911,245.6805,252.246,16216715
MSFT,2022-01-19,254.356,263.687,250.7152,257.8571,14470385
MSFT,2022-01-20,266.2211,271.1366,261.3392,264.0012,2354517
MSFT,2022-01-21,262.2324,264.0887,261.8117,263.8975,6481140
MSFT,2022-01-24,262.1385,269.5915,261.3093,265.7251,18627330
MSFT,2022-01-25,272.1637,279.3814,271.1446,273.5582,60461575
MSFT,2022-01-26,269.2489,269.9063,268.9515,269.3178,8991659
MSFT,2022-01-27,274.6002,276.7328,269.3069,269.9028,3842158
MSFT,2022-01-28,277.4844,281.3006,270.1453,277.1065,7723622
MSFT,2022-01-31,286.5071,287.6859,278.0261,280.4506,23674791
MSFT,2022-02-01,283.1353,289.3851,282.4845,283.5604,21796090
MSFT,2022-02-02,289.6851,291.0859,283.7325,284.0674,14297283
MSFT,2022-02-03,283.0324,283.9359,275.3289,282.6916,18107822
MSFT,2022-02-04,281.7825,284.372,275.7202,282.9203,30138127
MSFT,2022-02-07,284.2354,292.6195,283.0194,288.854,35626697
MSFT,2022-02-08,289.5623,293.9225,286.5584,288.466,3326876
MSFT,2022-02-09,288.1819,289.8157,279.4855,285.2561,3326714
MSFT,2022-02-10,280.9047,285.8997,277.732,282.5345,15054897
MSFT,2022-02-11,280.1219,285.2668,276.5238,284.1939,8095551
MSFT,2022-02-14,282.9973,286.4428,274.6872,281.6312,10858956
MSFT,2022-02-15,281.2788,281.6496,280.7435,281.6382,43585429
MSFT,2022-02-16,281.6342,286.1936,275.3325,281.6915,4298051
MSFT,2022-02-17,284.8091,290.3852,282.9504,284.7726,12943187
MSFT,2022-02-18,281.7395,289.5499,278.7538,286.4164,16019631
MSFT,2022-02-21,287.7163,288.4914,285.9397,286.8203,15234341
MSFT,2022-02-22,285.7775,287.4232,282.7485,283.9051,21394330
MSFT,2022-02-23,289.3755,294.5616,283.7827,286.7933,25055525
MSFT,2022-02-24,287.9923,292.8528,284.8951,286.052,46993154
MSFT,2022-02-25,291.1772,296.0381,286.5271,288.4682,43828130
MSFT,2022-02-28,284.9797,288.4816,284.7506,288.4571,18822502
MSFT,2022-03-01,289.8732,293.3957,287.3907,289.712,12234892
MSFT,2022-03-02,288.156,293.7779,288.0775,291.5209,10865064
MSFT,2022-03-03,294.8697,297.5673,289.9844,292.8074,5621452
MSFT,2022-03-04,285.7018,289.3515,283.3625,287.1578,21473531
MSFT,2022-03-07,290.4318,296.0825,288.7015,288.8388,23622636
MSFT,2022-03-08,292.9879,293.7517,282.183,286.2267,15397900
MSFT,2022-03-09,288.4275,295.554,285.7674,291.3385,33065150
MSFT,2022-03-10,290.9038,293.5493,287.4375,287.5993,4401508
MSFT,2022-03-11,290.1521,292.2796,283.4977,290.0063,9883344
MSFT,2022-03-14,287.2819,292.5768,281.313,287.6841,6025665
MSFT,2022-03-15,288.69,294.0246,288.5835,289.7811,34480013
MSFT,2022-03-16,290.9594,294.1424,288.0092,290.7597,3753941
MSFT,2022-03-17,296.4923,299.3251,290.0058,293.4615,48646097
MSFT,2022-03-18,292.509,296.5375,286.4265,293.2702,24855161
MSFT,2022-03-21,291.5101,295.5902,290.1869,291.7742,12726742
MSFT,2022-03-22,295.4585,299.3485,293.5126,295.4878,17993888
MSFT,2022-03-23,296.9235,297.2555,296.4921,297.1202,107253422
MSFT,2022-03-24,298.4677,300.444,296.1941,300.0791,27342430
MSFT,2022-03-25,304.7567,308.3599,295.5629,300.1263,10106408
MSFT,2022-03-28,300.5756,303.9338,300.5359,300.8413,25306856
MSFT,2022-03-29,297.5922,301.5576,294.3499,299.2319,11856483
MSFT,2022-03-30,301.7766,302.3525,299.3928,300.3817,29691377
MSFT,2022-03-31,296.0371,307.1544,295.5233,301.8903,5611191
MSFT,2022-04-01,294.4121,305.5972,294.3405,300.1293,5803530
MSFT,2022-04-04,302.8153,306.364,301.0616,304.5377,4262113
MSFT,2022-04-05,311.5263,317.436,307.1204,309.5024,25638539
MSFT,2022-04-06,301.688,311.2073,301.4249,307.3537,26991170
MSFT,2022-04-07,310.5394,312.6664,310.0973,312.4814,27959795
MSFT,2022-04-08,316.5949,323.038,314.8917,316.6104,43622850
MSFT,2022-04-11,319.162,325.9754,318.103,320.1049,28294864
MSFT,2022-04-12,328.5614,329.466,321.9174,327.6121,48196717
MSFT,2022-04-13,326.8951,327.0889,325.1281,325.6993,46745792
MSFT,2022-04-14,326.1449,328.7275,320.5432,325.35,14890908
MSFT,2022-04-15,326.6871,334.1804,325.3258,327.2468,11536160
MSFT,2022-04-18,332.7019,337.4355,327.5685,330.0028,21075606
MSFT,2022-04-19,330.6148,332.3212,315.4305,323.7955,9747617
MSFT,2022-04-20,343.6437,343.6707,333.9663,335.4297,4648298
MSFT,2022-04-21,333.6103,338.5127,325.9117,329.7956,11849538
MSFT,2022-04-22,332.2546,333.4149,329.0624,331.0272,7866032
MSFT,2022-04-25,331.7516,335.0853,327.9091,331.3581,12491851
MSFT,2022-04-26,340.405,341.162,333.5282,340.0747,7133494
MSFT,2022-04-27,344.9631,350.1964,340.1455,341.2158,50214648
MSFT,2022-04-28,349.7657,353.8091,345.421,346.7205,8294713
MSFT,2022-04-29,339.9257,344.768,334.9175,343.5641,12723531
MSFT,2022-05-02,333.4784,338.3656,330.9707,336.1158,5208387
MSFT,2022-05-03,332.3419,335.8914,331.5716,332.8279,12672340
MSFT,2022-05-04,319.818,326.8982,317.8151,325.0486,29032094
MSFT,2022-05-05,325.539,327.2717,321.0632,321.7002,7060702
MSFT,2022-05-06,314.724,317.7977,313.5505,314.9878,10031303
MSFT,2022-05-09,319.4618,322.5016,308.9733,315.8012,12464155
MSFT,2022-05-10,313.2723,319.1138,312.1186,312.8438,3315059
MSFT,2022-05-11,309.9763,313.4374,306.7714,312.7347,4696877
MSFT,2022-05-12,309.6463,322.3182,308.8768,314.5219,6526614
MSFT,2022-05-13,306.2539,307.2203,305.7259,307.0004,3133775
MSFT,2022-05-16,310.143,313.4135,300.1978,305.6676,19242309
MSFT,2022-05-17,307.5502,312.623,300.648,305.7354,20511724
MSFT,2022-05-18,301.8952,308.6837,300.448,301.0873,16771631
MSFT,2022-05-19,303.3784,308.2745,299.0562,301.6828,5719581
MSFT,2022-05-20,297.3198,297.5787,296.8126,297.215,14072210
MSFT,2022-05-23,304.0737,305.7415,299.7011,300.4397,8775342
MSFT,2022-05-24,300.9506,303.3965,299.2299,300.253,22985596
MSFT,2022-05-25,299.3793,310.2044,298.8216,301.9142,5866926
MSFT,2022-05-26,301.0943,305.9739,295.0687,301.1589,23075328
MSFT,2022-05-27,307.2065,309.39,303.9025,305.9409,18268432
MSFT,2022-05-30,302.9956,305.5804,294.2254,302.6022,8170072
MSFT,2022-05-31,301.6788,311.8808,300.2112,304.6513,2090376
MSFT,2022-06-01,308.4173,320.0045,304.4967,311.9787,25040167
MSFT,2022-06-02,300.7793,311.0465,297.1417,303.3511,10850236
MSFT,2022-06-03,302.5527,307.8085,297.8233,302.4123,1912839
MSFT,2022-06-06,300.3048,306.5664,298.8581,304.928,9691993
MSFT,2022-06-07,298.0096,304.5989,296.9235,302.5675,7670805
MSFT,2022-06-08,300.0235,303.6763,293.3813,297.6861,29719363
MSFT,2022-06-09,298.2395,298.5544,295.942,296.112,8084064
MSFT,2022-06-10,294.9893,302.3168,289.4415,296.3835,9599858
MSFT,2022-06-13,301.3263,307.1144,301.0802,304.9854,50559890
MSFT,2022-06-14,302.264,302.614,296.1157,297.4072,50034048
MSFT,2022-06-15,300.5183,302.3514,293.6777,295.2045,23504112
MSFT,2022-06-16,294.2955,299.1179,293.152,294.679,6884832
MSFT,2022-06-17,298.2858,304.8236,295.3796,299.2769,5567585
MSFT,2022-06-20,300.1386,305.9221,293.6075,301.6333,3141229
MSFT,2022-06-21,302.3565,304.4868,301.6785,302.5924,13447656
MSFT,2022-06-22,305.5349,308.0686,298.8384,301.1373,5866711
MSFT,2022-06-23,303.4015,311.0551,299.46,305.1581,33271032
MSFT,2022-06-24,303.6191,312.2235,301.4052,303.8592,44312791
MSFT,2022-06-27,309.3102,313.4075,304.7595,306.4099,115892181
MSFT,2022-06-28,298.8176,300.181,293.1275,299.1679,6178871
MSFT,2022-06-29,300.7155,305.8883,296.1932,299.9742,10571724
MSFT,2022-06-30,295.6155,302.1138,293.5511,301.7096,11026811
MSFT,2022-07-01,309.5295,311.4311,306.0892,307.2364,28206794
MSFT,2022-07-04,308.6267,312.1125,308.3365,308.6338,14639134
MSFT,2022-07-05,321.2744,321.6951,310.7097,315.0467,28629174
MSFT,2022-07-06,322.1109,325.6469,309.6533,317.2001,14370828
MSFT,2022-07-07,310.0923,316.4759,308.4086,316.4024,5618182
MSFT,2022-07-08,325.0186,329.8641,321.5809,324.5911,18671923
MSFT,2022-07-11,319.8572,321.3261,316.612,316.7272,9166028
MSFT,2022-07-12,316.2332,318.1211,307.4525,313.7953,39201745
MSFT,2022-07-13,310.8773,312.6932,297.2675,305.0173,4621058
MSFT,2022-07-14,307.6291,308.5461,300.5101,303.4182,7116447
MSFT,2022-07-15,310.4637,315.6473,301.2768,308.7287,24197466
MSFT,2022-07-18,307.4862,309.5813,305.1246,307.0938,12305656
MSFT,2022-07-19,300.1462,307.9256,298.2653,306.7413,17095283
MSFT,2022-07-20,303.8157,309.7614,302.7838,307.9215,9528763
MSFT,2022-07-21,308.5718,311.2099,307.6681,308.3239,27795326
MSFT,2022-07-22,318.3838,321.8755,314.3485,315.4857,19795284
MSFT,2022-07-25,319.4022,320.1111,316.7023,316.889,13440212
MSFT,2022-07-26,318.5114,321.6609,309.37,317.8839,94865877
MSFT,2022-07-27,321.0832,322.6603,312.3837,316.1208,14026186
MSFT,2022-07-28,333.1639,334.1317,325.7207,326.2215,7133448
MSFT,2022-07-29,325.9167,328.9496,316.1667,323.503,27140965
MSFT,2022-08-01,312.1939,319.2352,310.2899,318.5934,32497154
MSFT,2022-08-02,323.2925,328.3867,323.0128,326.0907,9825472
MSFT,2022-08-03,323.2341,325.0468,320.1952,321.1635,22562915
MSFT,2022-08-04,314.1268,319.5289,312.6833,313.924,16609203
MSFT,2022-08-05,312.0695,317.2269,310.422,310.7695,13310095
MSFT,2022-08-08,309.0761,315.8579,307.443,311.3037,13959190
MSFT,2022-08-09,314.6477,315.7595,305.2983,310.027,34929746
MSFT,2022-08-10,311.6519,313.0997,307.8568,311.0843,17644404
MSFT,2022-08-11,317.3751,321.3486,311.2718,317.3765,21652839
MSFT,2022-08-12,324.4314,326.6621,315.3225,321.6301,18354818
MSFT,2022-08-15,321.2675,321.3405,312.3385,321.2001,24010680
MSFT,2022-08-16,320.9045,325.7704,312.8369,319.0823,11529777
MSFT,2022-08-17,317.191,319.0031,310.7468,314.0183,5549141
MSFT,2022-08-18,315.0463,317.868,307.4266,312.6284,38722922
MSFT,2022-08-19,303.3525,311.4312,299.9631,307.5424,1922844
MSFT,2022-08-22,298.5617,307.0191,295.7696,303.785,12386319
MSFT,2022-08-23,300.1779,303.2032,298.8213,303.0245,20304958
MSFT,2022-08-24,294.0968,296.543,293.5216,294.9533,3354527
MSFT,2022-08-25,296.8474,304.7467,295.5476,297.9794,52595314
MSFT,2022-08-26,299.5798,307.01,294.4628,302.3188,12521653
MSFT,2022-08-29,296.1292,302.4886,295.2807,298.5744,1457017
MSFT,2022-08-30,298.9898,299.974,296.0487,299.7205,1732434
MSFT,2022-08-31,294.276,302.2432,292.0236,296.2941,87119738
MSFT,2022-09-01,296.5056,296.7519,291.8188,293.8055,5651217
MSFT,2022-09-02,305.6758,305.928,292.6979,299.6409,53990319
MSFT,2022-09-05,298.3853,312.1184,296.5514,304.0284,3250508
MSFT,2022-09-06,309.8567,313.5211,305.3914,308.3083,38344993
MSFT,2022-09-07,312.343,314.9803,306.8265,309.9079,10150143
MSFT,2022-09-08,307.5194,313.6884,303.7657,307.0201,18868133
MSFT,2022-09-09,309.1547,312.8619,305.7062,305.8328,17395377
MSFT,2022-09-12,300.5183,306.1237,299.201,300.4144,25038356
MSFT,2022-09-13,292.7373,303.3358,289.168,295.3104,12169684
MSFT,2022-09-14,299.787,301.097,294.6667,296.645,26409915
MSFT,2022-09-15,294.8353,300.1255,294.6748,295.0065,35518849
MSFT,2022-09-16,301.3149,301.5976,299.6847,299.7388,11625239
MSFT,2022-09-19,296.0739,303.4254,295.6448,296.1587,20169908
MSFT,2022-09-20,302.4548,304.0508,299.2389,299.8627,4526878
MSFT,2022-09-21,295.1175,309.6308,294.3871,301.5282,7540228
MSFT,2022-09-22,306.2832,311.6353,304.0648,306.4366,21771644
MSFT,2022-09-23,301.329,302.7873,296.3445,300.1139,5495851
MSFT,2022-09-26,305.4614,310.9471,295.6207,303.6103,7008633
MSFT,2022-09-27,299.7844,305.9472,297.5036,302.8551,12188654
MSFT,2022-09-28,303.8216,311.7432,303.3322,306.6533,8662716
MSFT,2022-09-29,313.9341,321.5888,308.5784,315.245,8166684
MSFT,2022-09-30,315.4134,317.2406,310.0506,317.0696,20112819
MSFT,2022-10-03,308.2082,315.2604,307.855,311.1711,15489380
MSFT,2022-10-04,311.3737,320.1867,308.2199,314.9336,41914694
MSFT,2022-10-05,311.3381,315.5037,310.3273,310.906,26333258
MSFT,2022-10-06,308.9053,320.1234,303.7657,312.0179,25543875
MSFT,2022-10-07,304.5568,314.6093,303.3307,311.6315,9079485
MSFT,2022-10-10,309.4881,310.2341,302.8396,310.1426,13389454
MSFT,2022-10-11,311.94,316.5609,311.3536,311.3576,20135224
MSFT,2022-10-12,307.1263,315.9895,305.7743,311.5569,8122889
MSFT,2022-10-13,305.997,309.0899,305.1335,306.1625,15065163
MSFT,2022-10-14,309.9828,314.5988,309.744,312.0325,25011130
MSFT,2022-10-17,321.1155,323.608,319.4842,320.7364,9961490
MSFT,2022-10-18,310.0137,310.0298,306.8594,309.2197,12753441
MSFT,2022-10-19,310.2048,311.8037,308.7847,309.6569,25135337
MSFT,2022-10-20,312.0965,315.7016,304.8664,311.6997,19351602
MSFT,2022-10-21,311.9677,313.3507,311.8271,313.229,23002690
MSFT,2022-10-24,307.7625,310.0244,303.9396,305.4839,15846627
MSFT,2022-10-25,303.0055,308.5412,300.152,304.9918,92560585
MSFT,2022-10-26,312.3072,314.6377,305.0124,308.7602,4286055
MSFT,2022-10-27,309.9978,318.128,308.9415,311.0367,9513516
MSFT,2022-10-28,306.4658,314.3426,302.4356,305.8985,13307425
MSFT,2022-10-31,305.0716,308.1349,297.8271,301.9517,9976363
MSFT,2022-11-01,290.1487,299.7763,288.8483,296.4666,10693728
MSFT,2022-11-02,301.1443,302.2515,291.145,295.2072,15226856
MSFT,2022-11-03,293.3196,294.9659,287.9742,288.0977,12404415
MSFT,2022-11-04,286.8142,291.9321,285.3377,286.6961,20031067
MSFT,2022-11-07,283.6176,284.0943,280.3272,283.4172,38723079
MSFT,2022-11-08,276.4311,283.2608,275.6307,279.0907,41202737
MSFT,2022-11-09,282.2238,284.454,274.7536,278.7937,41202083
MSFT,2022-11-10,284.9438,285.1167,279.554,284.0245,109481630
MSFT,2022-11-11,286.1635,288.9025,280.293,284.506,2001503
MSFT,2022-11-14,288.0951,289.4771,279.0015,285.1938,44601461
MSFT,2022-11-15,291.8231,294.6644,280.5715,287.3483,12980177
MSFT,2022-11-16,290.3453,295.2852,286.5705,293.4163,10129795
MSFT,2022-11-17,290.9133,294.3891,284.5043,292.3571,4210349
MSFT,2022-11-18,292.4767,297.7175,285.979,290.8952,41522424
MSFT,2022-11-21,291.5527,295.4385,287.548,292.6259,16769417
MSFT,2022-11-22,294.5522,299.7591,294.0267,299.462,10723326
MSFT,2022-11-23,302.5755,306.9165,298.6068,302.3577,11179095
MSFT,2022-11-24,288.4021,293.37,284.3043,291.8592,8685746
MSFT,2022-11-25,292.1848,295.8,285.0504,290.85,18256480
MSFT,2022-11-28,288.4318,289.603,281.4112,285.7031,19072790
MSFT,2022-11-29,284.2962,286.0072,275.5075,282.1191,9948910
MSFT,2022-11-30,278.0411,287.1027,277.6814,285.5502,29519117
MSFT,2022-12-01,281.7995,287.7032,280.4484,283.5814,8463604
MSFT,2022-12-02,279.691,282.1241,279.616,281.7191,9654322
MSFT,2022-12-05,288.5423,292.6735,281.8152,284.8226,9206374
MSFT,2022-12-06,282.3501,283.2285,282.0092,282.9882,5641141
MSFT,2022-12-07,275.1695,279.2874,273.788,276.66,10218268
MSFT,2022-12-08,281.0078,284.9781,278.8414,280.3653,10626846
MSFT,2022-12-09,278.2053,286.821,276.8825,281.8348,7940838
MSFT,2022-12-12,278.4306,279.1085,274.0355,277.0409,11830095
MSFT,2022-12-13,285.3754,286.329,271.7629,278.9041,9900308
MSFT,2022-12-14,274.5135,278.4479,272.5942,277.8349,21956222
MSFT,2022-12-15,281.1701,282.1346,270.9255,274.6041,12613340
MSFT,2022-12-16,274.8126,277.8622,270.44,273.4999,21936938
MSFT,2022-12-19,273.2322,279.5405,269.5265,275.4954,9649901
MSFT,2022-12-20,276.518,281.5043,273.3136,277.6223,167117521
MSFT,2022-12-21,271.7723,275.2484,269.5844,271.5629,63742484
MSFT,2022-12-22,275.9749,278.327,267.9651,273.7002,8261904
MSFT,2022-12-23,272.3447,273.2412,270.862,273.1837,26860113
MSFT,2022-12-26,284.398,285.5637,278.6083,279.1848,4514170
MSFT,2022-12-27,284.6985,285.1767,282.3129,283.8799,8393202
MSFT,2022-12-28,284.4458,288.8257,281.9367,282.6104,24345364
MSFT,2022-12-29,283.2118,283.7514,280.6217,281.4606,18101719
MSFT,2022-12-30,278.9234,283.7993,277.5922,282.441,24991777
MSFT,2023-01-02,282.8247,284.4444,276.394,277.1421,27383105
MSFT,2023-01-03,274.0491,274.2778,269.4386,274.1558,18386743
MSFT,2023-01-04,283.1093,285.0415,276.6492,278.8401,53308381
MSFT,2023-01-05,284.103,286.185,281.7626,284.7853,30120654
MSFT,2023-01-06,291.8891,295.3474,286.5907,291.1214,14379749
MSFT,2023-01-09,292.5361,294.8344,291.83,294.7794,4593089
MSFT,2023-01-10,294.9357,295.967,286.5754,289.8061,13370750
MSFT,2023-01-11,294.1372,302.1929,288.397,294.7352,9775243
MSFT,2023-01-12,305.7094,307.7702,299.3831,302.8713,9429948
MSFT,2023-01-13,304.4999,306.9439,298.6282,299.7766,12524241
MSFT,2023-01-16,292.028,295.4756,286.1027,288.3374,12653652
MSFT,2023-01-17,288.8841,290.9708,281.1459,288.0668,6370731
MSFT,2023-01-18,291.5779,294.0783,287.5941,290.0424,8425329
MSFT,2023-01-19,283.8384,297.0541,283.494,291.4543,18363728
MSFT,2023-01-20,291.2706,292.3667,290.7854,292.0477,14120684
MSFT,2023-01-23,290.0146,295.8283,288.2146,288.7969,6482104
MSFT,2023-01-24,286.269,292.149,283.4252,284.3373,4555559
MSFT,2023-01-25,282.9308,285.953,279.6333,283.4081,24120535
MSFT,2023-01-26,278.6587,286.5746,275.5203,280.8289,7830838
MSFT,2023-01-27,281.824,284.7815,276.9995,279.9938,37750415
MSFT,2023-01-30,286.3728,287.1849,274.3656,279.718,9468409
MSFT,2023-01-31,270.5338,278.5952,267.1983,272.6343,32472906
MSFT,2023-02-01,268.3474,268.4574,261.2233,267.4955,29132568
MSFT,2023-02-02,258.9341,267.401,258.3008,265.284,2625510
MSFT,2023-02-03,261.9932,272.0118,260.807,266.7797,61684912
MSFT,2023-02-06,271.9646,272.6342,267.1154,271.6832,45518881
MSFT,2023-02-07,271.9474,273.2784,268.1926,268.6317,6026690
MSFT,2023-02-08,269.9109,275.3459,268.5184,272.212,7737491
MSFT,2023-02-09,267.3119,273.0886,263.3957,269.1164,11530893
MSFT,2023-02-10,267.374,269.0991,266.4448,267.7858,4691188
MSFT,2023-02-13,264.0212,272.3077,261.0239,265.1546,16824436
MSFT,2023-02-14,267.1199,270.9486,266.4839,266.7256,20774974
MSFT,2023-02-15,271.7078,279.1616,267.0923,272.7,32327129
MSFT,2023-02-16,271.9494,272.1024,270.9341,271.3334,8912543
MSFT,2023-02-17,271.1085,274.4388,268.3037,269.6156,1997926
MSFT,2023-02-20,272.9916,276.0447,269.0343,270.6643,34092190
MSFT,2023-02-21,269.7038,274.9888,268.5296,268.7476,11358132
MSFT,2023-02-22,276.0667,281.0886,272.5488,274.1758,76309666
MSFT,2023-02-23,277.5966,278.4371,272.6857,275.1795,20267007
MSFT,2023-02-24,281.9623,282.5176,277.142,278.2516,19977080
MSFT,2023-02-27,282.2159,284.1569,270.7057,276.7608,28848242
MSFT,2023-02-28,272.7803,280.8144,271.6623,273.686,12292537
MSFT,2023-03-01,270.9676,278.8194,269.4546,273.1884,6070986
MSFT,2023-03-02,270.923,271.2792,268.6325,271.1322,21320220
MSFT,2023-03-03,259.0183,266.8407,257.987,263.2068,5796937
MSFT,2023-03-06,263.0034,273.5706,262.9749,267.2886,7449526
MSFT,2023-03-07,263.8602,265.0624,261.4552,263.8769,10099658
MSFT,2023-03-08,256.3435,265.5347,253.8375,258.9973,6812818
MSFT,2023-03-09,257.9974,258.4187,250.6446,257.432,3526141
MSFT,2023-03-10,255.782,255.9212,250.9363,255.7222,13932346
MSFT,2023-03-13,253.4972,263.3441,252.9319,258.1269,25914555
MSFT,2023-03-14,256.0286,258.9798,253.2051,258.661,17989208
MSFT,2023-03-15,263.2763,264.2319,257.2251,260.8653,4733540
MSFT,2023-03-16,259.6936,260.9136,250.8709,255.9942,23168588
MSFT,2023-03-17,255.7594,256.1715,250.7272,254.5011,7624419
MSFT,2023-03-20,251.7391,262.7057,251.2769,257.0742,2609082
MSFT,2023-03-21,264.7188,268.9623,264.3397,267.2123,18629939
MSFT,2023-03-22,260.1558,263.8531,258.1921,261.5281,7824817
MSFT,2023-03-23,273.7143,274.4801,263.7646,268.0026,3499077
MSFT,2023-03-24,278.0214,278.4709,272.3254,273.5955,31670663
MSFT,2023-03-27,280.1718,284.8707,279.0056,279.7226,9105372
MSFT,2023-03-28,281.7454,282.5207,278.1345,278.5722,71563729
MSFT,2023-03-29,288.2251,290.8667,282.4333,283.0818,8429719
MSFT,2023-03-30,277.3681,278.8173,274.8655,277.9301,14664320
MSFT,2023-03-31,278.4963,279.0959,271.2078,277.8836,9881130
MSFT,2023-04-03,281.6294,287.7989,280.8264,281.9176,11948999
MSFT,2023-04-04,280.2851,283.7852,279.8766,282.8762,4474531
MSFT,2023-04-05,284.4779,288.8953,283.7826,284.0338,12977895
MSFT,2023-04-06,279.1202,284.7707,277.25,280.6544,43993857
MSFT,2023-04-07,285.0871,288.3445,284.3108,286.6436,8053656
MSFT,2023-04-10,284.4189,284.9492,283.4314,284.8434,21288801
MSFT,2023-04-11,286.283,287.4153,282.1489,283.324,8173406
MSFT,2023-04-12,281.6724,284.4434,279.8649,284.2645,19992669
MSFT,2023-04-13,274.9603,282.3529,271.3742,275.7804,11066447
MSFT,2023-04-14,281.7585,282.296,279.255,279.3876,32823378
MSFT,2023-04-17,283.4386,289.9532,279.4373,282.1746,62688732
MSFT,2023-04-18,289.5667,289.9691,284.1623,284.1721,3573390
MSFT,2023-04-19,282.2891,285.9664,277.1382,283.2559,5316335
MSFT,2023-04-20,283.6424,288.2935,282.8734,286.4763,4241489
MSFT,2023-04-21,289.1073,294.4725,285.7148,290.0533,83738887
MSFT,2023-04-24,288.9798,297.2128,288.3128,290.4004,9612110
MSFT,2023-04-25,286.862,291.6056,286.5922,290.4716,9196093
MSFT,2023-04-26,292.4564,298.5709,290.1029,294.6563,31689128
MSFT,2023-04-27,292.5686,301.3583,291.7481,297.7019,38337120
MSFT,2023-04-28,295.7227,296.3392,291.935,292.9906,23637417
MSFT,2023-05-01,284.4066,284.5645,281.2107,283.7228,10082688
MSFT,2023-05-02,291.8435,293.3701,288.261,288.3215,58194316
MSFT,2023-05-03,289.2708,289.6562,289.051,289.1861,12575622
MSFT,2023-05-04,296.4211,302.4557,291.4542,297.7968,4754830
MSFT,2023-05-05,293.3607,296.6532,288.6204,291.6183,28142711
MSFT,2023-05-08,294.2774,294.7735,285.6251,292.4629,7072882
MSFT,2023-05-09,289.5575,293.6909,286.0116,292.5811,68043484
MSFT,2023-05-10,294.1536,294.4673,293.0176,293.9833,14711284
MSFT,2023-05-11,295.343,302.7825,290.1179,296.1653,21417909
MSFT,2023-05-12,294.0602,299.1883,289.1531,296.9155,34861182
MSFT,2023-05-15,295.8822,296.1301,295.223,296.0224,16334249
MSFT,2023-05-16,289.0964,299.7479,287.8043,294.9028,19464049
MSFT,2023-05-17,292.1184,294.9781,290.1427,294.2894,18561892
MSFT,2023-05-18,301.1346,301.4018,292.8429,295.5638,17171381
MSFT,2023-05-19,296.9913,305.0375,289.1975,297.0513,7975983
MSFT,2023-05-22,296.9567,299.4834,296.9119,298.5384,31610936
MSFT,2023-05-23,295.3034,302.2552,289.6882,295.2228,19656832
MSFT,2023-05-24,295.3557,297.8595,292.1528,293.8187,5222635
MSFT,2023-05-25,287.2088,292.1295,279.6097,285.764,246625022
MSFT,2023-05-26,295.0949,297.5126,282.5578,289.9678,49313906
MSFT,2023-05-29,290.8682,294.6912,290.6065,293.4798,8470117
MSFT,2023-05-30,294.0478,300.7454,293.6386,293.7931,22648185
MSFT,2023-05-31,291.1325,294.3668,285.6994,293.5517,33396707
MSFT,2023-06-01,293.8258,296.1972,291.5866,295.244,15352294
MSFT,2023-06-02,282.3707,286.9778,280.7292,286.681,21016989
MSFT,2023-06-05,287.0766,291.8566,280.9204,287.4582,57238743
MSFT,2023-06-06,284.3316,291.2236,281.1616,285.7085,4444393
MSFT,2023-06-07,282.4596,285.3122,281.4805,282.8298,4922037
MSFT,2023-06-08,282.8851,286.7724,277.1041,282.1609,12730268
MSFT,2023-06-09,274.7224,279.7748,269.813,273.8295,15162477
MSFT,2023-06-12,271.7163,277.7494,270.8914,274.2283,19571316
MSFT,2023-06-13,275.0174,275.6035,269.2278,269.9916,25546819
MSFT,2023-06-14,270.2797,275.865,265.0193,272.2061,12925471
MSFT,2023-06-15,269.3193,276.0283,264.1141,269.8142,11287306
MSFT,2023-06-16,269.3347,275.2506,266.9288,271.374,47959280
MSFT,2023-06-19,264.5386,274.4315,263.8282,269.8647,12433490
MSFT,2023-06-20,277.3923,277.9685,264.9466,271.3248,8347153
MSFT,2023-06-21,273.1834,273.5551,269.6806,273.1691,22458778
MSFT,2023-06-22,274.2335,277.4626,267.9441,274.3393,10705414
MSFT,2023-06-23,275.5563,276.5978,269.6719,271.6255,5661742
MSFT,2023-06-26,278.0266,283.1196,275.0434,275.6829,8196387
MSFT,2023-06-27,278.1286,278.1823,270.4475,274.2826,5099372
MSFT,2023-06-28,270.1095,274.15,266.877,267.496,6120645
MSFT,2023-06-29,272.6736,278.5759,270.2655,274.7405,18139826
MSFT,2023-06-30,277.5771,280.6495,273.8729,274.41,12370062
MSFT,2023-07-03,271.6304,276.249,270.9991,272.2117,21169674
MSFT,2023-07-04,276.4317,283.9236,274.154,279.8746,8502429
MSFT,2023-07-05,288.748,293.5973,283.076,290.5867,11633490
MSFT,2023-07-06,290.7154,295.9843,288.2337,291.6188,15697588
MSFT,2023-07-07,288.1719,289.457,286.5133,288.0214,3987618
MSFT,2023-07-10,292.2901,293.0404,281.6459,286.9589,31762213
MSFT,2023-07-11,281.7927,288.9004,280.3846,282.502,13736682
MSFT,2023-07-12,282.3378,284.2017,276.6813,280.281,5961294
MSFT,2023-07-13,271.0724,274.8838,264.4306,267.9746,3560832
MSFT,2023-07-14,269.0641,269.3095,266.7338,267.6084,42305356
MSFT,2023-07-17,270.7557,272.8126,268.7447,271.9646,25561800
MSFT,2023-07-18,271.4271,273.0887,264.4127,269.4478,12074954
MSFT,2023-07-19,270.7016,272.4634,264.4904,267.1116,12151698
MSFT,2023-07-20,260.3362,266.7559,256.0892,260.9352,20866984
MSFT,2023-07-21,262.5021,265.1757,257.7562,260.8041,18521961
MSFT,2023-07-24,266.1498,266.7445,257.5157,262.7621,7505170
MSFT,2023-07-25,261.3824,264.0443,259.2571,260.3517,19194628
MSFT,2023-07-26,264.9402,265.2045,261.2353,262.3976,26580442
MSFT,2023-07-27,261.7759,264.7361,258.2056,260.1904,10988072
MSFT,2023-07-28,267.6105,277.1622,264.1505,269.9773,14717100
MSFT,2023-07-31,266.064,267.1808,265.2009,265.5033,30265654
MSFT,2023-08-01,266.4787,270.4988,261.9959,269.3689,13586162
MSFT,2023-08-02,262.7824,268.5766,262.2151,268.4126,12241845
MSFT,2023-08-03,281.8339,281.8793,274.0205,280.9996,54088415
MSFT,2023-08-04,278.3162,288.9299,276.2455,281.2351,47532888
MSFT,2023-08-07,283.1054,285.7364,280.724,282.546,8987504
MSFT,2023-08-08,283.8085,284.0869,280.6777,282.6253,14839181
MSFT,2023-08-09,281.1437,283.8965,274.7103,280.7788,34717755
MSFT,2023-08-10,284.8279,291.606,278.1682,284.0774,9770050
MSFT,2023-08-11,286.1329,287.2108,278.7205,283.8364,44190618
MSFT,2023-08-14,287.7011,289.1638,279.7193,282.9854,8004120
MSFT,2023-08-15,270.6686,283.7813,269.752,276.9001,18732962
MSFT,2023-08-16,271.6929,275.6728,266.8946,271.2036,12955472
MSFT,2023-08-17,278.7102,282.8832,275.9201,275.9419,18989700
MSFT,2023-08-18,276.0554,279.2732,273.7849,277.1873,9934539
MSFT,2023-08-21,276.6713,280.1499,275.8832,278.4023,10775056
MSFT,2023-08-22,275.8881,277.6565,272.4064,275.6318,23640736
MSFT,2023-08-23,271.9084,274.8129,265.2434,269.5906,4434331
MSFT,2023-08-24,267.9737,270.4452,262.5063,266.6994,11854437
MSFT,2023-08-25,271.1703,273.4662,261.7774,269.0782,8630214
MSFT,2023-08-28,267.5746,272.093,266.5789,271.0804,16610558
MSFT,2023-08-29,281.8561,282.53,273.0718,274.9496,4619862
MSFT,2023-08-30,274.2736,276.8709,272.3736,276.0035,12549230
MSFT,2023-08-31,275.7699,280.3554,270.0453,275.7993,8295283
MSFT,2023-09-01,271.4459,274.7087,265.4495,272.8291,24477693
MSFT,2023-09-04,275.1498,279.5713,272.4515,277.0552,27202112
MSFT,2023-09-05,281.3167,283.1443,273.6754,278.0874,14777873
MSFT,2023-09-06,276.9087,277.0889,274.8222,275.1804,111840875
MSFT,2023-09-07,282.0565,283.3264,274.153,281.1911,14499813
MSFT,2023-09-08,278.2043,281.4126,275.7261,278.2471,8405123
MSFT,2023-09-11,288.1763,289.4904,279.7431,282.2051,51667130
MSFT,2023-09-12,279.929,282.3296,277.96,278.185,15466584
MSFT,2023-09-13,287.8448,292.352,283.2203,284.7379,9839629
MSFT,2023-09-14,277.665,283.6013,275.5999,281.7077,8615578
MSFT,2023-09-15,278.3961,279.7518,273.8466,278.7412,22814492
MSFT,2023-09-18,275.8427,278.0998,272.405,277.2668,25796346
MSFT,2023-09-19,268.4542,272.5373,265.4302,272.4681,65281731
MSFT,2023-09-20,274.3602,274.962,272.4332,273.8072,10676193
MSFT,2023-09-21,262.5428,268.2851,259.9555,264.7745,27085246
MSFT,2023-09-22,266.9233,267.5715,266.8676,267.073,24669654
MSFT,2023-09-25,264.7826,265.8753,258.5026,265.1969,138839522
MSFT,2023-09-26,272.2943,272.3646,261.756,266.4788,8385138
MSFT,2023-09-27,276.8348,278.8553,273.9416,274.7668,15660285
MSFT,2023-09-28,276.5794,283.1368,274.982,279.3083,13209456
MSFT,2023-09-29,290.2575,290.9341,281.167,283.9878,24182004
MSFT,2023-10-02,292.81,293.739,290.4413,291.5314,4814411
MSFT,2023-10-03,291.6233,299.0091,290.3477,293.8086,3235547
MSFT,2023-10-04,296.5549,297.5424,293.81,295.8703,19934439
MSFT,2023-10-05,299.9138,302.4382,293.1061,298.8754,9012233
MSFT,2023-10-06,305.1275,306.3591,299.5548,302.4923,7031883
MSFT,2023-10-09,308.3342,316.7099,307.1057,308.6011,108119728
MSFT,2023-10-10,304.1424,307.6659,302.9476,305.6954,4943608
MSFT,2023-10-11,311.5062,311.6487,309.0782,309.3478,1722883
MSFT,2023-10-12,310.1307,311.8097,305.3578,309.3641,46885258
MSFT,2023-10-13,314.422,315.9488,314.0556,315.2785,4742370
MSFT,2023-10-16,328.1202,329.8715,322.4082,327.2819,5818679
MSFT,2023-10-17,335.119,335.3724,320.211,326.8556,5818591
MSFT,2023-10-18,319.6214,321.4082,316.0824,317.9,24745287
MSFT,2023-10-19,313.1373,315.5022,312.5767,314.0541,5651241
MSFT,2023-10-20,321.6144,322.9662,309.7472,316.9478,6172764
MSFT,2023-10-23,310.48,321.4856,309.6862,316.7196,16214171
MSFT,2023-10-24,323.8976,326.6282,317.0552,319.3115,1979059
MSFT,2023-10-25,318.0083,329.8591,312.3024,321.012,30802776
MSFT,2023-10-26,308.8459,315.5873,305.5101,313.2709,9598507
MSFT,2023-10-27,311.7552,314.2524,305.9284,313.9412,28848667
MSFT,2023-10-30,308.8158,313.3833,305.2191,312.7841,11072637
MSFT,2023-10-31,308.3361,308.3827,304.1856,307.8114,14201533
MSFT,2023-11-01,306.647,313.1217,304.3497,307.4126,26773967
MSFT,2023-11-02,315.1155,319.7006,304.9843,312.6005,20276855
MSFT,2023-11-03,301.351,310.7278,300.2257,306.8971,17421495
MSFT,2023-11-06,301.5351,310.8805,297.1272,303.2293,5941390
MSFT,2023-11-07,300.4657,306.5762,294.042,302.083,10615370
MSFT,2023-11-08,301.7719,305.3232,296.8822,302.0912,39618548
MSFT,2023-11-09,310.7186,314.0546,299.8988,307.4385,13622654
MSFT,2023-11-10,309.3223,312.9996,300.6149,304.679,9840609
MSFT,2023-11-13,303.4055,313.0275,300.1329,305.9073,10630970
MSFT,2023-11-14,307.0497,314.2762,298.5511,306.9439,62442151
MSFT,2023-11-15,313.1246,315.2519,312.5803,313.7299,11003336
MSFT,2023-11-16,308.5154,314.8916,306.521,311.0164,11994149
MSFT,2023-11-17,309.8791,312.8326,306.2736,311.8582,9420948
MSFT,2023-11-20,315.8283,323.1452,313.8823,321.744,20538347
MSFT,2023-11-21,327.9726,334.5234,319.7344,326.1685,60583276
MSFT,2023-11-22,326.181,327.3755,325.9096,326.9697,22664126
MSFT,2023-11-23,325.0172,327.8764,322.5688,327.3046,15347538
MSFT,2023-11-24,323.5963,326.7742,318.8911,326.5045,17321097
MSFT,2023-11-27,328.5914,339.894,327.0252,333.6359,3890879
MSFT,2023-11-28,322.8002,327.4941,322.3193,325.7842,9471120
MSFT,2023-11-29,333.5986,341.0515,330.1022,332.7711,23812151
MSFT,2023-11-30,336.1877,338.8449,326.4182,333.3962,99523241
MSFT,2023-12-01,328.8805,339.331,327.2039,332.2723,58199429
MSFT,2023-12-04,335.7609,339.6138,327.7117,330.6111,31105274
MSFT,2023-12-05,329.2561,337.8669,322.0077,331.1362,15239386
MSFT,2023-12-06,326.0382,331.4758,323.9346,331.4436,2469455
MSFT,2023-12-07,324.1184,331.4942,320.4624,328.0464,46575702
MSFT,2023-12-08,325.9421,333.3487,321.2081,329.3967,12727331
MSFT,2023-12-11,330.1993,337.6535,325.8032,329.3911,19998385
MSFT,2023-12-12,340.1383,340.9876,326.1931,334.4605,5782518
MSFT,2023-12-13,334.7751,339.0777,331.9207,334.9279,14596044
MSFT,2023-12-14,333.976,341.9756,333.6257,339.446,2893632
MSFT,2023-12-15,337.4421,341.5333,334.4832,336.2975,8825642
MSFT,2023-12-18,337.2981,341.8029,331.4565,338.2596,38696295
MSFT,2023-12-19,335.5263,338.8976,334.496,334.6391,22859131
MSFT,2023-12-20,330.6378,337.6882,324.323,329.4898,22156393
MSFT,2023-12-21,334.4785,341.0003,330.7446,336.4743,14120190
MSFT,2023-12-22,328.6825,334.0722,328.2295,332.4082,31819924
MSFT,2023-12-25,326.3728,334.6476,326.1843,328.3389,18249270
MSFT,2023-12-26,330.6729,339.1725,323.5897,332.7031,22792184
MSFT,2023-12-27,335.3312,343.6557,330.2261,338.4117,11738632
MSFT,2023-12-28,345.7151,346.0118,330.8738,338.0037,19899790
MSFT,2023-12-29,327.0347,337.0662,321.3624,328.5006,6499780
MSFT,2024-01-01,314.0686,317.8327,312.5253,316.7985,12728396
MSFT,2024-01-02,321.2041,327.5817,319.7576,323.2074,29893792
MSFT,2024-01-03,324.469,335.6991,322.5698,328.4414,23015614
MSFT,2024-01-04,334.7852,338.4651,333.4497,334.7279,29203225
MSFT,2024-01-05,334.1297,342.718,333.4389,338.2411,37064163
MSFT,2024-01-08,349.976,354.9972,336.9995,345.463,22137239
MSFT,2024-01-09,337.6373,339.6096,333.4264,338.6219,55157738
MSFT,2024-01-10,330.9152,333.1049,328.6742,332.6866,43376282
MSFT,2024-01-11,335.4859,340.1938,330.8352,339.0067,14932565
MSFT,2024-01-12,350.9203,354.3997,344.9417,345.4183,14656580
MSFT,2024-01-15,344.7234,350.3475,344.4096,347.056,49911139
MSFT,2024-01-16,354.1814,354.2718,343.1344,351.5585,54918066
MSFT,2024-01-17,345.155,346.7769,332.6141,341.0017,14147305
MSFT,2024-01-18,344.5513,345.4926,334.745,340.9053,19242691
MSFT,2024-01-19,334.7015,340.7979,334.0979,338.3426,13940882
MSFT,2024-01-22,348.2961,349.2588,335.2597,340.3755,14471481
MSFT,2024-01-23,340.8236,341.2825,333.2358,340.6602,13407523
MSFT,2024-01-24,335.4524,336.4771,334.846,335.9277,5184450
MSFT,2024-01-25,343.1975,343.4238,331.4782,339.0648,14698089
MSFT,2024-01-26,330.5202,341.017,330.0415,337.0245,8200769
MSFT,2024-01-29,335.6936,337.8284,325.9142,329.9435,63891234
MSFT,2024-01-30,330.5471,335.29,323.6181,331.0474,17555217
MSFT,2024-01-31,333.3372,335.5057,322.7514,331.0656,13665208
MSFT,2024-02-01,328.8367,331.1478,323.1406,325.9618,3808070
MSFT,2024-02-02,324.7475,330.9663,317.959,325.1457,8495039
MSFT,2024-02-05,316.1372,322.371,312.8593,320.4759,24848754
MSFT,2024-02-06,321.0282,321.8754,316.6992,317.7169,10177282
MSFT,2024-02-07,329.3273,329.6606,314.9094,323.2021,26390433
MSFT,2024-02-08,327.8403,329.392,322.6305,324.5486,28329203
MSFT,2024-02-09,326.9334,327.9196,323.5425,324.927,11842057
MSFT,2024-02-12,328.1804,328.9056,322.1658,322.7807,7296543
MSFT,2024-02-13,324.5099,332.2233,321.8553,325.0987,73229332
MSFT,2024-02-14,322.5102,329.0846,317.7362,326.0356,3317943
MSFT,2024-02-15,340.443,343.7847,330.6628,334.7023,26445299
MSFT,2024-02-16,324.707,331.1042,322.559,329.1063,20651464
MSFT,2024-02-19,325.6108,329.3391,324.8097,327.5666,37942334
MSFT,2024-02-20,337.5762,338.1097,320.8743,329.1561,6941775
MSFT,2024-02-21,323.7932,331.2545,323.375,326.3679,79913016
MSFT,2024-02-22,331.7,337.2479,327.1794,330.787,2747384
MSFT,2024-02-23,334.3608,338.8235,328.5746,330.0333,19398778
MSFT,2024-02-26,329.5973,330.4652,321.5802,330.1539,13112347
MSFT,2024-02-27,327.1573,335.4979,326.9209,329.7495,18081326
MSFT,2024-02-28,334.1888,334.2239,323.3205,332.0741,14317531
MSFT,2024-02-29,327.6984,330.5067,321.5437,326.991,18276276
MSFT,2024-03-01,332.3891,338.8579,328.2696,332.3709,45295036
MSFT,2024-03-04,333.6661,337.2875,327.7329,331.4641,9242995
MSFT,2024-03-05,343.0744,343.7311,332.6944,335.1847,10451786
MSFT,2024-03-06,325.1797,336.7998,322.5901,328.6651,1094580
MSFT,2024-03-07,343.354,343.7985,332.1078,335.4301,6475857
MSFT,2024-03-08,338.986,352.2297,338.2776,344.9672,16277967
MSFT,2024-03-11,349.9658,351.5614,334.4947,343.3501,28276295
MSFT,2024-03-12,338.4662,345.1655,333.1991,338.7214,47346844
MSFT,2024-03-13,345.6555,346.4109,341.8395,342.2553,9224994
MSFT,2024-03-14,347.2386,348.4855,345.4071,346.6478,24353754
MSFT,2024-03-15,353.4872,358.3992,344.6047,351.1657,18418963
MSFT,2024-03-18,365.6805,365.8321,357.1355,357.6127,7934091
MSFT,2024-03-19,356.784,358.2148,353.0797,356.0807,47192109
MSFT,2024-03-20,357.0969,360.5436,356.5997,359.3631,75046334
MSFT,2024-03-21,363.2729,363.456,356.8439,362.9971,16339277
MSFT,2024-03-22,357.4996,365.8225,356.6381,362.8067,19819332
MSFT,2024-03-25,360.7521,373.2362,358.1175,364.3443,46115351
MSFT,2024-03-26,362.4147,367.6152,351.0519,360.1284,11902984
MSFT,2024-03-27,360.9089,363.3955,359.1983,359.5297,18006185
MSFT,2024-03-28,348.1297,348.2632,347.9518,348.1373,17130504
MSFT,2024-03-29,360.043,363.8265,357.6559,358.3879,7922864
MSFT,2024-04-01,362.6211,362.6851,346.2149,355.0264,18490261
MSFT,2024-04-02,341.3006,348.9535,339.1696,347.7457,14542960
MSFT,2024-04-03,354.0664,354.1981,344.4085,351.212,62953400
MSFT,2024-04-04,353.8987,355.9023,347.5968,352.0708,12938853
MSFT,2024-04-05,353.8042,354.8862,353.2269,354.8071,8097868
MSFT,2024-04-08,359.3527,370.6496,357.6645,360.7957,15630461
MSFT,2024-04-09,359.4466,362.4067,355.3233,357.8503,22181002
MSFT,2024-04-10,348.3032,358.636,345.4086,353.0322,6281951
MSFT,2024-04-11,354.7424,354.9728,353.8886,354.0381,29672434
MSFT,2024-04-12,340.6451,356.5678,339.8704,347.9615,8907656
MSFT,2024-04-15,349.1127,357.6856,343.056,348.4235,45740050
MSFT,2024-04-16,351.2172,357.1874,347.4951,348.6223,16752211
MSFT,2024-04-17,346.0677,346.6773,340.7937,340.8551,23913046
MSFT,2024-04-18,341.6478,343.0757,331.5178,334.6163,95684228
MSFT,2024-04-19,328.8487,332.2631,324.4032,327.3363,8525439
MSFT,2024-04-22,325.8853,335.34,321.604,328.6274,22998329
MSFT,2024-04-23,331.6166,333.8524,322.439,326.2284,20887105
MSFT,2024-04-24,326.23,332.9702,322.541,326.6842,16097774
MSFT,2024-04-25,331.9877,337.1873,320.1447,328.2412,25822513
MSFT,2024-04-26,335.2096,336.5562,328.0413,335.4912,50739246
MSFT,2024-04-29,336.3959,336.9418,335.1194,336.8846,54855338
MSFT,2024-04-30,335.0003,346.1589,334.1923,340.4221,40046559
MSFT,2024-05-01,343.2442,346.6574,339.9801,345.4654,8550066
MSFT,2024-05-02,349.467,351.1987,349.2484,350.2816,14954429
MSFT,2024-05-03,345.8992,348.176,339.7332,344.9983,21524694
MSFT,2024-05-06,342.6866,354.2817,340.354,349.7856,7224300
MSFT,2024-05-07,350.3111,353.264,341.433,348.2755,7055157
MSFT,2024-05-08,351.0707,354.7004,342.6271,350.0553,2503520
MSFT,2024-05-09,347.8727,360.9471,345.4822,351.4106,11615571
MSFT,2024-05-10,353.5402,358.0381,351.3077,356.3356,8916114
MSFT,2024-05-13,356.2052,370.5753,353.9027,363.9442,4959567
MSFT,2024-05-14,361.7755,363.1911,361.3907,363.1788,5975167
MSFT,2024-05-15,355.4242,371.9925,352.8324,362.6776,21889232
MSFT,2024-05-16,365.4095,365.4563,361.7436,364.5602,13339116
MSFT,2024-05-17,364.938,369.4325,351.6132,360.2019,5016811
MSFT,2024-05-20,378.2835,382.8735,367.0165,372.9845,35006157
MSFT,2024-05-21,365.2582,378.4463,363.3296,370.8832,4684015
MSFT,2024-05-22,356.0545,364.5108,354.5708,361.7336,2797179
MSFT,2024-05-23,367.4152,367.9752,359.9332,363.5525,10442117
MSFT,2024-05-24,366.1605,366.7393,361.0358,362.9873,10306257
MSFT,2024-05-27,359.9796,367.7713,354.6283,363.5598,5695279
MSFT,2024-05-28,370.4092,373.3979,362.902,363.4807,15203155
MSFT,2024-05-29,353.0871,358.403,349.5743,354.085,5127740
MSFT,2024-05-30,347.6689,350.6997,341.1151,348.5334,8393065
MSFT,2024-05-31,339.7828,341.1453,333.8609,340.2996,1993325
MSFT,2024-06-03,334.5902,345.1815,334.1388,342.3486,14038498
MSFT,2024-06-04,357.109,357.7428,346.4026,348.5101,10235443
MSFT,2024-06-05,351.1054,361.7588,347.0461,352.3314,16355503
MSFT,2024-06-06,350.181,350.4758,348.2315,349.0166,8482122
MSFT,2024-06-07,353.6764,354.0836,353.3982,353.9464,10716367
MSFT,2024-06-10,359.7065,368.1992,354.2021,363.9853,3629327
MSFT,2024-06-11,372.9479,374.6731,371.8262,374.2522,9190211
MSFT,2024-06-12,375.3084,386.7998,374.5691,378.3661,34363636
MSFT,2024-06-13,368.0449,378.778,367.642,370.7299,7431687
MSFT,2024-06-14,376.8391,378.0425,372.8055,375.9963,12330357
MSFT,2024-06-17,375.7703,378.4251,371.7122,374.8531,5314493
MSFT,2024-06-18,378.3206,385.6037,372.7396,376.7637,22987424
MSFT,2024-06-19,385.5351,388.2835,375.4509,378.1312,10881379
MSFT,2024-06-20,372.3553,380.0749,362.735,372.4476,3112967
MSFT,2024-06-21,367.3456,370.4159,364.1082,369.3776,43195856
MSFT,2024-06-24,371.2315,378.2549,360.9509,370.7033,12629956
MSFT,2024-06-25,372.6138,376.4237,365.8561,370.0363,10473739
MSFT,2024-06-26,369.7364,375.7371,361.753,368.4734,2616251
MSFT,2024-06-27,370.1961,371.7558,357.9086,366.0767,21551499
MSFT,2024-06-28,366.4146,366.7292,359.2387,363.8877,1956404
MSFT,2024-07-01,368.9842,373.6293,367.4726,369.8906,6838881
MSFT,2024-07-02,375.4998,382.5775,374.9048,382.2096,7938528
MSFT,2024-07-03,376.1493,388.1407,375.804,381.08,7024583
MSFT,2024-07-04,384.0042,394.6982,377.1554,385.4716,13544635
MSFT,2024-07-05,379.8333,388.0605,374.3169,382.7625,4804488
MSFT,2024-07-08,390.4288,391.4641,373.3834,381.0054,4233632
MSFT,2024-07-09,380.5029,387.5229,375.0631,385.3932,10185341
MSFT,2024-07-10,371.7648,373.6021,366.8441,370.8182,5570550
MSFT,2024-07-11,379.0156,380.2157,367.4564,371.8982,6755925
MSFT,2024-07-12,376.3888,377.3539,374.1611,374.3907,20924554
MSFT,2024-07-15,387.2073,388.128,372.8089,379.3096,15183901
MSFT,2024-07-16,366.7804,371.9199,365.9256,370.0188,13602525
MSFT,2024-07-17,371.4064,375.2986,368.2643,371.3738,6917552
MSFT,2024-07-18,373.9494,380.6959,371.3751,380.553,47603092
MSFT,2024-07-19,381.489,387.607,380.1315,381.3859,58397562
MSFT,2024-07-22,383.5079,389.213,381.4533,388.6459,40661239
MSFT,2024-07-23,388.0204,393.9541,383.8031,385.485,12667284
MSFT,2024-07-24,400.0433,402.3221,390.3538,392.6774,36944270
MSFT,2024-07-25,383.9148,394.6509,382.6653,387.5844,18646337
MSFT,2024-07-26,395.9898,397.9939,390.5472,397.6633,5663071
MSFT,2024-07-29,394.6615,395.0478,389.374,391.1849,15047115
MSFT,2024-07-30,397.472,404.1524,389.0731,399.2104,27215528
MSFT,2024-07-31,402.6374,406.8769,390.6258,397.8818,24112670
MSFT,2024-08-01,401.0713,408.9877,398.1868,403.3367,65720982
MSFT,2024-08-02,398.6949,404.1316,397.3864,398.6286,3194513
MSFT,2024-08-05,414.8787,420.5236,402.2258,409.9144,10287382
MSFT,2024-08-06,413.1828,414.1339,404.1287,405.7887,21600169
MSFT,2024-08-07,400.57,407.9411,395.5164,403.1366,16169175
MSFT,2024-08-08,406.0018,406.6593,402.8496,403.5424,15590432
MSFT,2024-08-09,411.6908,414.9448,409.1411,410.8779,8783066
MSFT,2024-08-12,413.6395,420.5315,406.1988,409.8967,14060266
MSFT,2024-08-13,417.1093,422.1996,406.1714,411.6926,14335643
MSFT,2024-08-14,412.6665,413.8026,406.3923,411.6767,10935045
MSFT,2024-08-15,416.845,420.9099,411.3755,413.9769,32351056
MSFT,2024-08-16,417.926,419.3048,412.1931,416.7909,3901494
MSFT,2024-08-19,414.6095,416.6245,414.3305,414.7338,6093199
MSFT,2024-08-20,410.7501,419.2717,405.2843,411.1891,24422051
MSFT,2024-08-21,414.7774,419.9249,405.9688,412.5508,13212198
MSFT,2024-08-22,407.8114,409.995,404.3178,408.5476,15524800
MSFT,2024-08-23,406.3459,421.9108,403.6344,414.0733,3603150
MSFT,2024-08-26,424.3371,428.9882,416.8775,419.5152,39764035
MSFT,2024-08-27,427.2863,428.0884,422.6372,426.0301,7464996
MSFT,2024-08-28,423.8673,431.457,419.7076,422.3068,3611253
MSFT,2024-08-29,422.8563,427.8478,422.6766,426.8173,26934627
MSFT,2024-08-30,417.5649,423.2686,411.5938,416.899,41924737
MSFT,2024-09-02,419.1423,422.9435,403.2557,411.9855,26766448
MSFT,2024-09-03,413.9906,414.5204,413.9151,414.0777,9169705
MSFT,2024-09-04,411.2237,419.6915,400.7215,410.0832,23051410
MSFT,2024-09-05,417.3639,422.5231,404.9697,416.0626,7747151
MSFT,2024-09-06,430.9419,432.2265,415.5337,422.9219,11862928
MSFT,2024-09-09,420.5587,426.7652,419.0041,423.7318,5465830
MSFT,2024-09-10,420.9432,421.412,408.3262,419.7234,18261816
MSFT,2024-09-11,437.4166,438.4728,434.8045,436.7582,11357624
MSFT,2024-09-12,438.4133,447.2967,436.7966,439.8905,15250678
MSFT,2024-09-13,438.6873,440.6613,429.9514,431.7979,9433473
MSFT,2024-09-16,435.5936,442.8417,431.6263,440.593,13725896
MSFT,2024-09-17,440.1082,455.4639,432.2843,444.5177,17518958
MSFT,2024-09-18,442.7484,448.2273,433.1988,443.4386,17605244
MSFT,2024-09-19,432.6496,444.5649,431.1052,441.5707,3033084
MSFT,2024-09-20,455.2237,457.509,444.2476,447.6695,19278335
MSFT,2024-09-23,453.2278,460.1701,450.1827,457.2662,15358422
MSFT,2024-09-24,452.9948,465.3598,452.0392,463.4523,29884379
MSFT,2024-09-25,462.1272,472.8651,457.8087,464.3562,8980129
MSFT,2024-09-26,456.3483,467.0774,449.6,457.9373,27109815
MSFT,2024-09-27,454.3204,462.2499,451.6571,456.2288,26509416
MSFT,2024-09-30,459.9449,468.023,459.1802,460.0382,18227285
MSFT,2024-10-01,462.7771,466.3339,455.4492,465.3344,13395807
MSFT,2024-10-02,463.7208,470.4671,454.5474,463.1552,25603516
MSFT,2024-10-03,451.241,457.7876,444.7816,450.4103,74504581
MSFT,2024-10-04,441.6497,461.486,441.2828,451.4331,11236448
MSFT,2024-10-07,467.4156,468.6683,459.2582,460.1653,98981113
MSFT,2024-10-08,455.8713,465.3951,455.1181,457.014,14805573
MSFT,2024-10-09,459.9888,467.821,447.1935,458.7118,25922977
MSFT,2024-10-10,456.4624,456.7389,450.6098,451.0641,18621917
MSFT,2024-10-11,441.6089,454.23,437.8107,448.9248,15401647
MSFT,2024-10-14,452.1265,456.9213,449.0687,454.5856,1597655
MSFT,2024-10-15,454.3618,459.7919,448.2283,455.5104,6047459
MSFT,2024-10-16,451.5086,454.4776,446.2894,449.2434,6577583
MSFT,2024-10-17,453.2609,458.9805,440.3519,451.8213,43597044
MSFT,2024-10-18,453.7059,462.5216,449.768,454.5841,41443394
MSFT,2024-10-21,460.5238,471.6325,454.9309,462.3407,17625933
MSFT,2024-10-22,458.8471,465.0397,455.4836,463.0051,22858763
MSFT,2024-10-23,469.6445,479.7168,465.6731,469.2143,16340515
MSFT,2024-10-24,462.2297,465.7708,462.0436,462.1318,4849519
MSFT,2024-10-25,474.7348,479.3355,469.2296,473.2457,74098742
MSFT,2024-10-28,472.6678,478.0555,468.2572,474.1426,5756492
MSFT,2024-10-29,473.3272,474.2106,466.1408,468.7564,86167778
MSFT,2024-10-30,447.6222,454.8071,447.4527,451.5912,43459697
MSFT,2024-10-31,452.6682,454.8307,449.5709,452.0667,29358354
MSFT,2024-11-01,449.8102,453.8931,446.2701,448.5886,22265213
MSFT,2024-11-04,462.4715,467.5465,455.7631,460.332,32265880
MSFT,2024-11-05,454.321,457.1627,451.8416,456.5357,23711295
MSFT,2024-11-06,459.9223,464.3288,456.1281,462.9158,15222731
MSFT,2024-11-07,460.3716,463.1111,459.1176,460.117,6918146
MSFT,2024-11-08,464.1909,469.2723,447.7909,458.4716,37688959
MSFT,2024-11-11,448.9362,457.8287,446.0033,454.2817,9080420
MSFT,2024-11-12,459.7679,476.3448,452.9258,465.0699,11625383
MSFT,2024-11-13,463.1568,477.3441,456.9203,467.172,50467549
MSFT,2024-11-14,477.1351,481.5049,470.3727,473.5833,30012075
MSFT,2024-11-15,477.3463,485.3367,474.1599,481.8843,2772833
MSFT,2024-11-18,481.5474,482.9092,477.2568,477.4841,10988590
MSFT,2024-11-19,483.2733,485.4291,480.128,483.1347,5071495
MSFT,2024-11-20,474.5151,489.5523,470.3102,479.9352,14631271
MSFT,2024-11-21,469.5177,477.7986,457.9575,469.4381,7458890
MSFT,2024-11-22,474.4973,474.5311,459.7983,472.4661,12631643
MSFT,2024-11-25,473.5897,474.0191,470.9428,473.2164,6156079
MSFT,2024-11-26,468.1371,478.0187,462.8688,474.0589,5891421
MSFT,2024-11-27,475.4144,477.3718,467.5673,471.9717,49841669
MSFT,2024-11-28,480.0519,480.4927,479.8614,479.9966,40741078
MSFT,2024-11-29,471.9847,473.5849,467.797,468.6295,7786875
MSFT,2024-12-02,468.1297,469.6374,457.6105,469.2811,19084351
MSFT,2024-12-03,471.7799,481.2219,467.0592,478.5156,34724223
MSFT,2024-12-04,473.5812,483.2394,468.8076,473.952,23343431
MSFT,2024-12-05,474.8716,475.2416,469.0827,469.1128,40902952
MSFT,2024-12-06,469.8586,479.5082,469.1458,472.0031,13810482
MSFT,2024-12-09,465.5328,472.4897,460.9612,470.0255,5522105
MSFT,2024-12-10,464.5152,482.9645,463.5838,470.7701,19881439
MSFT,2024-12-11,476.9089,477.4379,469.5674,474.9303,73594176
MSFT,2024-12-12,473.1965,478.4001,471.0426,475.1254,11894050
MSFT,2024-12-13,474.5983,476.4116,471.0264,474.9926,25235112
MSFT,2024-12-16,477.1427,483.5024,464.9049,473.766,6527733
MSFT,2024-12-17,475.2855,476.0382,468.3888,475.6688,5509761
MSFT,2024-12-18,489.2974,490.8789,479.5536,481.4333,11799330
MSFT,2024-12-19,471.6781,475.9479,463.614,475.2876,30006917
MSFT,2024-12-20,465.6876,470.6739,461.3394,465.0263,2660045
MSFT,2024-12-23,462.9292,468.673,461.8743,465.9886,17982242
MSFT,2024-12-24,455.5219,459.895,454.6766,455.2688,10611905
MSFT,2024-12-25,441.6607,446.7949,437.4862,441.6278,7293526
MSFT,2024-12-26,436.206,446.6389,433.5808,435.506,58663084
MSFT,2024-12-27,432.3776,441.8382,432.2214,432.333,13814771
MSFT,2024-12-30,426.4449,430.119,426.4079,428.8376,36570466
MSFT,2024-12-31,435.2151,437.9258,427.7327,433.0254,15759680
MSFT,2025-01-01,449.6594,452.2552,438.1641,442.6448,48634078
MSFT,2025-01-02,435.4199,446.3721,429.5903,436.9745,20233043
MSFT,2025-01-03,444.1271,448.1464,436.9271,439.0392,8389286
MSFT,2025-01-06,445.063,450.9299,428.8145,439.9132,20037001
MSFT,2025-01-07,434.8354,441.6716,432.9432,435.7816,11832731
MSFT,2025-01-08,432.38,434.5671,431.4604,432.9852,2146844
MSFT,2025-01-09,455.3398,455.3496,438.9176,448.1265,35627813
MSFT,2025-01-10,450.6354,457.6803,436.8424,448.7534,10362637
MSFT,2025-01-13,453.8337,455.0646,444.9194,450.4043,17778350
MSFT,2025-01-14,444.7883,448.7744,434.0304,440.7056,31954445
MSFT,2025-01-15,451.198,458.237,444.293,452.2665,9920378
MSFT,2025-01-16,462.1692,463.3498,444.9841,455.4933,7009489
MSFT,2025-01-17,452.6448,462.7047,449.684,457.8027,25935565
MSFT,2025-01-20,459.2448,472.9878,456.8511,462.8702,7883478
MSFT,2025-01-21,444.8639,450.7896,444.6163,448.5532,13697159
MSFT,2025-01-22,459.3854,463.7633,454.3732,459.3927,9989935
MSFT,2025-01-23,457.2616,465.5648,454.5321,456.3972,2605274
MSFT,2025-01-24,460.0214,463.9609,444.7972,456.7024,24537719
MSFT,2025-01-27,464.0303,471.6093,457.6288,459.1461,17843912
MSFT,2025-01-28,451.5512,459.1718,446.1245,454.8019,13939791
MSFT,2025-01-29,469.2897,471.3149,451.3011,462.7268,8514285
MSFT,2025-01-30,457.847,471.5911,457.3329,461.0561,15744583
MSFT,2025-01-31,460.0343,460.1261,456.8923,458.2077,9672821
MSFT,2025-02-03,452.8203,453.5299,447.3187,451.3008,6403395
MSFT,2025-02-04,452.3975,454.4009,450.4554,452.2366,5780492
MSFT,2025-02-05,444.5894,451.6109,443.2165,448.8699,21797693
MSFT,2025-02-06,443.6423,447.6468,441.2202,445.863,24336453
MSFT,2025-02-07,446.2885,448.5585,433.4251,441.3279,54797876
MSFT,2025-02-10,448.8505,452.0697,434.5306,443.0326,23990351
MSFT,2025-02-11,446.1116,448.5321,433.9932,444.8083,27577996
MSFT,2025-02-12,446.1763,447.2177,433.789,441.1155,62047621
MSFT,2025-02-13,451.9203,458.2554,448.1323,448.2605,15649132
MSFT,2025-02-14,450.4863,452.6629,443.3576,444.2364,4219489
MSFT,2025-02-17,443.2369,445.8032,437.1918,440.333,53725757
MSFT,2025-02-18,450.1514,451.381,441.3315,443.297,31572342
MSFT,2025-02-19,442.0653,446.5076,437.6582,443.2152,6414407
MSFT,2025-02-20,435.2853,453.0869,434.9675,441.9154,22839821
MSFT,2025-02-21,451.0097,454.3678,445.8751,447.634,21673695
MSFT,2025-02-24,458.411,462.9357,451.8314,453.8146,16739485
MSFT,2025-02-25,455.7865,469.2155,446.4347,458.2332,23526205
MSFT,2025-02-26,465.5743,470.8834,458.1955,466.7974,19374393
MSFT,2025-02-27,469.4796,476.2783,457.0863,467.6154,26570039
MSFT,2025-02-28,464.6649,476.0483,462.168,472.1659,39283479
MSFT,2025-03-03,462.4278,478.7402,461.974,470.0981,16731039
MSFT,2025-03-04,460.773,470.019,458.1188,467.4983,7755796
MSFT,2025-03-05,455.0488,456.2056,448.4068,455.6548,10095931
MSFT,2025-03-06,451.36,458.7431,449.7745,457.9278,69264767
MSFT,2025-03-07,468.7127,469.5221,466.2949,467.2827,72284594
MSFT,2025-03-10,449.8008,454.9625,448.8637,453.5464,12919941
MSFT,2025-03-11,452.8724,454.0621,442.8779,447.8615,20338396
MSFT,2025-03-12,456.7728,461.3978,451.4036,454.7075,27868818
MSFT,2025-03-13,443.5295,449.8555,430.4674,440.6934,67997634
MSFT,2025-03-14,453.0105,453.908,440.6246,446.848,18068370
MSFT,2025-03-17,438.5194,443.1004,436.2906,440.1171,20712110
MSFT,2025-03-18,434.916,444.7849,428.356,439.8868,6651364
MSFT,2025-03-19,431.1299,443.6209,427.6537,436.414,50016016
MSFT,2025-03-20,434.3124,436.7838,423.8673,435.0845,10565171
MSFT,2025-03-21,429.0908,437.2695,428.7012,437.0622,23514184
MSFT,2025-03-24,431.9685,442.3872,427.8885,439.7428,24694862
MSFT,2025-03-25,437.419,443.3657,423.5422,432.8092,15974222
MSFT,2025-03-26,443.5086,445.7456,436.411,438.2747,26267894
MSFT,2025-03-27,432.2654,438.9926,424.7749,431.6588,8327758
MSFT,2025-03-28,419.2843,430.1444,419.0638,427.7829,6695278
MSFT,2025-03-31,430.6539,434.1331,420.4824,429.2571,33771812
MSFT,2025-04-01,427.6483,433.0782,426.6041,428.9428,11113137
MSFT,2025-04-02,425.3089,427.5872,424.2281,425.3642,34537083
MSFT,2025-04-03,437.8981,439.3077,425.3309,436.0426,22273893
MSFT,2025-04-04,439.302,440.2497,427.6297,435.9566,14429116
MSFT,2025-04-07,443.091,448.9045,433.9419,440.8402,5808165
MSFT,2025-04-08,449.7321,455.5224,444.8512,446.8828,19678983
MSFT,2025-04-09,445.6074,445.7002,432.5525,442.9117,18507879
MSFT,2025-04-10,451.4893,454.0798,441.7675,446.5371,69930399
MSFT,2025-04-11,441.1875,457.0445,439.7466,450.9986,12747808
MSFT,2025-04-14,454.8001,457.5597,442.9336,449.6933,20528366
MSFT,2025-04-15,454.3529,457.9224,451.6152,452.9303,7142982
MSFT,2025-04-16,448.7771,449.5689,448.6318,449.5587,54016222
MSFT,2025-04-17,440.3926,457.3441,437.3458,446.2122,14401629
MSFT,2025-04-18,448.668,449.8617,438.1916,440.9268,3694946
MSFT,2025-04-21,432.3049,443.5209,426.8955,433.2401,19042617
MSFT,2025-04-22,449.8516,451.2681,437.6931,442.6754,8914149
MSFT,2025-04-23,438.051,440.748,430.9992,440.2178,14882479
MSFT,2025-04-24,440.7797,449.9599,430.7285,442.1797,9528041
MSFT,2025-04-25,449.0418,452.5466,448.5299,449.465,4636309
MSFT,2025-04-28,435.2621,439.0942,426.5384,437.6775,4219806
MSFT,2025-04-29,429.9903,440.0497,426.6915,433.0926,34585137
MSFT,2025-04-30,422.8671,437.3523,422.622,431.4038,7311677
MSFT,2025-05-01,434.0777,437.9824,425.141,429.6289,4119066
MSFT,2025-05-02,431.6238,442.2917,425.7805,433.1233,6021999
MSFT,2025-05-05,435.8737,440.3666,431.249,434.9629,9985591
MSFT,2025-05-06,420.9957,425.8156,419.1873,421.8005,6650105
MSFT,2025-05-07,421.3103,423.2674,406.0096,414.4902,22998998
MSFT,2025-05-08,402.5334,412.9278,400.8029,407.8962,8681493
MSFT,2025-05-09,411.4345,414.8428,400.3721,403.7802,8334582
MSFT,2025-05-12,399.2112,399.2726,398.9912,399.0338,10212875
MSFT,2025-05-13,393.0378,396.6424,385.1781,391.2417,20234518
MSFT,2025-05-14,386.2962,397.1268,383.697,394.1141,8642370
MSFT,2025-05-15,386.7895,392.6198,384.9227,389.3577,8073273
MSFT,2025-05-16,397.507,399.9387,390.8286,393.0758,6447588
MSFT,2025-05-19,391.7614,397.5121,383.679,386.8201,11709331
MSFT,2025-05-20,389.3138,391.5626,384.8919,391.4555,16447780
MSFT,2025-05-21,377.2235,386.4267,375.9891,386.3206,13602175
MSFT,2025-05-22,377.8355,391.8713,377.2646,387.5906,12850413
MSFT,2025-05-23,387.4617,391.9031,382.1553,382.3469,26575889
MSFT,2025-05-26,381.2724,385.0816,380.189,381.292,65816188
MSFT,2025-05-27,378.2698,381.1797,366.2955,375.3992,10375151
MSFT,2025-05-28,376.5464,381.9358,367.7957,373.5006,26653067
MSFT,2025-05-29,373.6948,382.2446,363.1033,373.3996,7870519
MSFT,2025-05-30,359.669,364.9241,355.4198,364.7768,32837633
MSFT,2025-06-02,364.1448,364.4529,363.9826,364.4465,16079017
MSFT,2025-06-03,357.6699,359.8513,350.0005,358.8386,31527052
MSFT,2025-06-04,354.7277,366.0113,347.592,356.9954,22394623
MSFT,2025-06-05,365.7383,366.0335,352.1408,360.3864,20926214
MSFT,2025-06-06,351.1813,358.1181,350.8025,355.2215,3373172
MSFT,2025-06-09,357.9604,365.2141,349.7538,356.2072,2501339
MSFT,2025-06-10,366.7606,369.8497,361.4776,361.7908,59230069
MSFT,2025-06-11,364.9271,370.3251,362.9165,363.396,30712562
MSFT,2025-06-12,362.1423,362.6693,354.149,360.153,95665254
MSFT,2025-06-13,359.911,360.6503,353.0763,357.2544,21805872
MSFT,2025-06-16,343.5697,350.2119,339.5361,348.6192,41453557
MSFT,2025-06-17,349.9495,352.5537,346.086,349.4195,9782827
MSFT,2025-06-18,347.0366,360.5509,343.9845,351.4673,10721227
MSFT,2025-06-19,353.1473,353.3099,350.9227,353.2324,10571420
MSFT,2025-06-20,351.6295,358.7173,348.4851,351.0011,8581847
MSFT,2025-06-23,350.8065,357.4319,346.8758,354.5957,9846845
MSFT,2025-06-24,355.5642,357.3946,347.3496,355.7114,34111690
MSFT,2025-06-25,351.7503,356.5535,350.9866,351.7845,12629686
MSFT,2025-06-26,349.6719,350.7475,342.9614,349.7623,27817324
MSFT,2025-06-27,349.0899,352.0672,348.4148,349.6527,14118386
MSFT,2025-06-30,354.4543,367.3981,350.4375,358.1724,35184946
GOOGL,2022-01-03,120.7073,123.7658,118.4411,120.2395,9459309
GOOGL,2022-01-04,120.4387,122.6128,117.7197,119.9595,45709373
GOOGL,2022-01-05,120.212,120.8183,118.9889,119.6435,7387876
GOOGL,2022-01-06,118.5992,121.8944,118.2273,121.3808,56371268
GOOGL,2022-01-07,122.6262,124.8918,120.7827,123.0711,27451883
GOOGL,2022-01-10,126.2764,129.1291,124.6488,127.0958,26715298
GOOGL,2022-01-11,125.5654,127.6858,124.9309,125.9563,10208296
GOOGL,2022-01-12,127.5485,128.0592,124.0108,125.1367,22181023
GOOGL,2022-01-13,125.2265,125.8906,121.6308,124.7746,3088415
GOOGL,2022-01-14,125.8785,129.3615,122.9179,126.6714,30023072
GOOGL,2022-01-17,126.9262,128.8069,126.3601,126.5003,68903001
GOOGL,2022-01-18,125.233,126.8329,124.0684,126.0885,14459525
GOOGL,2022-01-19,125.5426,127.425,123.4937,126.6551,11817792
GOOGL,2022-01-20,126.5787,129.3007,123.7903,125.7407,10847939
GOOGL,2022-01-21,127.7492,130.6678,127.134,128.5042,5751104
GOOGL,2022-01-24,125.7929,128.4325,125.1979,127.3342,12709542
GOOGL,2022-01-25,125.3511,127.1952,124.0771,126.7268,7760087
GOOGL,2022-01-26,128.3016,128.7025,126.5682,127.4407,9048299
GOOGL,2022-01-27,126.1924,129.6095,124.3015,127.634,11406230
GOOGL,2022-01-28,125.9608,128.2795,125.7381,127.2055,9115230
GOOGL,2022-01-31,124.2165,127.6683,121.9392,124.1636,17396209
GOOGL,2022-02-01,126.7354,130.2416,126.1809,129.3635,5528832
GOOGL,2022-02-02,126.3475,129.6955,125.159,128.2373,10052420
GOOGL,2022-02-03,126.6805,131.1188,126.548,128.8301,12654363
GOOGL,2022-02-04,128.9923,131.8216,128.1573,129.4897,15523149
GOOGL,2022-02-07,133.1779,137.2264,131.0888,133.8563,17628420
GOOGL,2022-02-08,133.4142,137.0476,131.9265,134.6277,17714004
GOOGL,2022-02-09,133.3702,135.5848,131.0223,134.0051,45265049
GOOGL,2022-02-10,132.3079,135.0258,127.9649,131.2973,13040091
GOOGL,2022-02-11,127.5325,130.1972,125.9613,129.5286,17924428
GOOGL,2022-02-14,131.2799,132.4446,127.7054,129.9491,5854973
GOOGL,2022-02-15,129.8304,132.1298,129.3286,131.6872,29203584
GOOGL,2022-02-16,135.251,136.6371,132.5562,134.7516,26015428
GOOGL,2022-02-17,133.2179,133.6199,132.7668,133.3217,5588811
GOOGL,2022-02-18,134.0966,137.942,130.7928,134.4463,40313595
GOOGL,2022-02-21,135.346,139.7781,133.7669,137.577,8071991
GOOGL,2022-02-22,135.4554,138.296,133.3519,137.1931,20202150
GOOGL,2022-02-23,134.1226,141.4719,133.2621,137.3403,9145987
GOOGL,2022-02-24,136.6004,138.1328,135.8049,138.0089,24408507
GOOGL,2022-02-25,136.7382,138.9059,133.3513,135.7239,21796717
GOOGL,2022-02-28,137.1861,140.0592,135.7286,139.7222,12803438
GOOGL,2022-03-01,146.4733,146.9627,141.0725,143.7553,16285864
GOOGL,2022-03-02,146.8871,150.0627,146.5131,147.2563,11182740
GOOGL,2022-03-03,145.8187,148.0511,144.1671,146.6515,15395035
GOOGL,2022-03-04,147.0497,149.0069,143.7456,145.3883,18888587
GOOGL,2022-03-07,145.1291,145.8036,143.3781,143.4678,4865599
GOOGL,2022-03-08,143.1132,147.5,142.4777,143.8629,14219473
GOOGL,2022-03-09,141.0046,141.6375,138.6625,141.1189,33091064
GOOGL,2022-03-10,144.4989,146.3073,142.0672,142.6091,19595375
GOOGL,2022-03-11,141.3084,145.2452,140.0423,141.5383,15698525
GOOGL,2022-03-14,140.0354,142.027,137.7438,139.124,23326706
GOOGL,2022-03-15,140.1024,141.7319,139.9966,141.2067,25663515
GOOGL,2022-03-16,143.883,144.2321,140.5266,142.2491,22206108
GOOGL,2022-03-17,147.4078,148.1955,144.9471,145.854,8163561
GOOGL,2022-03-18,147.7107,148.4153,145.8932,147.4477,28436340
GOOGL,2022-03-21,142.9435,147.7264,142.6363,146.1652,20789136
GOOGL,2022-03-22,148.3494,149.6823,144.3233,148.2401,15130514
GOOGL,2022-03-23,150.7351,152.1307,147.9566,149.2741,13754821
GOOGL,2022-03-24,151.4216,152.8661,149.3873,151.1033,21233244
GOOGL,2022-03-25,150.264,152.7981,148.7119,149.234,10723945
GOOGL,2022-03-28,151.286,152.2164,146.4619,149.4444,108551152
GOOGL,2022-03-29,151.7195,152.5297,151.567,151.6962,9072278
GOOGL,2022-03-30,145.2602,148.3228,143.6605,145.4632,3217616
GOOGL,2022-03-31,142.9899,145.9003,141.9862,145.5386,24142332
GOOGL,2022-04-01,145.6957,147.3187,143.0085,146.9785,4844162
GOOGL,2022-04-04,143.0812,146.63,141.2953,145.2103,2172954
GOOGL,2022-04-05,143.9842,148.7976,143.7687,147.4616,6472208
GOOGL,2022-04-06,144.249,147.5685,144.2449,146.7304,19672325
GOOGL,2022-04-07,143.8217,146.4315,143.1341,145.2716,15148537
GOOGL,2022-04-08,148.3902,152.1617,147.0709,148.2511,47656340
GOOGL,2022-04-11,148.5475,151.5615,147.1487,148.1788,21726767
GOOGL,2022-04-12,147.0553,150.2098,144.786,148.3626,17232807
GOOGL,2022-04-13,146.7933,149.4248,142.7321,145.6352,29841105
GOOGL,2022-04-14,151.6445,153.2122,149.8293,150.6178,9919324
GOOGL,2022-04-15,155.7182,156.4833,150.5447,154.1107,3371132
GOOGL,2022-04-18,157.3763,158.2355,153.1387,154.2447,6968546
GOOGL,2022-04-19,149.3294,154.5827,148.5907,152.4909,47222307
GOOGL,2022-04-20,153.1718,155.37,150.4545,152.4123,24806604
GOOGL,2022-04-21,151.5139,151.8901,149.6495,151.4064,12626743
GOOGL,2022-04-22,154.5347,154.7839,150.0716,150.9989,52007170
GOOGL,2022-04-25,146.8831,151.8855,145.5888,147.8567,7068468
GOOGL,2022-04-26,145.3222,146.343,142.5297,144.7709,18229330
GOOGL,2022-04-27,145.7154,147.3231,145.1764,145.2375,27719047
GOOGL,2022-04-28,145.1578,145.3934,141.3257,145.3387,16247731
GOOGL,2022-04-29,142.1626,146.6503,142.056,143.8794,31932913
GOOGL,2022-05-02,143.2143,143.3611,138.4872,141.8654,11712302
GOOGL,2022-05-03,140.6454,146.3043,138.9297,142.6493,12761235
GOOGL,2022-05-04,141.9035,146.0385,141.2639,143.2135,16329096
GOOGL,2022-05-05,141.5749,143.1639,140.0189,143.0787,27878738
GOOGL,2022-05-06,139.7904,140.7646,139.4288,140.3415,7427103
GOOGL,2022-05-09,143.3383,144.3561,141.6679,141.9912,14532786
GOOGL,2022-05-10,138.8563,145.7415,137.6962,141.6521,7484798
GOOGL,2022-05-11,139.5223,140.9496,137.7203,140.8297,102347035
GOOGL,2022-05-12,140.2043,143.2354,138.1251,142.1362,27959365
GOOGL,2022-05-13,145.7042,147.3426,139.4104,143.0524,29692193
GOOGL,2022-05-16,144.7111,146.8702,140.2585,143.2644,16575124
GOOGL,2022-05-17,141.2736,146.1194,141.0955,143.7994,20254393
GOOGL,2022-05-18,141.4191,143.3927,141.3147,142.9638,36709266
GOOGL,2022-05-19,143.1638,147.7463,142.8915,145.7688,15803507
GOOGL,2022-05-20,149.1465,149.4905,147.8331,149.3469,8103829
GOOGL,2022-05-23,147.2531,149.4927,145.9912,146.3013,36474622
GOOGL,2022-05-24,143.347,144.1922,142.5799,144.0564,25162152
GOOGL,2022-05-25,145.8605,145.9832,143.2368,143.8307,18991861
GOOGL,2022-05-26,144.6786,147.051,142.6456,143.5842,13955137
GOOGL,2022-05-27,144.6454,147.9296,144.3066,145.0595,53236849
GOOGL,2022-05-30,145.7245,148.7793,142.987,146.2743,59691292
GOOGL,2022-05-31,148.7226,148.953,147.7759,148.3138,21074222
GOOGL,2022-06-01,148.8296,151.4575,147.0222,148.2745,73732146
GOOGL,2022-06-02,152.9151,152.9516,147.8748,150.3625,26839493
GOOGL,2022-06-03,154.4222,156.5294,152.9756,154.4061,27562746
GOOGL,2022-06-06,156.4915,156.847,154.364,155.7844,13978258
GOOGL,2022-06-07,157.4134,158.7106,156.5583,156.9991,12244332
GOOGL,2022-06-08,157.1793,162.3584,156.7149,158.0043,21807126
GOOGL,2022-06-09,164.0682,166.5178,163.1548,163.2388,8875577
GOOGL,2022-06-10,162.023,167.3383,158.8226,163.1809,6147544
GOOGL,2022-06-13,165.4713,169.0849,163.8033,166.9612,17359281
GOOGL,2022-06-14,167.1908,169.3218,163.9584,167.2535,22248917
GOOGL,2022-06-15,165.1717,171.2182,162.9313,166.337,38684129
GOOGL,2022-06-16,164.2949,167.164,162.5195,164.2617,40456941
GOOGL,2022-06-17,168.1297,168.474,163.5451,165.1413,19361135
GOOGL,2022-06-20,161.5753,161.9239,158.9984,161.0923,6906573
GOOGL,2022-06-21,167.7822,168.6637,161.0058,165.009,13909177
GOOGL,2022-06-22,164.8065,168.9293,160.4514,164.9825,40584030
GOOGL,2022-06-23,163.2752,165.421,163.2542,163.5449,19065655
GOOGL,2022-06-24,159.8965,162.7895,159.0288,161.5254,13118701
GOOGL,2022-06-27,162.0111,163.3888,160.1707,162.9524,5827188
GOOGL,2022-06-28,160.179,162.3831,159.2309,159.6449,15634604
GOOGL,2022-06-29,165.2217,166.3095,160.1331,162.7366,20255511
GOOGL,2022-06-30,167.5529,170.1339,163.2452,168.1357,3829636
GOOGL,2022-07-01,170.7778,175.5187,169.0331,170.4691,4349922
GOOGL,2022-07-04,166.2786,172.8008,165.4121,167.9728,20513143
GOOGL,2022-07-05,163.6927,166.8874,163.1376,165.2952,9436718
GOOGL,2022-07-06,169.6861,171.3306,165.3102,166.3125,9995837
GOOGL,2022-07-07,165.0039,169.1021,162.9958,164.786,4352243
GOOGL,2022-07-08,167.9031,167.9549,167.8402,167.9449,5749400
GOOGL,2022-07-11,163.8021,168.536,159.8747,164.8291,39521301
GOOGL,2022-07-12,161.5,162.096,159.5258,162.0796,7946874
GOOGL,2022-07-13,159.2206,162.4207,159.2121,161.1919,12683198
GOOGL,2022-07-14,156.7411,157.5521,154.4163,157.1134,6882534
GOOGL,2022-07-15,159.1686,161.4737,157.2306,158.1947,23645928
GOOGL,2022-07-18,160.6318,164.6108,157.2446,160.0375,5165660
GOOGL,2022-07-19,157.425,160.004,156.115,159.961,11563520
GOOGL,2022-07-20,155.6072,156.0051,151.5972,155.6183,9687273
GOOGL,2022-07-21,146.1889,148.0438,146.1451,146.3249,77554717
GOOGL,2022-07-22,142.5733,145.499,141.7523,142.951,6099510
GOOGL,2022-07-25,139.6973,141.9496,137.8865,138.9127,28695081
GOOGL,2022-07-26,141.3739,141.6744,140.9154,141.3105,9654482
GOOGL,2022-07-27,139.9304,140.7778,138.7917,139.3881,5516143
GOOGL,2022-07-28,139.3993,139.9389,137.1727,139.862,9536159
GOOGL,2022-07-29,137.4379,140.3817,136.3059,139.5233,11308013
GOOGL,2022-08-01,137.6262,139.2185,135.2651,137.6574,23232361
GOOGL,2022-08-02,136.3798,137.9454,135.1416,136.8146,75978530
GOOGL,2022-08-03,137.757,138.96,135.5812,136.6847,10320826
GOOGL,2022-08-04,138.9113,141.0919,134.0867,137.8817,15310687
GOOGL,2022-08-05,139.3192,139.5367,136.732,138.6042,20913819
GOOGL,2022-08-08,137.1981,142.6754,137.0072,138.6468,15201180
GOOGL,2022-08-09,137.8177,138.2825,133.3981,136.2356,57804404
GOOGL,2022-08-10,131.0825,134.2233,128.8855,132.7838,19498928
GOOGL,2022-08-11,133.53,136.7723,133.5025,135.3625,69624514
GOOGL,2022-08-12,136.4483,142.018,135.5454,137.8802,26152009
GOOGL,2022-08-15,136.0592,138.1308,135.9046,137.6472,10188902
GOOGL,2022-08-16,137.73,140.4036,136.6545,139.0274,40332324
GOOGL,2022-08-17,142.6693,144.2675,140.2559,140.5143,8041581
GOOGL,2022-08-18,140.9265,142.6441,140.6749,140.9041,27106055
GOOGL,2022-08-19,141.3078,141.3988,140.6465,141.0292,22850043
GOOGL,2022-08-22,146.1221,146.1841,139.8512,142.2942,10916842
GOOGL,2022-08-23,142.133,142.1817,141.6717,141.7976,11802301
GOOGL,2022-08-24,143.3117,145.1627,141.8852,145.1121,9642785
GOOGL,2022-08-25,145.8714,146.0429,139.5596,142.7119,86808285
GOOGL,2022-08-26,141.4946,142.8654,138.891,142.667,32072897
GOOGL,2022-08-29,148.3388,149.3798,146.5353,147.5111,3717922
GOOGL,2022-08-30,143.1557,143.8015,142.9556,143.3374,59379721
GOOGL,2022-08-31,144.2584,144.5318,136.9294,141.1242,37933410
GOOGL,2022-09-01,140.6987,140.7988,138.2254,139.7027,61851869
GOOGL,2022-09-02,147.1051,149.2191,146.1201,146.8446,65846307
GOOGL,2022-09-05,147.847,153.3685,146.608,149.6311,30062018
GOOGL,2022-09-06,150.5877,151.2865,147.6233,149.5144,14950757
GOOGL,2022-09-07,156.9647,158.1329,150.0249,154.4748,7010871
GOOGL,2022-09-08,157.7439,158.723,150.292,154.3972,20077042
GOOGL,2022-09-09,153.066,154.3733,148.1448,152.026,25268741
GOOGL,2022-09-12,150.7403,151.7737,150.6742,151.4051,34771787
GOOGL,2022-09-13,152.28,153.4746,147.308,151.5827,16758301
GOOGL,2022-09-14,147.3748,155.2117,146.2496,150.6854,38868808
GOOGL,2022-09-15,150.6807,151.0077,149.8139,150.0573,26368431
GOOGL,2022-09-16,149.5661,155.4363,148.5236,152.9042,5809774
GOOGL,2022-09-19,153.4983,155.1464,148.5221,151.2879,38875421
GOOGL,2022-09-20,153.6721,155.8913,152.1947,152.2739,24835092
GOOGL,2022-09-21,150.8653,153.7862,150.4529,150.854,3836991
GOOGL,2022-09-22,147.4396,152.9282,146.9603,149.4305,5569398
GOOGL,2022-09-23,150.3825,154.4414,148.5867,150.5396,23736248
GOOGL,2022-09-26,147.7323,150.3364,145.1001,149.0408,36299507
GOOGL,2022-09-27,148.9119,151.8057,146.8184,149.4699,19075935
GOOGL,2022-09-28,149.9336,153.0315,148.2851,151.8393,16492846
GOOGL,2022-09-29,152.8645,152.9796,152.3567,152.7776,18139298
GOOGL,2022-09-30,154.1979,155.2435,151.4245,151.8021,21484650
GOOGL,2022-10-03,153.7826,155.1378,151.6512,151.8852,17806873
GOOGL,2022-10-04,153.8629,158.1182,153.157,154.2753,11361218
GOOGL,2022-10-05,153.4977,155.9382,153.3462,153.5918,4797086
GOOGL,2022-10-06,157.693,159.4069,155.5919,158.4409,210942525
GOOGL,2022-10-07,159.3816,160.3227,155.4318,155.8095,8067965
GOOGL,2022-10-10,156.5793,157.6684,151.8351,156.2613,15042649
GOOGL,2022-10-11,158.4166,158.9164,156.0983,156.5665,55407329
GOOGL,2022-10-12,156.6488,157.0838,153.3138,156.8675,5310199
GOOGL,2022-10-13,154.4141,157.92,152.4863,157.1805,2788611
GOOGL,2022-10-14,154.5269,160.5112,152.4421,155.8432,1698095
GOOGL,2022-10-17,155.6002,158.8086,152.0699,154.2463,10615060
GOOGL,2022-10-18,160.7584,160.8992,157.5298,157.8976,3854209
GOOGL,2022-10-19,156.8804,157.5932,156.2418,156.8078,27001137
GOOGL,2022-10-20,160.8972,162.4997,156.2232,158.3474,34240991
GOOGL,2022-10-21,154.8083,157.1726,154.1152,154.3777,18741317
GOOGL,2022-10-24,156.0669,158.3256,153.6972,156.3086,25046944
GOOGL,2022-10-25,157.1829,160.8302,156.255,156.8706,6038602
GOOGL,2022-10-26,154.1745,156.6289,151.8986,153.6839,6833102
GOOGL,2022-10-27,150.5506,156.4692,150.3019,154.207,5506420
GOOGL,2022-10-28,153.0496,156.9538,152.1806,156.4521,7207893
GOOGL,2022-10-31,158.5551,159.8523,153.8364,156.4334,16769005
GOOGL,2022-11-01,149.962,150.6424,149.7268,150.4991,23114703
GOOGL,2022-11-02,152.3861,155.1062,150.6083,151.5859,9945299
GOOGL,2022-11-03,153.922,154.6154,151.3239,154.0492,103319207
GOOGL,2022-11-04,151.4744,153.3067,149.9392,151.5542,32270541
GOOGL,2022-11-07,150.1258,151.319,147.5591,149.5601,25111835
GOOGL,2022-11-08,153.0268,153.0829,149.8706,152.5368,22979347
GOOGL,2022-11-09,152.2326,160.314,151.4388,155.8852,8747950
GOOGL,2022-11-10,156.133,158.994,155.647,157.0631,16752084
GOOGL,2022-11-11,158.69,159.6438,158.6436,159.5973,21937982
GOOGL,2022-11-14,165.5961,166.4402,162.5723,163.8507,8615842
GOOGL,2022-11-15,165.322,167.2878,163.0311,163.5876,25163276
GOOGL,2022-11-16,162.7219,166.5856,162.4491,163.9004,22466985
GOOGL,2022-11-17,166.0978,166.6073,163.9347,166.0693,16192322
GOOGL,2022-11-18,166.7695,170.8669,166.3095,166.5454,15616105
GOOGL,2022-11-21,170.2306,172.3926,164.8251,168.721,9718433
GOOGL,2022-11-22,170.0878,174.9024,168.6408,172.7902,13466657
GOOGL,2022-11-23,173.9881,177.0724,173.6804,175.323,6479507
GOOGL,2022-11-24,176.1191,176.5304,171.8523,175.9002,14693700
GOOGL,2022-11-25,172.1816,172.8405,169.402,172.0318,28201435
GOOGL,2022-11-28,172.5493,173.9461,170.8295,173.3053,3169996
GOOGL,2022-11-29,174.7654,175.9569,170.7666,171.476,50037252
GOOGL,2022-11-30,176.3313,178.0788,175.7969,176.322,5532560
GOOGL,2022-12-01,173.4034,176.7077,172.2448,174.0413,30729367
GOOGL,2022-12-02,168.4986,169.976,166.2957,169.7419,55163986
GOOGL,2022-12-05,171.0018,172.1591,170.5229,172.061,44154510
GOOGL,2022-12-06,173.5666,174.3352,170.9467,172.4073,3152778
GOOGL,2022-12-07,171.6623,172.1284,171.2641,171.7926,15293183
GOOGL,2022-12-08,173.4108,175.3826,172.7051,174.7354,20854182
GOOGL,2022-12-09,174.7805,176.3085,171.7529,172.9551,6546936
GOOGL,2022-12-12,172.6075,175.8162,168.9881,174.1415,16786489
GOOGL,2022-12-13,175.3403,176.7063,174.7501,175.1361,2804088
GOOGL,2022-12-14,176.4605,181.2084,175.5427,177.6012,5244063
GOOGL,2022-12-15,178.0861,182.7219,174.959,178.6608,25357522
GOOGL,2022-12-16,183.5393,183.5618,175.9801,180.5322,29516789
GOOGL,2022-12-19,178.295,178.6316,175.504,177.8994,19156349
GOOGL,2022-12-20,179.6039,182.4465,172.7643,177.375,9751117
GOOGL,2022-12-21,177.9854,182.1578,174.1969,179.1861,12098789
GOOGL,2022-12-22,175.9114,179.0356,173.5427,178.3594,7251802
GOOGL,2022-12-23,174.147,175.6852,170.657,175.4088,14324162
GOOGL,2022-12-26,177.2204,181.4278,171.1327,176.4337,5822287
GOOGL,2022-12-27,175.5196,178.3991,174.6335,176.6122,19268283
GOOGL,2022-12-28,181.6911,185.2349,176.2863,181.4637,15453699
GOOGL,2022-12-29,184.726,184.9899,182.2174,182.6803,22339660
GOOGL,2022-12-30,179.0283,185.4886,176.0676,180.301,8916571
GOOGL,2023-01-02,179.4313,180.7647,178.2313,178.5432,4453521
GOOGL,2023-01-03,175.2167,179.9436,174.3245,176.1582,8855306
GOOGL,2023-01-04,181.6969,182.9991,177.0461,178.347,6210501
GOOGL,2023-01-05,178.8815,180.6849,173.4833,178.1167,68485748
GOOGL,2023-01-06,178.1844,182.189,177.3323,181.2014,37626652
GOOGL,2023-01-09,179.3984,179.925,178.9411,179.3479,7133208
GOOGL,2023-01-10,176.3592,177.8339,174.932,175.5727,49164173
GOOGL,2023-01-11,174.2085,176.4095,171.5913,174.8523,16648452
GOOGL,2023-01-12,174.8424,179.4687,173.4394,176.5198,22190133
GOOGL,2023-01-13,167.2874,176.5384,167.2141,172.1882,56151119
GOOGL,2023-01-16,167.8027,169.2007,163.6775,168.2484,7030431
GOOGL,2023-01-17,180.0136,180.027,175.7285,175.8025,13610409
GOOGL,2023-01-18,174.9192,179.3334,174.5487,177.2034,10592148
GOOGL,2023-01-19,176.8122,177.1357,174.271,176.7538,15948882
GOOGL,2023-01-20,178.0039,184.0916,176.5385,178.7002,15675559
GOOGL,2023-01-23,179.3727,181.2254,179.3097,179.3681,12639844
GOOGL,2023-01-24,176.5766,180.0763,175.3863,177.8539,11144089
GOOGL,2023-01-25,176.7122,181.8578,172.6598,177.2862,41122274
GOOGL,2023-01-26,173.8003,175.3716,171.839,173.104,8533751
GOOGL,2023-01-27,166.9306,167.0834,164.9121,166.9193,8886738
GOOGL,2023-01-30,167.679,168.6715,163.2295,166.9062,23334317
GOOGL,2023-01-31,163.6501,168.8654,162.1371,165.8385,13010818
GOOGL,2023-02-01,167.6178,168.2657,163.5988,164.495,16369198
GOOGL,2023-02-02,168.6288,170.4556,165.203,166.3205,35354377
GOOGL,2023-02-03,168.4451,169.1871,164.8107,165.1078,54468321
GOOGL,2023-02-06,163.8665,167.865,160.5468,164.6495,6193003
GOOGL,2023-02-07,166.887,168.3307,165.5041,166.5385,39617354
GOOGL,2023-02-08,161.869,165.967,161.8667,164.1129,6674842
GOOGL,2023-02-09,166.8467,169.9733,163.78,165.8801,7561752
GOOGL,2023-02-10,166.254,168.6028,163.4334,164.2761,27362981
GOOGL,2023-02-13,158.5897,164.283,157.4091,161.5234,3086547
GOOGL,2023-02-14,163.1064,163.4934,161.2782,163.11,16983835
GOOGL,2023-02-15,162.8333,164.8474,160.4478,161.8154,59242322
GOOGL,2023-02-16,165.4915,165.562,163.9174,164.6987,8483184
GOOGL,2023-02-17,163.9878,169.5753,163.585,164.8043,23998634
GOOGL,2023-02-20,168.8124,169.5366,164.5931,166.259,27724649
GOOGL,2023-02-21,167.0472,173.3615,164.5466,169.6206,21958092
GOOGL,2023-02-22,169.0679,170.9917,166.4015,170.8193,4584492
GOOGL,2023-02-23,172.1157,174.2146,168.6356,172.727,3830196
GOOGL,2023-02-24,172.8386,177.4469,171.3327,172.8723,8037888
GOOGL,2023-02-27,171.8546,176.7462,171.7207,176.0422,8699565
GOOGL,2023-02-28,171.7607,177.356,170.9517,172.1515,8738644
GOOGL,2023-03-01,174.73,175.6864,173.4105,174.2625,12804139
GOOGL,2023-03-02,174.6503,175.2454,170.5012,172.1306,18753316
GOOGL,2023-03-03,171.3516,171.3856,170.3556,171.0936,11357397
GOOGL,2023-03-06,168.8151,172.7124,167.3155,170.3441,17603418
GOOGL,2023-03-07,168.1588,171.7769,166.8328,170.8355,15486537
GOOGL,2023-03-08,173.5793,174.7127,169.1343,172.3769,19720145
GOOGL,2023-03-09,168.011,173.3618,167.4173,171.0533,11298644
GOOGL,2023-03-10,168.7925,168.9306,166.1236,168.2787,36786642
GOOGL,2023-03-13,166.7344,171.2346,163.7512,166.9289,15808196
GOOGL,2023-03-14,163.4455,163.7582,162.9335,163.0587,45991861
GOOGL,2023-03-15,167.1037,167.581,166.408,166.4307,39786317
GOOGL,2023-03-16,163.0223,168.2235,162.1936,163.7553,3655192
GOOGL,2023-03-17,163.986,165.7539,163.4571,165.2248,17551028
GOOGL,2023-03-20,165.2542,165.6004,164.0827,165.1307,16165863
GOOGL,2023-03-21,164.9743,169.641,164.7319,168.1184,28750282
GOOGL,2023-03-22,168.3215,172.9892,166.6736,169.9507,6982345
GOOGL,2023-03-23,168.3291,172.5181,167.696,168.9801,11337753
GOOGL,2023-03-24,171.2428,173.2828,167.7948,172.0537,12328481
GOOGL,2023-03-27,170.36,173.1003,169.7571,170.3208,4837143
GOOGL,2023-03-28,168.4607,174.6682,168.1923,170.6856,14035904
GOOGL,2023-03-29,170.2454,171.1784,163.3628,168.2552,15187050
GOOGL,2023-03-30,166.9938,173.5217,166.3064,168.4972,5047983
GOOGL,2023-03-31,172.2318,173.7448,170.4348,172.8774,3710902
GOOGL,2023-04-03,171.4777,172.5703,169.5642,172.2717,33465656
GOOGL,2023-04-04,174.6754,175.6577,171.8966,172.901,7017819
GOOGL,2023-04-05,174.9331,178.8321,171.3652,175.1281,49525813
GOOGL,2023-04-06,175.0255,177.7633,172.4754,173.8746,19334150
GOOGL,2023-04-07,172.4508,173.3696,166.6992,171.4904,4564063
GOOGL,2023-04-10,168.3985,172.0241,166.063,170.1044,8592961
GOOGL,2023-04-11,169.1362,173.1398,168.66,168.704,12383439
GOOGL,2023-04-12,168.3199,173.8921,167.1947,170.4711,47755738
GOOGL,2023-04-13,171.8229,173.071,170.0343,172.175,9310946
GOOGL,2023-04-14,168.5679,172.3039,167.8053,172.2377,24261393
GOOGL,2023-04-17,173.0103,175.885,172.4005,175.4226,68415980
GOOGL,2023-04-18,174.7359,179.6785,173.7218,175.9429,14789929
GOOGL,2023-04-19,177.7658,177.9433,175.7635,175.7648,11831410
GOOGL,2023-04-20,178.0978,180.0591,176.6164,179.7731,5704098
GOOGL,2023-04-21,182.1502,182.6526,180.8764,181.0918,33816573
GOOGL,2023-04-24,179.1727,184.6707,177.3827,180.5209,12376325
GOOGL,2023-04-25,181.5545,181.857,180.0086,180.8854,5433560
GOOGL,2023-04-26,186.0268,187.8769,181.8143,186.6231,43381476
GOOGL,2023-04-27,187.2777,189.1785,183.6031,186.2009,15871416
GOOGL,2023-04-28,183.3396,185.9355,181.4753,185.3141,26358745
GOOGL,2023-05-01,187.2892,189.5894,186.3885,187.1229,6824284
GOOGL,2023-05-02,186.6614,188.0604,185.986,186.0688,4316134
GOOGL,2023-05-03,183.9195,186.6996,181.8595,184.3382,16568187
GOOGL,2023-05-04,185.5536,186.2535,180.111,185.6286,23033769
GOOGL,2023-05-05,183.6661,189.6497,181.575,186.0332,9974143
GOOGL,2023-05-08,184.1377,186.103,179.197,184.4318,1954427
GOOGL,2023-05-09,186.0301,187.3259,182.1662,182.8091,22135277
GOOGL,2023-05-10,179.8807,183.5144,177.8188,179.9317,18318677
GOOGL,2023-05-11,187.7967,189.8224,183.2336,185.6018,8765073
GOOGL,2023-05-12,186.4806,187.6615,181.1446,186.6453,5100187
GOOGL,2023-05-15,186.3398,193.2437,185.572,190.5167,5409922
GOOGL,2023-05-16,188.5208,190.5593,185.1987,190.0619,13938088
GOOGL,2023-05-17,189.0109,192.5107,188.3007,188.5354,12061968
GOOGL,2023-05-18,186.5754,187.2695,184.2703,185.7719,10622023
GOOGL,2023-05-19,185.9097,189.3789,185.062,186.9571,25421892
GOOGL,2023-05-22,184.4389,191.2657,184.3645,188.7058,5765426
GOOGL,2023-05-23,185.8241,190.3344,183.0773,187.2985,24558788
GOOGL,2023-05-24,188.2514,190.8143,186.0003,187.5935,6385941
GOOGL,2023-05-25,188.3526,192.6882,188.2996,188.6602,32867140
GOOGL,2023-05-26,191.4131,193.8121,187.4008,192.4901,11011905
GOOGL,2023-05-29,191.7227,192.2903,190.218,190.745,49379588
GOOGL,2023-05-30,186.7657,194.818,186.4952,191.3272,58585304
GOOGL,2023-05-31,188.3733,192.5092,188.156,192.0582,5995010
GOOGL,2023-06-01,188.1144,190.345,187.4774,188.011,15898770
GOOGL,2023-06-02,180.9792,183.4553,180.8455,182.0138,13842089
GOOGL,2023-06-05,185.7572,186.0818,177.3033,181.9423,10549229
GOOGL,2023-06-06,176.9609,185.2271,175.7107,180.3407,28532591
GOOGL,2023-06-07,185.2464,185.9748,178.593,183.7296,5735783
GOOGL,2023-06-08,183.3535,186.0079,180.4841,184.3527,6917244
GOOGL,2023-06-09,182.3069,189.5435,181.0383,186.3251,4362141
GOOGL,2023-06-12,184.502,185.3454,181.562,182.1678,17719438
GOOGL,2023-06-13,181.3497,184.4716,177.3423,181.9712,18188081
GOOGL,2023-06-14,188.1064,191.7658,185.3637,189.6819,19388987
GOOGL,2023-06-15,192.846,193.4068,186.8215,189.3649,17646592
GOOGL,2023-06-16,186.197,187.8178,184.9233,187.6643,10546924
GOOGL,2023-06-19,191.0341,191.7213,184.5055,189.0292,61299647
GOOGL,2023-06-20,191.0863,191.8216,185.2651,187.6518,12886745
GOOGL,2023-06-21,183.6908,185.6762,183.6582,184.1107,17213413
GOOGL,2023-06-22,181.4185,183.6947,179.1205,180.9208,13644003
GOOGL,2023-06-23,182.0917,183.7268,177.1489,179.2475,37800557
GOOGL,2023-06-26,179.1359,181.3479,176.7868,177.6957,11543047
GOOGL,2023-06-27,169.0006,177.9508,168.7799,173.9742,5138311
GOOGL,2023-06-28,178.8653,180.105,172.1663,176.6979,4453494
GOOGL,2023-06-29,174.5227,175.2611,173.9052,174.5276,6659443
GOOGL,2023-06-30,170.9801,176.4344,170.5203,174.2084,70526107
GOOGL,2023-07-03,175.6982,179.309,174.7618,176.94,5880820
GOOGL,2023-07-04,181.4183,181.6301,178.564,179.4477,4637876
GOOGL,2023-07-05,176.4057,179.5926,172.0009,177.052,3360824
GOOGL,2023-07-06,183.9298,183.9538,178.9665,179.401,57514978
GOOGL,2023-07-07,181.3772,184.7447,178.9518,182.0445,2706267
GOOGL,2023-07-10,177.7966,180.7341,175.2573,179.6257,64893908
GOOGL,2023-07-11,173.643,174.0256,171.7688,173.9936,23385701
GOOGL,2023-07-12,172.8209,175.9117,172.0178,172.8422,10695253
GOOGL,2023-07-13,176.0816,176.796,170.6227,171.8407,5762175
GOOGL,2023-07-14,170.8534,172.7427,167.4985,171.0522,8674704
GOOGL,2023-07-17,172.4347,172.5378,167.7671,170.6861,10157738
GOOGL,2023-07-18,163.9087,166.0647,162.7981,163.1114,32435584
GOOGL,2023-07-19,160.3109,163.4411,156.7739,161.6431,12933113
GOOGL,2023-07-20,165.1987,166.3901,161.0766,163.6127,12436762
GOOGL,2023-07-21,162.8267,162.9537,161.965,162.6866,8849173
GOOGL,2023-07-24,160.4179,163.2829,158.3915,161.0146,4489626
GOOGL,2023-07-25,156.1378,157.4275,153.8361,155.6095,14317571
GOOGL,2023-07-26,153.5263,155.4591,150.8582,153.8599,5231173
GOOGL,2023-07-27,154.0527,154.3524,152.3421,154.111,2605770
GOOGL,2023-07-28,159.2811,159.8951,155.8042,156.4757,7201774
GOOGL,2023-07-31,152.5021,155.3903,152.3616,154.4575,13945637
GOOGL,2023-08-01,149.2068,153.6054,147.3365,149.1964,19444321
GOOGL,2023-08-02,145.8688,148.742,145.7755,148.6023,15919400
GOOGL,2023-08-03,146.1667,149.6292,143.838,145.8412,4238638
GOOGL,2023-08-04,144.4626,144.7931,142.2486,143.0003,12062942
GOOGL,2023-08-07,139.4743,144.8202,139.3079,142.5505,27967940
GOOGL,2023-08-08,146.1103,146.2848,141.1625,144.036,7175742
GOOGL,2023-08-09,143.1587,148.2804,142.6595,145.4359,12568697
GOOGL,2023-08-10,147.4956,149.4981,142.3659,145.3789,15033338
GOOGL,2023-08-11,145.1668,147.5701,143.5231,147.0801,8682366
GOOGL,2023-08-14,146.7706,151.4669,145.2867,149.0761,31179047
GOOGL,2023-08-15,152.8138,153.1396,148.9177,149.711,17669919
GOOGL,2023-08-16,151.018,152.6658,150.2208,151.4542,73931764
GOOGL,2023-08-17,149.7008,149.7041,147.7371,148.8763,7775822
GOOGL,2023-08-18,146.704,151.0181,146.6562,147.0173,3340548
GOOGL,2023-08-21,147.136,151.1313,146.3619,146.9957,3406568
GOOGL,2023-08-22,150.5266,150.8508,145.5538,148.1775,9931136
GOOGL,2023-08-23,150.0233,150.7784,149.0955,149.1359,23493574
GOOGL,2023-08-24,145.2446,152.6622,144.7812,148.9558,35039948
GOOGL,2023-08-25,147.8933,148.5257,145.9526,146.5368,7002785
GOOGL,2023-08-28,145.1215,150.4473,142.7473,146.7014,29486000
GOOGL,2023-08-29,148.0973,149.2041,144.7066,145.8347,23089081
GOOGL,2023-08-30,143.1588,148.11,141.2488,144.6556,3620738
GOOGL,2023-08-31,147.3512,148.1294,143.2535,146.3588,15571017
GOOGL,2023-09-01,147.3021,149.2222,144.7572,148.6879,8061448
GOOGL,2023-09-04,148.5793,152.151,146.1975,150.4701,14544032
GOOGL,2023-09-05,150.4247,151.9974,149.4561,151.4152,22608721
GOOGL,2023-09-06,151.6514,155.4646,150.1411,152.5814,5279044
GOOGL,2023-09-07,155.9444,156.1142,150.8437,154.6626,20689814
GOOGL,2023-09-08,157.4955,157.7086,153.3317,156.8823,5749223
GOOGL,2023-09-11,156.5865,158.9763,153.4992,158.0943,35947219
GOOGL,2023-09-12,161.3876,161.7263,155.1323,159.8024,25902884
GOOGL,2023-09-13,157.5593,158.5512,156.0061,157.6495,10374514
GOOGL,2023-09-14,153.6236,156.3438,149.7416,153.5541,5955641
GOOGL,2023-09-15,153.6091,156.7015,152.1498,153.2991,3572383
GOOGL,2023-09-18,151.5946,155.3328,148.3587,150.8955,10884857
GOOGL,2023-09-19,144.4375,149.5296,144.3738,147.8656,15120217
GOOGL,2023-09-20,149.543,149.9607,146.8215,149.1819,22386826
GOOGL,2023-09-21,149.3111,150.3397,147.748,149.2251,43785937
GOOGL,2023-09-22,148.8743,151.8469,148.4455,149.1434,1648103
GOOGL,2023-09-25,149.156,149.7277,148.0831,149.4272,14719059
GOOGL,2023-09-26,148.3814,149.9109,144.3617,148.1243,6908961
GOOGL,2023-09-27,151.5374,154.9731,150.5295,153.5571,7334939
GOOGL,2023-09-28,156.5889,159.8991,155.1667,155.4992,16814054
GOOGL,2023-09-29,160.7495,161.174,156.8806,158.4201,16206489
GOOGL,2023-10-02,158.3956,160.1623,157.0366,160.0018,6920169
GOOGL,2023-10-03,158.1696,159.8268,154.8484,158.4037,42106602
GOOGL,2023-10-04,157.0046,157.8816,154.8635,157.8274,7764433
GOOGL,2023-10-05,155.7354,160.7163,155.5762,159.5894,32194816
GOOGL,2023-10-06,162.7383,168.9428,162.0312,166.7839,5166848
GOOGL,2023-10-09,172.8647,173.1034,169.273,169.9157,10251958
GOOGL,2023-10-10,175.9441,177.4145,169.4034,174.5372,8448738
GOOGL,2023-10-11,170.8894,173.6476,170.8774,171.5607,4108096
GOOGL,2023-10-12,171.1955,172.4358,169.2085,169.2227,16594133
GOOGL,2023-10-13,164.4917,166.4641,162.6689,164.3245,40463903
GOOGL,2023-10-16,162.2339,168.2235,159.783,164.5781,4590777
GOOGL,2023-10-17,165.7678,169.874,164.3428,165.8844,8321910
GOOGL,2023-10-18,166.0551,170.254,162.1455,165.4301,7431182
GOOGL,2023-10-19,162.0681,162.4395,161.711,161.9648,5085964
GOOGL,2023-10-20,158.2138,164.9758,157.766,162.5365,23215329
GOOGL,2023-10-23,158.3809,162.7032,158.1773,159.0398,28229967
GOOGL,2023-10-24,159.3698,161.1275,154.7996,157.5814,3523982
GOOGL,2023-10-25,153.6844,156.1679,153.1023,155.26,8708761
GOOGL,2023-10-26,157.9994,158.834,153.392,154.8458,3439143
GOOGL,2023-10-27,152.0424,157.8256,151.89,154.1903,42600354
GOOGL,2023-10-30,153.0602,158.3001,150.6482,154.2607,5447261
GOOGL,2023-10-31,157.6988,160.089,156.0134,160.0641,34091814
GOOGL,2023-11-01,161.5548,164.15,161.4631,163.7969,27237726
GOOGL,2023-11-02,167.6331,170.5975,164.8601,166.6606,8902798
GOOGL,2023-11-03,164.5806,171.3604,164.0034,166.9982,47115651
GOOGL,2023-11-06,163.3749,167.381,163.0577,166.0963,22299537
GOOGL,2023-11-07,164.615,168.749,164.2601,167.0103,5859020
GOOGL,2023-11-08,166.5588,171.5158,164.7137,166.9956,10251725
GOOGL,2023-11-09,165.3862,169.725,164.8114,167.8685,6863259
GOOGL,2023-11-10,166.1927,169.1323,165.0207,165.0341,29143715
GOOGL,2023-11-13,159.5562,164.5793,157.2039,160.6867,6044289
GOOGL,2023-11-14,157.1981,164.3754,154.8229,159.6227,36847729
GOOGL,2023-11-15,163.3216,163.8462,162.7067,163.1083,8152361
GOOGL,2023-11-16,163.5736,163.7368,161.0264,161.8108,5567848
GOOGL,2023-11-17,160.8992,163.4953,157.6655,161.6779,8149056
GOOGL,2023-11-20,162.8593,165.6982,157.3468,160.9668,8099718
GOOGL,2023-11-21,161.765,162.5713,159.9032,160.6681,14260683
GOOGL,2023-11-22,165.1866,166.6238,163.0279,165.2126,37037747
GOOGL,2023-11-23,166.6478,169.7363,165.8753,167.9963,5664671
GOOGL,2023-11-24,169.9765,173.6892,169.8982,171.2635,9356689
GOOGL,2023-11-27,175.7472,180.1204,171.5892,176.0633,5728150
GOOGL,2023-11-28,164.646,172.2509,164.3079,169.3909,13623180
GOOGL,2023-11-29,174.1077,176.7555,169.8756,173.0117,101636099
GOOGL,2023-11-30,166.8355,172.6288,164.5585,169.0869,10581603
GOOGL,2023-12-01,171.3064,172.8485,164.6999,169.3624,20706127
GOOGL,2023-12-04,168.9095,171.3513,165.7907,168.6129,18787845
GOOGL,2023-12-05,163.3857,167.4003,162.8822,166.1894,48556329
GOOGL,2023-12-06,167.9509,170.899,161.9045,165.9114,12353537
GOOGL,2023-12-07,165.5568,167.3866,161.7018,166.2511,16659853
GOOGL,2023-12-08,160.4602,162.0774,158.9659,160.316,19688473
GOOGL,2023-12-11,160.8007,163.1822,155.7652,159.0298,3839455
GOOGL,2023-12-12,159.3887,162.3151,159.1902,161.3554,34992559
GOOGL,2023-12-13,160.1853,163.6997,159.0517,160.6988,17868471
GOOGL,2023-12-14,159.9334,162.4355,158.2078,160.0834,74020040
GOOGL,2023-12-15,159.5166,162.8196,157.527,161.2269,10210223
GOOGL,2023-12-18,159.6696,163.1534,159.3925,163.0862,14800039
GOOGL,2023-12-19,164.0248,164.5667,158.7266,162.7267,14197260
GOOGL,2023-12-20,170.6764,170.8831,168.0069,168.2532,15634844
GOOGL,2023-12-21,171.5952,172.1529,168.887,170.1148,17681700
GOOGL,2023-12-22,169.8662,171.9837,165.9854,169.2665,19877265
GOOGL,2023-12-25,162.1366,168.1154,162.0704,165.0029,28302975
GOOGL,2023-12-26,165.5548,165.83,164.4152,165.2391,18515324
GOOGL,2023-12-27,165.7595,167.1912,165.2504,165.367,17766536
GOOGL,2023-12-28,167.4137,171.1038,162.5536,166.3614,22926212
GOOGL,2023-12-29,168.6797,169.9393,162.7672,165.6445,7122595
GOOGL,2024-01-01,164.0086,169.5799,163.7583,166.443,14007197
GOOGL,2024-01-02,172.4122,173.0345,163.5413,168.365,7445607
GOOGL,2024-01-03,168.5755,168.7959,164.2222,167.4121,8668063
GOOGL,2024-01-04,170.5329,172.3581,166.4034,169.5041,17514785
GOOGL,2024-01-05,170.4585,171.6978,168.3428,171.2289,11329642
GOOGL,2024-01-08,173.2233,175.7408,170.3914,173.6962,29318776
GOOGL,2024-01-09,174.1523,174.2152,171.0126,172.7372,65355313
GOOGL,2024-01-10,172.5035,177.8683,171.7486,173.6971,21951857
GOOGL,2024-01-11,172.4787,176.8028,171.1524,173.1412,12294365
GOOGL,2024-01-12,174.5442,175.8908,172.9522,173.6851,10380076
GOOGL,2024-01-15,175.118,176.5073,170.7717,174.1435,14978275
GOOGL,2024-01-16,177.1188,177.1335,174.5493,176.4342,9133569
GOOGL,2024-01-17,173.4779,175.2085,169.7851,174.8331,25879795
GOOGL,2024-01-18,175.3784,180.5459,171.5876,176.6685,18613937
GOOGL,2024-01-19,176.5546,177.8886,174.7712,177.5988,7648535
GOOGL,2024-01-22,177.002,178.1191,175.3897,176.5062,20979697
GOOGL,2024-01-23,173.9869,175.6724,173.3816,175.3722,38581014
GOOGL,2024-01-24,178.6855,179.0092,173.7061,175.4027,8413621
GOOGL,2024-01-25,178.4939,180.2926,176.0834,178.5684,8690111
GOOGL,2024-01-26,179.2981,183.2611,174.8018,178.236,3825382
GOOGL,2024-01-29,173.6206,175.8718,170.5025,174.289,24797695
GOOGL,2024-01-30,172.4444,172.6659,170.8031,172.0258,20566284
GOOGL,2024-01-31,170.9537,174.6692,168.5179,171.4183,5894329
GOOGL,2024-02-01,176.201,176.393,169.8681,173.9281,11794669
GOOGL,2024-02-02,174.5775,182.6696,173.7898,178.1051,13966949
GOOGL,2024-02-05,178.0456,182.0096,177.1422,177.6809,70164892
GOOGL,2024-02-06,182.3792,182.9552,179.1071,180.2901,16530384
GOOGL,2024-02-07,185.3075,186.9083,181.8645,183.0417,39162300
GOOGL,2024-02-08,184.8234,187.856,184.1302,185.5841,233265153
GOOGL,2024-02-09,184.2599,185.6221,183.3713,184.2844,12493866
GOOGL,2024-02-12,186.4784,188.9015,181.9237,186.7777,2090981
GOOGL,2024-02-13,189.3649,191.8946,183.1982,186.7094,34600939
GOOGL,2024-02-14,186.9457,189.2879,186.575,187.3721,38901650
GOOGL,2024-02-15,183.3315,187.7618,183.3309,187.2301,12557374
GOOGL,2024-02-16,186.1861,189.9774,184.7197,185.7034,18624518
GOOGL,2024-02-19,191.9973,193.3289,190.0733,190.48,69681075
GOOGL,2024-02-20,196.2338,197.5818,190.0979,192.9169,35436581
GOOGL,2024-02-21,195.9122,196.2837,192.6876,194.7016,8503099
GOOGL,2024-02-22,201.0318,203.1515,197.7253,201.1829,27955088
GOOGL,2024-02-23,205.7306,206.1703,204.6185,204.8009,22474634
GOOGL,2024-02-26,199.8306,204.4316,198.791,202.923,21997311
GOOGL,2024-02-27,203.2932,207.9886,202.6022,203.5287,1187193
GOOGL,2024-02-28,201.4159,201.6075,199.916,200.373,19394191
GOOGL,2024-02-29,192.9485,198.4989,190.5841,192.9281,13531228
GOOGL,2024-03-01,186.7004,189.0424,185.3744,186.5439,18804615
GOOGL,2024-03-04,187.5286,188.9073,185.2416,187.0126,60968539
GOOGL,2024-03-05,183.6279,189.1704,183.4114,187.5392,9690795
GOOGL,2024-03-06,184.9251,187.3276,182.5601,183.2932,18121231
GOOGL,2024-03-07,185.5031,189.8654,182.9759,187.4043,16753146
GOOGL,2024-03-08,185.8092,189.8403,185.7994,189.0531,31404992
GOOGL,2024-03-11,194.0083,194.1009,193.7853,194.02,7450682
GOOGL,2024-03-12,199.2199,201.1885,191.6389,195.3863,35617903
GOOGL,2024-03-13,203.2797,206.1529,195.5533,201.3108,8262314
GOOGL,2024-03-14,200.6324,202.6436,197.7833,200.7313,34397909
GOOGL,2024-03-15,208.0031,212.5033,202.0199,206.3818,44556592
GOOGL,2024-03-18,205.7627,205.7765,200.7598,202.4604,16228586
GOOGL,2024-03-19,200.332,208.7542,200.0321,203.1407,8051909
GOOGL,2024-03-20,204.1838,207.8299,202.7511,202.8383,2748893
GOOGL,2024-03-21,202.0394,202.4749,199.062,201.6036,4754850
GOOGL,2024-03-22,197.9999,205.7765,195.3063,201.2413,21859542
GOOGL,2024-03-25,199.8464,201.1098,196.843,200.1599,19539893
GOOGL,2024-03-26,199.554,204.7642,198.9471,204.3031,5456527
GOOGL,2024-03-27,199.9407,203.5256,199.926,201.4579,7388261
GOOGL,2024-03-28,207.8954,208.4664,201.3994,205.7481,25141625
GOOGL,2024-03-29,211.221,214.5827,203.2561,209.4119,65690125
GOOGL,2024-04-01,206.934,209.3622,202.6733,208.275,35495919
GOOGL,2024-04-02,201.9377,210.3339,201.3616,205.6909,42547066
GOOGL,2024-04-03,197.6524,203.0297,196.2655,202.1656,13533801
GOOGL,2024-04-04,199.1933,201.4053,196.526,198.5057,12451566
GOOGL,2024-04-05,197.3538,202.3949,196.933,199.2491,11476916
GOOGL,2024-04-08,197.1001,200.334,194.9369,198.7986,4285421
GOOGL,2024-04-09,194.0226,194.308,185.2369,190.8487,23021411
GOOGL,2024-04-10,186.6966,189.0674,184.8047,187.2299,34060261
GOOGL,2024-04-11,185.6238,188.912,181.7391,186.7279,57752812
GOOGL,2024-04-12,191.3093,197.3619,189.7835,192.3707,11018405
GOOGL,2024-04-15,190.3464,195.9409,189.4303,192.7758,11486099
GOOGL,2024-04-16,193.8609,195.4817,192.9637,195.438,21994850
GOOGL,2024-04-17,191.4305,197.1602,188.6014,194.1858,32416448
GOOGL,2024-04-18,193.7785,194.7988,190.5713,192.4789,6330455
GOOGL,2024-04-19,196.8627,200.4899,193.6427,194.6559,9060356
GOOGL,2024-04-22,194.6229,196.9713,192.0684,194.6964,16073314
GOOGL,2024-04-23,195.4085,201.8399,195.0162,196.7484,3781215
GOOGL,2024-04-24,199.235,201.0355,198.8527,199.4952,20589314
GOOGL,2024-04-25,198.5369,199.898,196.3935,199.4835,28875693
GOOGL,2024-04-26,196.8103,204.6982,194.8187,199.8537,14181501
GOOGL,2024-04-29,195.1149,199.3969,193.8113,196.8623,25344857
GOOGL,2024-04-30,195.2031,195.8141,195.1907,195.5663,33255155
GOOGL,2024-05-01,200.496,200.9387,193.9543,195.7196,24770115
GOOGL,2024-05-02,196.8059,200.8079,196.6163,196.9782,23086342
GOOGL,2024-05-03,192.7427,198.6002,191.0583,195.4063,4339794
GOOGL,2024-05-06,200.8049,202.3443,200.2381,200.6577,12651800
GOOGL,2024-05-07,198.6583,199.8278,196.8489,197.2438,8877920
GOOGL,2024-05-08,196.5211,197.8133,187.253,192.4634,5859522
GOOGL,2024-05-09,191.8339,199.9099,190.8407,194.0994,23646641
GOOGL,2024-05-10,194.2357,194.6452,189.8632,191.5943,33725499
GOOGL,2024-05-13,189.0485,193.4669,184.7668,189.0646,17322706
GOOGL,2024-05-14,196.3692,197.0894,195.0877,197.005,12428830
GOOGL,2024-05-15,201.0179,204.9676,195.4622,200.857,10835932
GOOGL,2024-05-16,192.4277,199.154,192.4204,198.3124,7085538
GOOGL,2024-05-17,197.9482,198.8227,192.7235,197.9421,8078016
GOOGL,2024-05-20,202.5757,202.71,197.3477,200.5646,1975465
GOOGL,2024-05-21,201.9365,206.7691,197.6743,203.0212,30926120
GOOGL,2024-05-22,202.7822,205.5156,200.6344,204.1124,9988277
GOOGL,2024-05-23,201.3423,204.4377,199.5607,201.7728,17259206
GOOGL,2024-05-24,204.9815,206.5603,200.5387,206.1446,10110255
GOOGL,2024-05-27,212.7103,215.6506,209.7599,211.0456,13931962
GOOGL,2024-05-28,210.7979,215.0681,206.1719,211.1958,9621207
GOOGL,2024-05-29,210.3591,214.1689,207.5971,208.2648,26230116
GOOGL,2024-05-30,203.1305,209.6055,202.9225,208.5441,57290465
GOOGL,2024-05-31,203.3869,207.8591,201.6482,205.5179,5381944
GOOGL,2024-06-03,197.3128,201.7208,196.8303,199.9522,21574210
GOOGL,2024-06-04,201.6508,202.0385,199.5624,202.0233,13819429
GOOGL,2024-06-05,203.9698,209.574,203.4001,203.9332,111747044
GOOGL,2024-06-06,209.1414,211.6912,206.1376,206.7022,2737648
GOOGL,2024-06-07,213.7242,215.6601,204.8023,210.0311,45007090
GOOGL,2024-06-10,209.9834,210.5596,201.8873,207.1228,10641993
GOOGL,2024-06-11,210.8846,212.2094,208.3832,209.2972,11332592
GOOGL,2024-06-12,213.4464,218.7544,212.4986,212.6721,31382947
GOOGL,2024-06-13,218.2017,219.8737,214.1391,214.5063,32449097
GOOGL,2024-06-14,218.5209,219.2969,215.4277,217.2191,1753976
GOOGL,2024-06-17,208.8373,213.2092,207.1323,212.8511,10870498
GOOGL,2024-06-18,210.2282,211.6044,207.9138,209.558,17617891
GOOGL,2024-06-19,202.9317,208.1501,202.4939,206.1932,20104797
GOOGL,2024-06-20,211.1141,212.3303,204.5839,208.9141,3421135
GOOGL,2024-06-21,206.6211,209.4104,205.306,208.9913,6005729
GOOGL,2024-06-24,205.7908,207.7708,202.713,205.8876,7930346
GOOGL,2024-06-25,204.8418,207.7723,201.8457,205.2588,6757196
GOOGL,2024-06-26,202.2669,203.4451,202.0499,202.1896,11182702
GOOGL,2024-06-27,205.0973,206.2828,204.3098,205.7895,16139631
GOOGL,2024-06-28,203.1269,211.0371,202.9002,207.0823,18795933
GOOGL,2024-07-01,205.9387,213.689,205.0798,210.211,5070876
GOOGL,2024-07-02,216.8156,217.9875,210.3114,214.4852,8867705
GOOGL,2024-07-03,209.8768,219.8869,209.6038,214.9028,10266789
GOOGL,2024-07-04,216.7098,217.8014,210.5331,215.1871,13469612
GOOGL,2024-07-05,207.0741,210.2112,206.1921,209.9124,5826946
GOOGL,2024-07-08,211.2356,211.709,207.2649,210.7914,5129671
GOOGL,2024-07-09,210.0996,215.3043,206.0654,212.0258,81296697
GOOGL,2024-07-10,210.6433,215.6936,208.3082,209.8476,74564789
GOOGL,2024-07-11,207.8903,210.6834,204.8817,207.4774,20598515
GOOGL,2024-07-12,210.852,213.3984,205.1704,207.2909,8310903
GOOGL,2024-07-15,210.7515,212.5382,210.3834,211.0315,15822744
GOOGL,2024-07-16,212.5799,214.8834,211.3918,213.4761,2929528
GOOGL,2024-07-17,215.3925,221.7813,215.1763,219.6672,22053406
GOOGL,2024-07-18,223.111,223.9982,216.7746,220.8039,18885563
GOOGL,2024-07-19,221.8656,226.8708,219.6045,221.3676,27523910
GOOGL,2024-07-22,225.2015,226.3576,225.1226,225.6435,13085293
GOOGL,2024-07-23,234.4487,236.7996,227.2993,232.2256,4100270
GOOGL,2024-07-24,237.6054,247.226,235.2235,241.4348,6191959
GOOGL,2024-07-25,238.6587,240.0554,232.3329,237.7243,12078239
GOOGL,2024-07-26,238.6332,244.0133,234.4417,238.6471,5022273
GOOGL,2024-07-29,237.3458,246.2161,235.8763,242.2769,6610071
GOOGL,2024-07-30,241.6985,246.0559,238.4599,240.4008,8709908
GOOGL,2024-07-31,233.9042,242.9689,233.6743,239.5427,32476589
GOOGL,2024-08-01,239.2231,245.4442,234.582,239.8444,8205608
GOOGL,2024-08-02,239.0246,242.8653,232.9369,239.7337,17188844
GOOGL,2024-08-05,232.9907,237.4409,232.3895,233.8625,17382318
GOOGL,2024-08-06,229.7434,233.5474,224.0034,230.3916,9207950
GOOGL,2024-08-07,230.6951,232.9875,229.2078,229.9341,9508286
GOOGL,2024-08-08,228.6196,229.5994,223.8403,224.7694,9046577
GOOGL,2024-08-09,222.3489,228.0492,221.2333,223.2878,28590517
GOOGL,2024-08-12,226.4543,226.488,221.9001,224.4513,8741384
GOOGL,2024-08-13,221.3438,225.7866,219.883,221.5867,30233567
GOOGL,2024-08-14,216.3413,224.9384,212.6588,218.6784,20280668
GOOGL,2024-08-15,223.2974,225.295,217.9735,220.5663,3307670
GOOGL,2024-08-16,216.5059,220.3787,216.1584,218.0269,37292909
GOOGL,2024-08-19,211.6446,222.4185,210.2459,216.323,9318726
GOOGL,2024-08-20,215.7895,216.7444,215.6,216.6584,15004919
GOOGL,2024-08-21,218.3046,218.9918,214.8488,215.3163,14212172
GOOGL,2024-08-22,213.1944,214.2288,207.8525,212.7625,240757696
GOOGL,2024-08-23,209.3904,216.9789,206.791,211.2968,7367586
GOOGL,2024-08-26,210.1602,211.9751,205.1018,206.9023,9149406
GOOGL,2024-08-27,210.1362,216.4692,207.5668,210.9864,42023562
GOOGL,2024-08-28,209.4685,210.8218,203.627,209.5464,9334702
GOOGL,2024-08-29,198.6703,206.344,198.4365,204.1961,29890644
GOOGL,2024-08-30,205.5994,208.0346,202.5273,203.6799,5131057
GOOGL,2024-09-02,203.6711,207.757,201.1928,204.9089,30135705
GOOGL,2024-09-03,201.7329,202.6458,201.3161,202.1692,22595091
GOOGL,2024-09-04,194.948,201.5436,194.7295,200.4894,21129641
GOOGL,2024-09-05,199.0003,202.969,197.8798,202.1522,3366559
GOOGL,2024-09-06,198.0531,199.8107,193.4149,199.3745,7593997
GOOGL,2024-09-09,205.5095,208.7549,200.2769,203.2777,12259558
GOOGL,2024-09-10,206.9143,209.7041,206.4231,206.8745,16060658
GOOGL,2024-09-11,204.8195,205.8034,203.236,205.0575,58403534
GOOGL,2024-09-12,207.8922,208.6418,203.5954,206.4541,56223361
GOOGL,2024-09-13,206.6704,211.3082,203.8652,209.3636,9186762
GOOGL,2024-09-16,210.8783,214.871,208.4352,213.2824,20329144
GOOGL,2024-09-17,218.7742,222.2607,212.4989,217.3293,22525925
GOOGL,2024-09-18,220.8156,223.5016,216.0537,221.1213,7256307
GOOGL,2024-09-19,216.6263,223.276,215.947,217.6761,15802877
GOOGL,2024-09-20,222.2733,223.2788,210.8272,217.1891,13047892
GOOGL,2024-09-23,214.0203,218.2467,211.8112,217.0725,14409492
GOOGL,2024-09-24,213.7101,221.3902,210.8539,215.959,1622451
GOOGL,2024-09-25,213.4482,220.5631,212.2834,214.878,47575021
GOOGL,2024-09-26,213.3678,214.7333,209.1592,211.0783,11913845
GOOGL,2024-09-27,216.187,218.2597,210.5484,212.3203,13531048
GOOGL,2024-09-30,209.0218,214.4684,207.6774,211.3863,7063748
GOOGL,2024-10-01,211.0611,214.9382,206.7589,210.5038,19929008
GOOGL,2024-10-02,205.5328,206.2043,204.0505,204.8807,19995073
GOOGL,2024-10-03,204.1698,205.7347,201.2556,203.9743,40869198
GOOGL,2024-10-04,198.9076,201.1126,197.5904,200.7982,22670914
GOOGL,2024-10-07,201.0331,206.4802,199.2826,202.2201,16467923
GOOGL,2024-10-08,197.0092,202.7584,195.091,200.7878,38951647
GOOGL,2024-10-09,198.1749,198.5027,196.8623,197.4826,21937886
GOOGL,2024-10-10,195.6201,197.0777,193.2904,193.8608,16020119
GOOGL,2024-10-11,192.6968,193.459,190.2701,191.0144,25300231
GOOGL,2024-10-14,188.9493,195.87,187.7965,192.6778,7327150
GOOGL,2024-10-15,188.7023,190.4922,184.0655,189.3589,23221139
GOOGL,2024-10-16,188.8595,191.9157,186.7858,187.9004,22969553
GOOGL,2024-10-17,190.3361,190.8319,186.8886,189.7703,17395404
GOOGL,2024-10-18,194.2698,196.2354,190.1821,194.2668,12260166
GOOGL,2024-10-21,195.8383,197.4531,195.181,195.7467,11747909
GOOGL,2024-10-22,197.2126,200.4355,196.9498,197.5657,28580063
GOOGL,2024-10-23,196.6198,196.8166,195.4115,195.9771,38483953
GOOGL,2024-10-24,192.0685,199.0637,191.035,194.0825,19334083
GOOGL,2024-10-25,195.5224,195.7943,193.7181,195.608,8751231
GOOGL,2024-10-28,192.3609,195.1301,191.9107,194.0965,11232940
GOOGL,2024-10-29,204.8364,206.2025,197.0748,201.6946,20802496
GOOGL,2024-10-30,204.7155,206.654,202.0835,203.3692,20960072
GOOGL,2024-10-31,207.043,207.2867,201.8271,205.0324,42803134
GOOGL,2024-11-01,204.7664,208.2595,203.0025,206.7389,21260270
GOOGL,2024-11-04,209.1379,211.9792,208.4901,209.8645,5780506
GOOGL,2024-11-05,206.497,207.4499,202.8454,205.5976,32969658
GOOGL,2024-11-06,207.0811,210.314,206.4007,207.6143,37442235
GOOGL,2024-11-07,217.378,219.3062,211.5823,213.1777,23910455
GOOGL,2024-11-08,208.717,216.6775,205.6713,210.9067,7378064
GOOGL,2024-11-11,208.1868,209.2296,203.0817,206.9733,8857119
GOOGL,2024-11-12,203.9817,203.9948,199.194,203.4282,48280195
GOOGL,2024-11-13,203.7158,211.7485,203.1451,206.6615,13353292
GOOGL,2024-11-14,199.9626,206.0322,197.9793,200.2177,16673763
GOOGL,2024-11-15,197.9629,205.1605,197.1165,199.6306,11787577
GOOGL,2024-11-18,190.3777,191.8813,188.2876,190.618,22462546
GOOGL,2024-11-19,185.6248,191.603,183.4047,189.0786,23646664
GOOGL,2024-11-20,188.7724,191.2715,188.1145,189.4511,6260020
GOOGL,2024-11-21,188.7823,190.9486,185.0332,185.7481,8095883
GOOGL,2024-11-22,185.7457,188.101,184.7854,186.192,5346838
GOOGL,2024-11-25,191.6829,195.1479,186.6472,189.4766,6120620
GOOGL,2024-11-26,188.7013,189.2649,185.139,188.798,29357140
GOOGL,2024-11-27,188.7298,189.051,184.381,187.9343,6659077
GOOGL,2024-11-28,186.8107,190.877,184.8212,187.1459,24017761
GOOGL,2024-11-29,185.4539,190.4944,184.8859,187.2237,8027057
GOOGL,2024-12-02,185.3269,190.3205,183.7813,187.1209,9360294
GOOGL,2024-12-03,181.7839,185.6709,179.0232,182.6533,5089864
GOOGL,2024-12-04,183.31,186.7371,181.085,181.5423,23023095
GOOGL,2024-12-05,182.9927,186.2543,181.9352,182.4227,4660360
GOOGL,2024-12-06,181.0293,181.3494,180.3131,180.635,14797233
GOOGL,2024-12-09,184.054,186.6342,179.9575,181.4602,3755633
GOOGL,2024-12-10,188.8065,189.3402,184.1968,184.3033,2286167
GOOGL,2024-12-11,182.2093,183.8567,181.9793,182.7075,22287183
GOOGL,2024-12-12,183.8744,184.9833,180.0927,181.7294,57391466
GOOGL,2024-12-13,180.4337,181.4023,179.1062,179.8903,22449705
GOOGL,2024-12-16,183.829,185.3814,179.1555,180.7764,9642959
GOOGL,2024-12-17,184.0949,185.5638,179.7337,182.2689,60232996
GOOGL,2024-12-18,177.5676,181.5031,176.4882,178.107,6998878
GOOGL,2024-12-19,182.0148,183.6815,178.6647,179.0975,8339563
GOOGL,2024-12-20,181.4765,185.3232,176.4361,180.3549,31054069
GOOGL,2024-12-23,186.524,188.3091,182.6969,182.8383,22600552
GOOGL,2024-12-24,180.6744,182.2998,180.484,181.0915,12287199
GOOGL,2024-12-25,177.6289,184.1695,176.7908,179.898,20014715
GOOGL,2024-12-26,176.5776,183.5993,176.3313,180.319,8085724
GOOGL,2024-12-27,176.5658,181.7187,175.1508,180.4548,8655838
GOOGL,2024-12-30,185.3944,185.6995,178.6037,183.0318,9697837
GOOGL,2024-12-31,181.17,183.9448,177.8398,182.3926,59866819
GOOGL,2025-01-01,181.9795,182.3945,181.6611,182.0528,10622750
GOOGL,2025-01-02,177.4893,186.9809,176.5375,181.5252,12852954
GOOGL,2025-01-03,176.4202,178.7275,171.8827,175.6557,52399210
GOOGL,2025-01-06,180.1603,180.7801,172.7614,176.2584,16023482
GOOGL,2025-01-07,175.5237,179.7652,172.487,176.9317,12746978
GOOGL,2025-01-08,178.1563,180.7227,170.5389,175.8522,17906945
GOOGL,2025-01-09,177.9331,179.5112,177.7138,179.2967,23896518
GOOGL,2025-01-10,178.5949,183.15,176.3602,180.4119,9421145
GOOGL,2025-01-13,175.3379,180.4645,174.0764,175.1863,8431446
GOOGL,2025-01-14,171.2959,174.5977,168.1781,171.6625,25565472
GOOGL,2025-01-15,172.3572,176.0874,172.1243,175.0004,9829555
GOOGL,2025-01-16,176.3134,178.2253,169.0901,173.7327,33218718
GOOGL,2025-01-17,180.5781,182.0847,177.3493,177.8751,43602657
GOOGL,2025-01-20,184.1037,187.9477,180.7769,182.451,7578699
GOOGL,2025-01-21,185.9744,188.8243,180.5588,183.6443,10309547
GOOGL,2025-01-22,185.3983,188.0506,180.8432,183.3905,21657852
GOOGL,2025-01-23,185.7334,186.1231,180.6007,181.0117,72334950
GOOGL,2025-01-24,182.2945,186.4401,179.7476,181.773,33716306
GOOGL,2025-01-27,183.2673,183.392,179.929,182.995,9851463
GOOGL,2025-01-28,186.1987,188.6612,181.4689,186.9558,19115114
GOOGL,2025-01-29,186.7192,189.0433,182.5621,183.5016,38386447
GOOGL,2025-01-30,181.6338,185.5294,181.284,185.2612,22851108
GOOGL,2025-01-31,186.1505,186.3549,180.375,184.0676,27147495
GOOGL,2025-02-03,182.5824,187.6208,180.0198,184.5633,19242463
GOOGL,2025-02-04,189.2534,190.0917,182.2261,186.3945,14574986
GOOGL,2025-02-05,186.7431,192.1491,186.3673,190.5189,14862501
GOOGL,2025-02-06,189.7044,193.0323,186.0906,189.6084,5273476
GOOGL,2025-02-07,192.6289,194.3079,190.4014,192.0408,9975162
GOOGL,2025-02-10,193.4093,194.4361,191.9266,194.0936,12287629
GOOGL,2025-02-11,191.9126,193.4294,188.923,190.9314,5740846
GOOGL,2025-02-12,187.9905,193.2311,187.0971,188.7882,22776876
GOOGL,2025-02-13,192.0379,196.2193,189.3678,192.0135,13909459
GOOGL,2025-02-14,195.777,197.3452,194.8045,194.9572,34800951
GOOGL,2025-02-17,195.9324,195.9345,193.9412,195.6811,14776971
GOOGL,2025-02-18,193.8877,198.3687,191.1636,197.0431,12175535
GOOGL,2025-02-19,196.2884,197.6774,191.1422,192.6608,2854204
GOOGL,2025-02-20,188.3402,188.3595,187.7476,187.7769,13201835
GOOGL,2025-02-21,191.3959,193.9181,190.4538,190.7941,13244409
GOOGL,2025-02-24,192.6173,198.6206,192.5707,195.7449,11565266
GOOGL,2025-02-25,197.8155,198.4573,193.5133,194.2281,19512226
GOOGL,2025-02-26,192.887,194.2909,192.5892,193.4554,10115729
GOOGL,2025-02-27,192.4526,195.444,191.9016,193.8165,16317623
GOOGL,2025-02-28,196.6907,202.014,196.6838,198.467,381484401
GOOGL,2025-03-03,204.825,206.043,199.875,202.6469,29665103
GOOGL,2025-03-04,203.2451,204.2532,202.9157,203.6266,77420708
GOOGL,2025-03-05,201.4046,206.6193,198.9655,200.8753,4003236
GOOGL,2025-03-06,199.8631,202.4717,196.9142,201.5841,6259601
GOOGL,2025-03-07,203.7705,210.5073,202.8722,205.5868,43924902
GOOGL,2025-03-10,201.2204,210.1833,200.8378,204.2753,4753665
GOOGL,2025-03-11,198.9599,204.7713,198.8582,204.5906,5534861
GOOGL,2025-03-12,210.9898,211.3209,208.8364,210.6691,31013018
GOOGL,2025-03-13,212.8688,213.5053,210.8638,213.0081,11896288
GOOGL,2025-03-14,211.0953,219.8561,207.9748,213.9913,5774381
GOOGL,2025-03-17,210.9412,213.7501,206.1829,210.8547,17130438
GOOGL,2025-03-18,212.527,213.1397,204.8218,209.0837,12543751
GOOGL,2025-03-19,213.8066,214.5004,206.5506,209.7066,31909536
GOOGL,2025-03-20,206.3716,208.8345,203.2585,204.6654,2846436
GOOGL,2025-03-21,203.8631,206.0344,200.3119,205.4297,4524798
GOOGL,2025-03-24,212.142,214.1994,202.6398,208.3336,8992189
GOOGL,2025-03-25,204.3311,207.0629,203.0267,205.0851,26758648
GOOGL,2025-03-26,203.7044,205.457,199.6562,203.1712,31733682
GOOGL,2025-03-27,202.8426,209.6548,202.8381,208.4787,17478641
GOOGL,2025-03-28,202.3939,205.0263,201.2762,201.5739,40108591
GOOGL,2025-03-31,204.8099,209.549,201.9389,204.5938,8045509
GOOGL,2025-04-01,204.6282,206.864,202.7815,204.2676,6677075
GOOGL,2025-04-02,201.8089,204.1431,201.4165,203.8766,34537024
GOOGL,2025-04-03,196.4103,200.5177,194.6597,198.0135,37376057
GOOGL,2025-04-04,198.1861,201.1002,195.1283,198.9483,12423229
GOOGL,2025-04-07,202.613,204.4377,199.7242,200.6996,48855969
GOOGL,2025-04-08,200.5503,201.6449,193.8441,198.8796,21416754
GOOGL,2025-04-09,203.5709,206.2251,198.0506,201.2855,54055963
GOOGL,2025-04-10,201.6339,203.0099,200.1885,201.4836,22748129
GOOGL,2025-04-11,201.4602,204.6105,201.0684,201.8375,7752165
GOOGL,2025-04-14,200.1042,206.12,197.1729,200.8183,24784879
GOOGL,2025-04-15,195.8806,204.2486,195.6325,199.155,31139800
GOOGL,2025-04-16,202.1811,205.7967,200.792,200.8828,33789376
GOOGL,2025-04-17,203.7696,206.2806,198.9564,200.2455,18055874
GOOGL,2025-04-18,201.5535,201.9507,196.2013,198.3534,8892434
GOOGL,2025-04-21,199.3698,203.2395,195.0866,199.9873,8243284
GOOGL,2025-04-22,202.3716,205.9718,199.5989,200.4464,27803611
GOOGL,2025-04-23,203.2194,206.8799,202.5329,203.0895,66467563
GOOGL,2025-04-24,191.1192,199.3586,190.8954,195.8048,17548678
GOOGL,2025-04-25,198.4737,204.3195,197.6824,198.7451,23312372
GOOGL,2025-04-28,196.5649,202.6072,194.9595,197.2405,5501112
GOOGL,2025-04-29,201.8205,203.3373,194.9383,200.93,4510729
GOOGL,2025-04-30,200.0374,201.8407,199.7018,201.1042,1740118
GOOGL,2025-05-01,204.0955,210.6373,202.6111,204.8301,19304313
GOOGL,2025-05-02,206.6332,209.9126,205.6012,206.2638,16191972
GOOGL,2025-05-05,203.1527,207.895,202.7136,206.4859,31744706
GOOGL,2025-05-06,206.1106,207.7243,203.1395,207.5882,16269819
GOOGL,2025-05-07,205.1577,206.0826,202.831,204.9411,20378286
GOOGL,2025-05-08,200.1268,203.3139,198.3811,202.9213,4813001
GOOGL,2025-05-09,203.9321,205.6015,196.7264,202.8446,14176544
GOOGL,2025-05-12,206.5036,207.8742,200.8886,203.0009,14934223
GOOGL,2025-05-13,203.5726,204.6484,201.7602,204.137,53257721
GOOGL,2025-05-14,199.7149,203.665,197.3261,199.0406,19785844
GOOGL,2025-05-15,197.8961,198.2951,196.7601,196.8366,18596668
GOOGL,2025-05-16,191.8722,193.6675,187.6971,191.6237,4099681
GOOGL,2025-05-19,195.1167,195.2872,189.7512,192.6578,17887937
GOOGL,2025-05-20,192.0657,194.1169,188.288,192.1151,7217163
GOOGL,2025-05-21,190.8656,192.4273,188.9274,192.2732,10884469
GOOGL,2025-05-22,195.9413,196.9961,193.8738,194.1964,5169185
GOOGL,2025-05-23,195.6445,196.416,194.041,195.4946,5017391
GOOGL,2025-05-26,192.3567,196.3606,189.8356,192.4059,29827494
GOOGL,2025-05-27,193.3524,195.6005,192.952,194.3984,5358581
GOOGL,2025-05-28,195.5783,195.9708,192.9747,193.8853,10066682
GOOGL,2025-05-29,190.156,195.1502,187.2525,190.9896,32147028
GOOGL,2025-05-30,190.0657,192.1858,186.8012,191.7039,36883770
GOOGL,2025-06-02,196.3751,197.5428,190.667,192.0891,18146337
GOOGL,2025-06-03,194.5503,196.8737,189.2085,192.4947,8084904
GOOGL,2025-06-04,195.5082,196.2288,194.948,195.7958,6024396
GOOGL,2025-06-05,191.832,197.5054,190.3358,192.5482,7597919
GOOGL,2025-06-06,198.2898,200.7015,195.9644,197.5043,11479101
GOOGL,2025-06-09,190.9506,195.4891,190.6007,192.5952,9096578
GOOGL,2025-06-10,198.7147,204.484,198.1144,198.9534,12541771
GOOGL,2025-06-11,198.4068,200.0415,197.5145,199.8582,4559412
GOOGL,2025-06-12,199.3528,200.1364,196.3504,199.0291,6847096
GOOGL,2025-06-13,199.6503,200.6799,199.4195,200.2947,75774294
GOOGL,2025-06-16,195.7308,200.3799,194.1901,199.0521,96220046
GOOGL,2025-06-17,199.3349,204.2933,196.219,201.8987,11583053
GOOGL,2025-06-18,199.5447,202.1185,195.8611,198.9368,17157063
GOOGL,2025-06-19,201.0264,205.2027,198.5988,200.3434,25277269
GOOGL,2025-06-20,205.9248,206.1631,200.4098,202.3364,23437082
GOOGL,2025-06-23,197.5356,197.8729,193.1351,195.3984,5349164
GOOGL,2025-06-24,198.386,200.5262,191.3834,196.5318,10379500
GOOGL,2025-06-25,200.5874,200.8804,195.5865,196.6528,2858995
GOOGL,2025-06-26,194.5112,200.0946,192.9773,196.4481,4229084
GOOGL,2025-06-27,195.0085,196.4266,194.8328,195.6075,8192289
GOOGL,2025-06-30,191.2835,193.1331,190.9639,190.9891,25095014
AMZN,2022-01-03,101.3456,102.949,97.7837,101.3,72164462
AMZN,2022-01-04,103.1767,105.5232,101.9414,102.9836,5719004
AMZN,2022-01-05,100.6342,103.7581,100.2234,100.7099,15358382
AMZN,2022-01-06,98.0423,98.2451,97.9816,98.0654,12568791
AMZN,2022-01-07,97.9452,98.4089,95.4947,97.4035,11122866
AMZN,2022-01-10,102.9869,104.2153,100.7539,101.4448,7479741
AMZN,2022-01-11,102.5792,106.9137,100.9782,103.5301,6341274
AMZN,2022-01-12,106.6661,109.3034,104.5493,107.4527,29754527
AMZN,2022-01-13,106.6169,106.8016,105.4545,105.9802,24143812
AMZN,2022-01-14,109.055,109.0688,107.8719,108.303,12937678
AMZN,2022-01-17,107.51,111.1466,107.3226,111.0405,5386793
AMZN,2022-01-18,110.3014,114.5291,109.6892,113.3607,6740337
AMZN,2022-01-19,118.3262,118.3573,114.0097,114.8342,4166330
AMZN,2022-01-20,118.3444,118.5732,114.2559,115.8126,66514827
AMZN,2022-01-21,111.3114,113.8596,108.7757,111.1489,13087740
AMZN,2022-01-24,111.3999,111.9615,111.1162,111.1504,10446901
AMZN,2022-01-25,110.9015,111.1366,108.3385,110.0264,5496647
AMZN,2022-01-26,111.8812,113.2256,110.1118,111.765,31425572
AMZN,2022-01-27,111.9291,113.0514,111.2712,112.3074,10431256
AMZN,2022-01-28,118.1625,119.0919,113.7847,115.3068,4011522
AMZN,2022-01-31,116.9149,119.83,115.7139,119.5035,10699432
AMZN,2022-02-01,124.182,124.9092,118.0117,121.0671,23396591
AMZN,2022-02-02,118.5499,119.6725,115.4563,119.4669,6728174
AMZN,2022-02-03,117.9271,119.4451,115.2512,116.4252,7827736
AMZN,2022-02-04,116.6601,118.1613,115.7204,117.1611,16304482
AMZN,2022-02-07,116.211,117.2773,115.0445,116.4003,14390786
AMZN,2022-02-08,115.6822,118.1626,113.5856,115.5309,8632655
AMZN,2022-02-09,112.8839,115.3669,112.5985,115.1959,17984213
AMZN,2022-02-10,111.2795,112.951,109.6924,111.4513,42164525
AMZN,2022-02-11,111.0951,112.6472,108.6858,112.504,5810566
AMZN,2022-02-14,117.0546,117.4723,113.3988,113.8111,30604458
AMZN,2022-02-15,109.9409,114.1246,109.4614,111.3617,12317042
AMZN,2022-02-16,115.6018,116.686,111.2966,112.9878,22360676
AMZN,2022-02-17,115.5962,116.2997,112.1218,114.0122,13873521
AMZN,2022-02-18,111.5633,114.4482,110.8456,111.641,21778052
AMZN,2022-02-21,108.5869,109.9516,108.5475,109.7901,23419883
AMZN,2022-02-22,112.8214,113.711,111.2149,112.2267,12139635
AMZN,2022-02-23,113.3922,115.2795,111.1276,113.9643,19818626
AMZN,2022-02-24,115.5259,118.0898,111.7862,114.115,105070964
AMZN,2022-02-25,112.9607,114.8951,112.6405,114.2534,9099885
AMZN,2022-02-28,109.0183,112.8232,108.7471,110.937,19300182
AMZN,2022-03-01,110.1549,112.8489,107.619,109.2678,52982821
AMZN,2022-03-02,109.2913,112.8201,108.6606,109.442,13874194
AMZN,2022-03-03,108.9302,111.6408,106.4383,108.2019,13902622
AMZN,2022-03-04,106.7539,109.4027,105.5265,106.3593,29880205
AMZN,2022-03-07,104.0153,106.8266,103.6108,104.2159,4812661
AMZN,2022-03-08,96.5837,101.4811,96.562,99.977,11820225
AMZN,2022-03-09,99.8885,100.1608,96.9154,96.9416,9757124
AMZN,2022-03-10,98.8987,100.2668,97.7487,97.7762,12110940
AMZN,2022-03-11,99.7769,101.3648,98.2888,98.8709,5974781
AMZN,2022-03-14,95.0701,99.5918,94.4484,97.0351,16809173
AMZN,2022-03-15,96.4624,98.2643,94.7942,97.1707,7540557
AMZN,2022-03-16,93.5149,95.5316,93.4974,95.5279,14364081
AMZN,2022-03-17,96.4411,96.5329,95.8883,96.3695,11439799
AMZN,2022-03-18,97.7569,98.3176,96.5774,97.3211,24588337
AMZN,2022-03-21,100.2214,101.7776,97.1705,100.071,22284785
AMZN,2022-03-22,101.5198,103.1067,97.6002,100.9032,14183253
AMZN,2022-03-23,98.3804,102.1936,97.9171,100.1459,17520891
AMZN,2022-03-24,99.2229,99.8227,97.2186,98.6057,33413828
AMZN,2022-03-25,98.2189,100.3479,95.8751,98.236,16643770
AMZN,2022-03-28,99.0633,99.3454,98.3611,98.4218,28224194
AMZN,2022-03-29,103.7439,103.8302,97.4816,100.8433,67952343
AMZN,2022-03-30,97.7225,99.5498,97.2648,98.8652,34818698
AMZN,2022-03-31,98.4859,98.9094,98.3383,98.6025,9897448
AMZN,2022-04-01,100.9271,103.0268,100.0922,101.3864,12934363
AMZN,2022-04-04,102.4369,103.2594,99.3687,100.5555,7006217
AMZN,2022-04-05,102.2757,103.3072,99.8445,99.9755,12332650
AMZN,2022-04-06,101.2336,104.7204,101.2022,101.7456,18236230
AMZN,2022-04-07,99.4841,102.0742,98.8,100.834,14496385
AMZN,2022-04-08,100.6823,101.931,99.1166,100.736,35939624
AMZN,2022-04-11,100.3425,102.585,99.7571,101.5496,9353311
AMZN,2022-04-12,100.4927,101.4921,99.8183,100.8273,14907708
AMZN,2022-04-13,97.9223,99.2756,94.5947,97.9474,7802041
AMZN,2022-04-14,103.5388,103.9472,101.52,102.546,5058110
AMZN,2022-04-15,103.2872,103.4968,99.3283,102.7441,12492885
AMZN,2022-04-18,102.4703,103.0832,100.3138,101.6218,3684333
AMZN,2022-04-19,102.2475,104.0092,99.6887,102.8013,27291565
AMZN,2022-04-20,103.3846,106.7777,103.2454,104.3129,44256556
AMZN,2022-04-21,109.2986,110.7124,107.5975,108.1363,20863960
AMZN,2022-04-22,106.4081,110.3061,106.3388,107.7721,10944547
AMZN,2022-04-25,110.404,111.1066,107.1166,108.1845,16044841
AMZN,2022-04-26,106.7808,110.9115,106.531,107.2991,14814805
AMZN,2022-04-27,106.3576,109.1784,104.3081,105.5001,5302789
AMZN,2022-04-28,106.517,107.0365,102.0041,104.8242,9213771
AMZN,2022-04-29,104.2047,105.3941,102.4978,105.1781,10633812
AMZN,2022-05-02,102.2781,103.6465,100.7895,102.795,12272397
AMZN,2022-05-03,103.3562,103.4906,99.3965,102.3721,3464564
AMZN,2022-05-04,106.8691,107.0952,102.4003,103.6284,40590805
AMZN,2022-05-05,106.9475,109.3261,102.9834,105.8051,21746407
AMZN,2022-05-06,108.0623,108.9953,107.7982,108.8058,22076501
AMZN,2022-05-09,105.8301,107.8963,105.4057,106.9813,19628504
AMZN,2022-05-10,110.3378,110.3872,107.0865,107.3985,13389956
AMZN,2022-05-11,106.321,106.7869,103.33,106.5359,6898343
AMZN,2022-05-12,105.3727,106.9567,100.0966,103.6863,7968642
AMZN,2022-05-13,109.2536,109.281,105.0543,105.8771,3871884
AMZN,2022-05-16,109.8004,110.1316,103.8964,106.4534,11289668
AMZN,2022-05-17,103.9721,105.1302,102.8269,105.0992,4545611
AMZN,2022-05-18,102.6145,107.6214,102.091,105.7419,33729262
AMZN,2022-05-19,104.6852,106.1072,102.4944,104.9652,11885013
AMZN,2022-05-20,104.968,106.3018,100.8025,103.1594,16707769
AMZN,2022-05-23,103.7213,107.4844,103.3111,105.8888,35621744
AMZN,2022-05-24,104.7581,107.3708,101.6576,104.0741,15008219
AMZN,2022-05-25,106.5681,106.8423,103.9233,105.9595,11838575
AMZN,2022-05-26,107.581,108.522,104.3222,105.8022,12551998
AMZN,2022-05-27,103.0298,106.0197,102.3553,104.539,7394502
AMZN,2022-05-30,103.6985,105.7972,100.9179,102.7848,20953874
AMZN,2022-05-31,103.463,103.5139,98.6642,102.0839,6545108
AMZN,2022-06-01,104.3065,104.8946,99.4498,101.6084,23189741
AMZN,2022-06-02,98.1465,100.9206,97.2616,99.296,11320743
AMZN,2022-06-03,98.0525,98.9195,97.263,98.4486,36093359
AMZN,2022-06-06,96.2006,100.0288,93.8525,96.7043,17661781
AMZN,2022-06-07,102.0763,103.2427,98.7209,100.0242,18595489
AMZN,2022-06-08,100.5751,100.7554,97.9794,100.4986,15098323
AMZN,2022-06-09,101.0854,105.1163,99.1031,101.9097,26941000
AMZN,2022-06-10,99.8095,101.1114,97.9343,100.8625,12432220
AMZN,2022-06-13,101.9149,103.9317,99.6003,102.4981,11583466
AMZN,2022-06-14,100.7878,103.1091,99.0472,100.1365,22214543
AMZN,2022-06-15,104.3062,105.4233,102.606,102.6218,21875746
AMZN,2022-06-16,102.4771,104.7984,100.5992,102.4896,42784551
AMZN,2022-06-17,103.727,105.9552,99.9902,103.6178,6584508
AMZN,2022-06-20,101.8725,103.8312,101.6508,101.7154,4990200
AMZN,2022-06-21,101.5396,102.9915,100.6058,102.9436,8811363
AMZN,2022-06-22,98.8862,102.123,98.8101,101.511,7556703
AMZN,2022-06-23,99.9118,100.8152,99.6464,100.2873,5832891
AMZN,2022-06-24,99.0579,104.1722,98.9764,101.2407,40264744
AMZN,2022-06-27,100.6583,104.3494,99.7609,101.5465,17960040
AMZN,2022-06-28,105.4164,107.5937,101.3514,104.6927,8579049
AMZN,2022-06-29,102.9304,106.419,101.8335,103.4807,19518086
AMZN,2022-06-30,107.2262,107.4507,106.2756,106.369,9435275
AMZN,2022-07-01,101.599,103.5308,100.8586,103.1958,15331922
AMZN,2022-07-04,101.5963,103.3175,97.9674,101.1846,30909495
AMZN,2022-07-05,102.6791,104.9924,100.4301,102.3905,10481117
AMZN,2022-07-06,102.34,104.0374,101.7609,103.1166,44608924
AMZN,2022-07-07,105.1708,105.3106,99.6765,102.9311,7716659
AMZN,2022-07-08,103.6041,105.3352,100.1482,101.998,7195090
AMZN,2022-07-11,105.7124,106.4208,101.4964,103.5477,7402922
AMZN,2022-07-12,101.6371,103.7546,98.032,101.4116,3100340
AMZN,2022-07-13,103.5943,104.3366,99.9734,103.5482,4429994
AMZN,2022-07-14,101.0188,102.3656,99.8682,102.2599,13723133
AMZN,2022-07-15,99.6525,104.2642,97.7622,100.9718,28846834
AMZN,2022-07-18,102.5885,104.5243,100.1163,103.0394,59191765
AMZN,2022-07-19,101.5851,102.7248,98.5222,101.6463,5582346
AMZN,2022-07-20,104.4411,107.6728,104.3624,104.4791,14296086
AMZN,2022-07-21,106.0231,107.2157,102.9454,104.274,7465530
AMZN,2022-07-22,103.5587,103.9214,101.8751,102.4722,8380022
AMZN,2022-07-25,102.6152,104.2943,100.0594,103.6645,17320296
AMZN,2022-07-26,104.9469,105.6133,103.067,103.9,18453503
AMZN,2022-07-27,108.4833,109.1695,105.9254,106.9426,6251889
AMZN,2022-07-28,107.8001,108.0576,104.6063,105.5058,37139698
AMZN,2022-07-29,106.3871,108.595,105.1753,106.4946,17348462
AMZN,2022-08-01,105.3548,107.6367,104.1609,105.2746,4900777
AMZN,2022-08-02,102.2745,103.1264,102.0244,102.7848,2687786
AMZN,2022-08-03,107.1766,108.7882,103.6449,106.5457,29287763
AMZN,2022-08-04,107.1371,107.9897,102.9015,105.2041,3731475
AMZN,2022-08-05,102.2119,107.5604,101.5395,104.8906,19446733
AMZN,2022-08-08,102.0097,105.1683,101.3771,105.0601,30836839
AMZN,2022-08-09,103.6987,105.6796,102.1789,102.7188,53502391
AMZN,2022-08-10,102.6173,103.8799,99.7819,101.0075,3098280
AMZN,2022-08-11,99.6378,100.8595,97.0783,99.0134,12759911
AMZN,2022-08-12,97.0128,98.4147,95.9492,98.1369,26595702
AMZN,2022-08-15,101.0169,103.7108,100.2024,100.4889,19329329
AMZN,2022-08-16,104.7366,105.4814,101.1311,102.229,24296796
AMZN,2022-08-17,103.3143,103.6917,98.7379,101.2324,44983723
AMZN,2022-08-18,100.1993,101.4446,99.1571,99.5351,22916271
AMZN,2022-08-19,99.4311,99.9396,96.6406,99.6042,26882794
AMZN,2022-08-22,98.5581,99.3253,96.5666,98.03,3950776
AMZN,2022-08-23,96.5079,100.2751,95.7154,98.7926,10289606
AMZN,2022-08-24,98.0271,98.7951,95.2472,96.9962,22743487
AMZN,2022-08-25,95.128,98.1008,92.9407,96.1035,17331557
AMZN,2022-08-26,97.6084,97.8478,96.3121,96.3807,43258717
AMZN,2022-08-29,99.3443,101.7797,96.9659,98.48,8863938
AMZN,2022-08-30,101.6119,102.5145,97.4579,100.0017,19065958
AMZN,2022-08-31,95.9724,96.7257,94.0004,96.3009,9407140
AMZN,2022-09-01,94.1121,94.329,93.4231,93.9975,22692704
AMZN,2022-09-02,93.7485,96.3819,90.7718,93.8157,25820665
AMZN,2022-09-05,96.3999,98.6509,95.4726,95.7783,18369315
AMZN,2022-09-06,96.4083,98.4378,95.5477,96.3714,21132065
AMZN,2022-09-07,97.2763,100.8369,96.167,98.9075,20695424
AMZN,2022-09-08,98.6496,100.2398,97.6808,98.9765,22442207
AMZN,2022-09-09,99.7338,100.3714,98.8144,99.9827,40085070
AMZN,2022-09-12,100.5448,100.6917,99.7069,100.007,4751216
AMZN,2022-09-13,99.1459,102.033,98.3076,100.4879,27937731
AMZN,2022-09-14,102.1897,104.0431,98.5193,101.5859,2953948
AMZN,2022-09-15,99.5436,102.2672,99.4999,99.8776,9161433
AMZN,2022-09-16,102.0728,104.7348,97.9964,101.3431,34149156
AMZN,2022-09-19,99.4294,100.2027,98.7917,99.016,35732827
AMZN,2022-09-20,102.0114,103.3537,99.8727,100.3728,6948749
AMZN,2022-09-21,98.1254,102.0372,97.4044,100.3063,4010135
AMZN,2022-09-22,102.6323,103.629,98.9532,102.1975,26261491
AMZN,2022-09-23,100.5288,101.2633,98.0294,99.7323,22419468
AMZN,2022-09-26,98.4578,100.7222,96.6636,98.3544,32585872
AMZN,2022-09-27,95.0715,100.0701,94.6311,97.5226,66021124
AMZN,2022-09-28,98.6863,98.9011,97.7771,97.9537,11917987
AMZN,2022-09-29,98.337,100.6472,95.8268,98.404,21438568
AMZN,2022-09-30,96.4863,96.5367,95.6956,96.4203,10044344
AMZN,2022-10-03,93.818,94.7882,93.1718,94.2228,4168414
AMZN,2022-10-04,94.1661,96.4621,94.1464,94.3045,11430119
AMZN,2022-10-05,94.097,95.8315,92.6239,94.917,3670795
AMZN,2022-10-06,92.2259,95.3882,91.2268,93.6165,36589959
AMZN,2022-10-07,91.5682,92.0825,89.0555,91.9377,22662020
AMZN,2022-10-10,89.2386,91.3186,88.2884,91.0883,6927920
AMZN,2022-10-11,89.7402,91.3771,89.4291,91.1837,28037597
AMZN,2022-10-12,94.0068,94.5563,91.8616,92.4128,14809073
AMZN,2022-10-13,91.8517,96.204,91.4897,93.7558,49580195
AMZN,2022-10-14,92.4695,94.2263,91.2432,93.824,6642253
AMZN,2022-10-17,94.1699,95.453,91.4405,93.6769,15474102
AMZN,2022-10-18,93.1777,95.4254,89.8028,92.2041,5392878
AMZN,2022-10-19,90.1521,92.6201,88.3023,90.3681,17957304
AMZN,2022-10-20,91.3129,91.7311,90.3428,90.601,18192669
AMZN,2022-10-21,91.2103,92.584,91.0333,91.0617,17035232
AMZN,2022-10-24,93.0198,94.02,91.1274,91.2162,40813451
AMZN,2022-10-25,88.4588,89.4613,88.4523,89.1336,11688651
AMZN,2022-10-26,85.9113,90.0657,85.5476,87.3475,39207889
AMZN,2022-10-27,85.9852,88.2967,84.3091,87.1839,45928458
AMZN,2022-10-28,84.2345,86.1849,83.9813,85.1512,17712020
AMZN,2022-10-31,85.6359,86.052,84.4856,85.8151,31896781
AMZN,2022-11-01,87.8915,88.7908,85.1924,86.7235,4718866
AMZN,2022-11-02,88.1405,88.5069,87.0856,87.4141,8995777
AMZN,2022-11-03,89.7518,89.9968,85.9169,87.5977,6709192
AMZN,2022-11-04,87.4854,87.7924,85.7981,86.3942,28687846
AMZN,2022-11-07,85.7141,86.4111,83.8348,83.9727,11928227
AMZN,2022-11-08,84.9326,86.5911,81.6075,84.4538,45955499
AMZN,2022-11-09,83.9412,88.1113,83.0511,85.7299,12449164
AMZN,2022-11-10,81.133,83.6321,80.8227,83.6296,26455933
AMZN,2022-11-11,84.0437,84.4822,83.3091,84.1948,6717012
AMZN,2022-11-14,85.4053,86.534,84.6628,85.0007,19918539
AMZN,2022-11-15,84.1321,86.1311,82.2927,83.5173,12404168
AMZN,2022-11-16,83.0115,85.4796,81.4501,84.3574,7533918
AMZN,2022-11-17,82.2584,82.7724,81.6075,82.7087,13788371
AMZN,2022-11-18,83.2098,83.6715,82.2153,82.858,14433907
AMZN,2022-11-21,82.1158,85.9815,81.7853,83.826,11123227
AMZN,2022-11-22,83.6766,83.7923,81.2239,81.6414,89177957
AMZN,2022-11-23,85.4241,85.583,83.1372,83.6319,13496865
AMZN,2022-11-24,82.3254,83.0164,82.0773,82.204,30193803
AMZN,2022-11-25,79.9388,80.2467,79.5726,79.8379,54351615
AMZN,2022-11-28,80.5607,81.4912,80.3388,80.692,34025338
AMZN,2022-11-29,83.1016,83.3292,79.114,81.3309,17999877
AMZN,2022-11-30,79.584,81.1288,77.871,79.7767,4124114
AMZN,2022-12-01,80.0072,80.9244,78.7583,79.4649,3238374
AMZN,2022-12-02,80.2063,82.2568,79.2602,80.9749,7644535
AMZN,2022-12-05,82.34,83.1256,81.3941,81.7122,12192557
AMZN,2022-12-06,79.4427,81.8489,79.1904,80.6609,21654772
AMZN,2022-12-07,76.7418,81.9612,76.6922,79.1821,6539737
AMZN,2022-12-08,81.7092,82.3391,77.6641,80.077,18930304
AMZN,2022-12-09,79.0575,79.297,77.8956,79.0329,63492284
AMZN,2022-12-12,79.7507,82.527,77.4917,79.8372,31782184
AMZN,2022-12-13,80.6508,82.3073,79.9236,81.1213,62122482
AMZN,2022-12-14,80.591,81.3482,79.5709,79.7708,23997095
AMZN,2022-12-15,81.5947,83.1307,79.467,81.156,7921250
AMZN,2022-12-16,79.6584,82.735,79.5054,79.9757,9749341
AMZN,2022-12-19,80.2216,80.2239,79.9698,80.1872,4666713
AMZN,2022-12-20,78.9624,80.7154,78.4628,78.7822,46874242
AMZN,2022-12-21,78.6514,82.3251,77.478,79.7348,13882100
AMZN,2022-12-22,77.3627,77.9691,75.5008,77.0734,19692851
AMZN,2022-12-23,80.4772,81.4621,78.4543,79.1318,20671267
AMZN,2022-12-26,76.7818,78.3366,75.2049,77.3231,6636063
AMZN,2022-12-27,77.6146,79.2008,74.2425,76.5864,29541056
AMZN,2022-12-28,79.9994,80.4045,77.6929,78.1149,8868467
AMZN,2022-12-29,79.4178,80.8891,78.7185,79.1247,14608992
AMZN,2022-12-30,81.319,81.6542,79.6394,80.4119,12271042
AMZN,2023-01-02,80.2461,81.7513,77.6904,80.1741,9010187
AMZN,2023-01-03,83.6844,84.3207,79.5134,81.9179,3464797
AMZN,2023-01-04,82.8517,84.8253,82.412,84.5084,5195720
AMZN,2023-01-05,84.4221,85.9582,83.9548,85.5913,56550830
AMZN,2023-01-06,84.5645,84.7716,83.8609,84.4806,9474212
AMZN,2023-01-09,83.9443,85.4455,83.8607,84.5095,26265066
AMZN,2023-01-10,85.0946,87.0953,82.9157,84.702,79849825
AMZN,2023-01-11,84.2165,86.3843,82.5901,84.5302,3695268
AMZN,2023-01-12,82.7678,86.1588,82.2358,83.8278,7687839
AMZN,2023-01-13,83.5886,85.1126,81.251,83.4569,52383246
AMZN,2023-01-16,82.2187,85.2426,81.5177,83.8132,20605176
AMZN,2023-01-17,81.3353,82.6774,81.243,82.4072,4884806
AMZN,2023-01-18,83.6376,85.0016,82.6137,83.1774,9933535
AMZN,2023-01-19,85.141,85.8291,83.4839,85.4642,18273362
AMZN,2023-01-20,87.6238,88.4271,87.4573,87.8683,12008667
AMZN,2023-01-23,88.7851,90.2201,87.1977,89.3677,57735483
AMZN,2023-01-24,91.7417,92.6458,89.8749,90.0697,4258103
AMZN,2023-01-25,89.2363,91.5642,89.2023,90.1839,53788196
AMZN,2023-01-26,90.4489,93.3292,89.8665,90.796,11627102
AMZN,2023-01-27,93.6671,93.7148,90.4787,90.9771,5322605
AMZN,2023-01-30,92.0274,94.2816,90.7156,93.4749,18561822
AMZN,2023-01-31,94.1882,94.4148,90.7612,93.0644,7653607
AMZN,2023-02-01,95.4418,96.5348,94.8878,95.1062,35379251
AMZN,2023-02-02,95.5369,98.0657,94.4064,95.3652,14554516
AMZN,2023-02-03,94.2467,96.0814,93.8093,94.0248,35859823
AMZN,2023-02-06,95.4834,97.6127,94.4592,95.4698,17317807
AMZN,2023-02-07,94.9907,97.7164,94.3961,97.5244,27432657
AMZN,2023-02-08,100.9748,102.0898,98.9664,99.2135,5872263
AMZN,2023-02-09,98.1162,99.5534,96.0168,98.6239,27737657
AMZN,2023-02-10,99.7405,100.4064,98.1013,99.7921,40315958
AMZN,2023-02-13,99.6962,100.9315,95.4323,97.4957,23778327
AMZN,2023-02-14,96.6316,98.2399,96.0954,96.4126,11432376
AMZN,2023-02-15,97.7962,99.5434,95.0768,97.6766,5579278
AMZN,2023-02-16,97.7959,100.9561,97.3369,100.1418,16412436
AMZN,2023-02-17,98.4786,99.2399,96.9094,98.221,3986360
AMZN,2023-02-20,97.0977,98.5654,96.4689,97.1598,14074529
AMZN,2023-02-21,95.965,98.1008,94.0508,94.9125,13009099
AMZN,2023-02-22,98.9111,100.2068,96.8648,98.3785,48912740
AMZN,2023-02-23,98.0696,100.8763,96.9345,98.1883,5687971
AMZN,2023-02-24,98.035,98.2483,94.3893,97.64,51657169
AMZN,2023-02-27,97.3386,97.7355,95.516,96.2091,11451271
AMZN,2023-02-28,98.8065,100.2349,96.9926,99.6615,18191950
AMZN,2023-03-01,101.1152,103.7077,100.1467,101.4829,8409354
AMZN,2023-03-02,104.8914,105.8984,103.5603,103.5905,13481535
AMZN,2023-03-03,104.4282,108.0524,103.4676,104.5124,5272062
AMZN,2023-03-06,101.3223,103.4473,100.581,101.7589,5916338
AMZN,2023-03-07,103.8069,104.1628,103.2906,103.4279,29874955
AMZN,2023-03-08,99.9689,104.2309,98.8205,102.2454,10442559
AMZN,2023-03-09,103.0446,104.6931,99.7431,102.0657,27982824
AMZN,2023-03-10,100.3423,101.8128,98.3166,100.2219,13423896
AMZN,2023-03-13,98.5021,98.9084,96.104,98.5382,18236160
AMZN,2023-03-14,100.4178,105.1605,99.9772,102.0811,18299420
AMZN,2023-03-15,102.1989,102.293,101.9031,101.9978,34618627
AMZN,2023-03-16,105.5762,105.9057,99.8792,102.4667,8094938
AMZN,2023-03-17,105.7639,107.0095,102.4319,103.9681,23672855
AMZN,2023-03-20,107.5039,107.724,103.8163,105.7,14654170
AMZN,2023-03-21,107.1029,107.49,104.0702,105.0364,7091712
AMZN,2023-03-22,103.2578,107.1377,100.9992,104.5764,8940413
AMZN,2023-03-23,110.5255,110.931,107.4671,108.7238,3314124
AMZN,2023-03-24,111.282,113.2905,110.2697,110.3345,14193917
AMZN,2023-03-27,106.4135,109.3868,103.6194,107.2061,34412058
AMZN,2023-03-28,108.9604,109.561,103.4791,106.8769,21875175
AMZN,2023-03-29,107.449,109.285,104.8306,107.4965,6453648
AMZN,2023-03-30,110.1657,110.8215,106.6048,110.3374,6266595
AMZN,2023-03-31,108.0001,110.3739,106.8638,107.779,104240147
AMZN,2023-04-03,109.3303,110.0422,104.3678,107.2258,5996357
AMZN,2023-04-04,105.2556,105.6938,103.8989,105.4285,158774371
AMZN,2023-04-05,104.3519,104.8638,101.2213,103.9671,13640173
AMZN,2023-04-06,104.5544,106.6152,103.9706,105.8836,6082322
AMZN,2023-04-07,103.4693,108.6604,102.6151,105.7877,10528466
AMZN,2023-04-10,103.4857,105.3465,100.5704,104.1217,11556302
AMZN,2023-04-11,104.6765,107.3559,103.1105,104.9758,53968678
AMZN,2023-04-12,108.2848,110.2893,107.0767,108.4163,5616145
AMZN,2023-04-13,103.1804,105.9867,103.0277,104.5582,19103255
AMZN,2023-04-14,103.4807,106.2156,102.748,105.2733,32199472
AMZN,2023-04-17,105.5264,106.6343,102.3936,103.7756,9274030
AMZN,2023-04-18,101.0703,104.1182,100.3265,103.8546,21348894
AMZN,2023-04-19,101.5952,102.3384,99.4491,102.0189,35174323
AMZN,2023-04-20,104.3262,108.8167,102.3884,105.6915,23920400
AMZN,2023-04-21,108.1372,110.4852,106.482,107.1361,7557065
AMZN,2023-04-24,108.5428,109.6196,106.0701,108.1228,23026299
AMZN,2023-04-25,103.477,106.1851,100.8918,104.1487,13227981
AMZN,2023-04-26,101.9616,104.4769,97.9728,101.0333,15188816
AMZN,2023-04-27,101.565,103.3691,97.0859,100.0482,5068444
AMZN,2023-04-28,101.1324,101.8464,98.4911,101.1674,25941962
AMZN,2023-05-01,104.0203,107.3713,100.9739,103.846,4789841
AMZN,2023-05-02,100.9784,102.6434,100.6839,101.6345,18224716
AMZN,2023-05-03,104.5849,105.3928,103.3893,103.6838,11559334
AMZN,2023-05-04,102.3995,103.1028,100.0906,102.827,25208011
AMZN,2023-05-05,102.031,104.4031,101.9518,102.1615,9384429
AMZN,2023-05-08,102.0745,102.7347,101.6176,101.7378,5286634
AMZN,2023-05-09,99.1471,100.0191,96.8783,99.4926,31543290
AMZN,2023-05-10,100.1498,101.6866,97.2032,98.3605,33039085
AMZN,2023-05-11,97.5565,97.9789,96.6718,97.3597,25332662
AMZN,2023-05-12,99.0208,99.2323,96.7307,99.1208,10801540
AMZN,2023-05-15,99.3198,99.575,97.8096,99.4459,2998869
AMZN,2023-05-16,98.3255,99.0629,97.9978,98.854,12748960
AMZN,2023-05-17,103.1721,104.4645,101.2334,101.512,13560486
AMZN,2023-05-18,101.4502,103.8887,100.3322,101.765,5722667
AMZN,2023-05-19,103.4357,106.3136,102.6473,103.8129,23851858
AMZN,2023-05-22,106.2599,108.0866,105.4317,107.0418,10470493
AMZN,2023-05-23,108.5756,109.845,104.4634,106.3801,33222792
AMZN,2023-05-24,103.9179,104.6278,101.9681,104.6276,24231823
AMZN,2023-05-25,102.6988,105.4638,99.3525,102.3637,27484996
AMZN,2023-05-26,103.2773,106.6379,101.3133,103.9236,35387099
AMZN,2023-05-29,102.724,103.9681,100.7042,102.6109,36158885
AMZN,2023-05-30,102.8705,103.3236,101.6453,102.4825,23498803
AMZN,2023-05-31,100.5215,103.0147,100.4775,101.5008,11631067
AMZN,2023-06-01,99.7627,102.0516,99.2781,101.1879,36110290
AMZN,2023-06-02,101.4055,103.2783,101.2243,102.0025,24325389
AMZN,2023-06-05,100.8993,103.4381,100.0815,101.6997,16717482
AMZN,2023-06-06,97.7219,99.4357,96.0058,98.555,8995770
AMZN,2023-06-07,96.6641,102.5918,96.6483,99.5548,31525786
AMZN,2023-06-08,98.4095,99.3246,95.7177,98.9646,25444689
AMZN,2023-06-09,97.0878,97.9767,95.4719,97.202,3038092
AMZN,2023-06-12,100.6362,101.999,97.4613,100.1017,1765277
AMZN,2023-06-13,101.2899,104.6229,98.2247,101.3145,7733920
AMZN,2023-06-14,101.7247,102.7391,100.6879,102.0066,17830365
AMZN,2023-06-15,104.0373,104.292,101.7274,102.4342,22042210
AMZN,2023-06-16,105.7735,107.5774,105.2939,105.5865,11367479
AMZN,2023-06-19,104.6599,105.9808,101.6673,104.007,7427846
AMZN,2023-06-20,101.5152,102.8318,99.3683,101.5998,15796585
AMZN,2023-06-21,104.8577,104.9903,99.9914,102.4394,5915022
AMZN,2023-06-22,106.5935,108.8291,105.3305,106.743,5050661
AMZN,2023-06-23,103.1467,106.1009,101.5895,102.958,12028358
AMZN,2023-06-26,101.2609,102.8343,99.019,102.0941,9986033
AMZN,2023-06-27,101.9134,103.0445,99.0549,101.0066,51515127
AMZN,2023-06-28,101.8694,102.3421,99.7285,101.6391,15696592
AMZN,2023-06-29,102.4376,102.9245,100.272,102.465,9958781
AMZN,2023-06-30,102.1966,104.5975,98.9584,102.115,22584535
AMZN,2023-07-03,103.6564,104.8673,101.9308,102.1182,8077478
AMZN,2023-07-04,104.8005,105.033,102.5957,103.1588,11668371
AMZN,2023-07-05,100.7211,102.7302,100.2293,101.6696,151241278
AMZN,2023-07-06,104.3654,106.2997,104.255,104.98,33688356
AMZN,2023-07-07,104.3341,106.9652,103.2234,106.2538,18230912
AMZN,2023-07-10,103.8961,106.5957,103.7616,104.1282,19901216
AMZN,2023-07-11,107.4468,108.6042,105.1631,107.2401,14628532
AMZN,2023-07-12,105.1233,109.2755,103.8309,106.4903,33117007
AMZN,2023-07-13,108.7297,110.4077,106.6082,107.0602,7459850
AMZN,2023-07-14,109.2821,110.0362,108.0831,109.656,12271429
AMZN,2023-07-17,110.8701,111.5739,109.3437,110.9761,10274091
AMZN,2023-07-18,118.2842,118.3792,115.0225,115.1155,7201885
AMZN,2023-07-19,120.0531,122.2348,116.5554,118.1413,7597160
AMZN,2023-07-20,124.4711,126.5267,119.0049,122.6828,17610436
AMZN,2023-07-21,119.0247,122.9831,118.467,121.9077,10249767
AMZN,2023-07-24,121.1001,121.9326,119.2726,119.8048,12186095
AMZN,2023-07-25,120.1343,122.0732,116.5274,118.2041,7295970
AMZN,2023-07-26,112.4616,119.3491,112.2451,116.1567,31164680
AMZN,2023-07-27,113.4741,119.14,112.9386,116.7797,26601248
AMZN,2023-07-28,118.3447,119.7124,115.9739,118.7472,14916194
AMZN,2023-07-31,123.0956,124.9121,122.8177,123.3813,5908748
AMZN,2023-08-01,122.3976,123.8326,122.3274,122.9597,12210621
AMZN,2023-08-02,122.8591,125.1729,119.1522,121.5485,7227814
AMZN,2023-08-03,119.8108,122.2724,119.4684,121.4525,7961695
AMZN,2023-08-04,121.2358,122.2289,116.9631,120.8026,11763811
AMZN,2023-08-07,114.2966,121.1274,114.1353,117.462,147934031
AMZN,2023-08-08,124.687,125.8093,120.0238,121.7392,6877586
AMZN,2023-08-09,121.2265,125.2087,120.3409,124.447,19314674
AMZN,2023-08-10,126.4477,132.2308,124.3788,128.3936,16392319
AMZN,2023-08-11,126.5892,135.1847,126.2156,130.6686,11673905
AMZN,2023-08-14,128.8356,129.5603,126.8894,129.1801,10899987
AMZN,2023-08-15,125.8593,131.1359,125.6663,126.8277,14257611
AMZN,2023-08-16,127.3415,132.3343,126.5654,128.5213,9644319
AMZN,2023-08-17,127.0096,128.2415,123.7124,125.981,13435209
AMZN,2023-08-18,125.411,128.6469,120.0536,124.3373,25986789
AMZN,2023-08-21,126.3044,127.4071,124.282,124.5125,25184763
AMZN,2023-08-22,128.0422,128.0926,121.558,125.4741,10981497
AMZN,2023-08-23,127.5682,129.3911,126.8612,126.902,3161258
AMZN,2023-08-24,124.3664,131.239,123.7717,127.842,8340561
AMZN,2023-08-25,127.0101,129.8422,126.6193,127.5522,13715825
AMZN,2023-08-28,131.6987,131.7674,124.6647,127.3001,7995950
AMZN,2023-08-29,124.5592,127.372,123.4111,126.6194,25127952
AMZN,2023-08-30,129.2692,130.4328,127.768,129.8737,25682034
AMZN,2023-08-31,131.9161,133.4599,131.4303,132.0271,18332157
AMZN,2023-09-01,132.8324,134.8539,129.2449,131.4439,19279652
AMZN,2023-09-04,130.9421,133.4294,129.326,132.3969,7653291
AMZN,2023-09-05,134.9772,139.6017,131.8423,135.4702,15404233
AMZN,2023-09-06,131.2018,134.7263,129.0417,132.7876,5665969
AMZN,2023-09-07,131.6995,131.964,127.6086,131.192,5905059
AMZN,2023-09-08,128.4731,133.8718,127.4082,129.8148,13109187
AMZN,2023-09-11,128.2501,133.2472,127.3386,129.7505,14500137
AMZN,2023-09-12,129.7515,133.444,126.9988,129.3452,17308515
AMZN,2023-09-13,129.1683,132.7045,126.7159,128.9215,4421128
AMZN,2023-09-14,131.7449,132.8487,127.2819,128.5449,14718998
AMZN,2023-09-15,132.151,133.164,127.1719,129.8027,121472365
AMZN,2023-09-18,126.0308,129.6457,125.7115,128.5975,15722663
AMZN,2023-09-19,124.5061,126.944,120.8537,123.9545,18618132
AMZN,2023-09-20,127.0244,128.1814,124.2117,125.4264,32421150
AMZN,2023-09-21,125.0714,129.4703,123.2647,126.4119,13610040
AMZN,2023-09-22,124.6944,127.448,122.4976,123.1776,11974536
AMZN,2023-09-25,123.9596,126.3543,120.0721,123.5138,3186251
AMZN,2023-09-26,122.3714,122.9885,120.0896,121.8357,20384278
AMZN,2023-09-27,122.8369,126.5284,122.3732,123.7292,20359947
AMZN,2023-09-28,117.6408,123.4378,117.5944,121.607,25667204
AMZN,2023-09-29,122.8245,123.5664,119.4859,122.6726,5591735
AMZN,2023-10-02,120.6601,127.1283,120.0526,123.7057,16931153
AMZN,2023-10-03,126.0888,126.3634,122.845,123.5215,5159756
AMZN,2023-10-04,123.2006,128.58,121.7275,125.2256,31610933
AMZN,2023-10-05,124.0777,127.8309,123.8851,125.7042,5011911
AMZN,2023-10-06,124.8478,125.0692,120.1589,123.1752,5470554
AMZN,2023-10-09,127.8693,129.0002,123.5203,124.7286,3157719
AMZN,2023-10-10,122.9383,125.4249,121.6933,125.4027,27727300
AMZN,2023-10-11,124.481,127.8397,122.2499,126.1718,53916630
AMZN,2023-10-12,128.8897,133.0378,127.3354,128.8182,13569518
AMZN,2023-10-13,126.5924,133.1154,126.3142,130.4204,8874682
AMZN,2023-10-16,133.7515,133.7963,129.05,132.5463,8164339
AMZN,2023-10-17,131.4993,132.3906,128.8342,131.7583,10605666
AMZN,2023-10-18,126.5786,132.623,126.1724,129.0125,31231238
AMZN,2023-10-19,126.3725,130.41,123.5811,128.0133,11189691
AMZN,2023-10-20,127.6345,128.4079,125.4574,127.716,2376866
AMZN,2023-10-23,128.4151,132.2198,126.6165,128.2333,19719315
AMZN,2023-10-24,131.5175,135.2063,130.3146,131.3222,5838168
AMZN,2023-10-25,133.0291,135.7191,132.5957,134.1097,16440959
AMZN,2023-10-26,137.0016,138.1983,135.1506,136.1958,9763098
AMZN,2023-10-27,130.021,134.792,130.0089,133.5343,29119588
AMZN,2023-10-30,128.4581,129.9708,127.667,129.8683,8714236
AMZN,2023-10-31,127.7631,130.6527,123.2973,127.5175,3385426
AMZN,2023-11-01,130.9002,131.6741,129.2738,129.9761,21070182
AMZN,2023-11-02,127.975,131.268,126.2857,129.8625,20875578
AMZN,2023-11-03,128.2597,130.0415,126.3293,128.7895,6932925
AMZN,2023-11-06,129.4202,131.5881,126.5421,128.0616,8620937
AMZN,2023-11-07,127.2352,129.3638,124.2672,127.7838,34611115
AMZN,2023-11-08,126.2437,129.7487,124.9909,128.2729,15181194
AMZN,2023-11-09,131.4266,132.5519,127.7463,128.7576,8632261
AMZN,2023-11-10,125.2263,126.0756,121.8139,125.6243,11183746
AMZN,2023-11-13,125.6489,126.2541,123.6492,126.2422,21691701
AMZN,2023-11-14,123.9843,128.5815,122.5247,126.7707,11918173
AMZN,2023-11-15,126.5709,129.8308,126.1053,128.2029,8432420
AMZN,2023-11-16,127.9464,129.4976,127.4231,128.9378,15851068
AMZN,2023-11-17,124.4644,128.7285,123.115,127.4349,17216189
AMZN,2023-11-20,129.8616,133.082,129.3655,131.8613,30682715
AMZN,2023-11-21,130.5718,135.032,129.0487,130.6002,26971463
AMZN,2023-11-22,130.3255,135.4343,128.0407,130.9693,27405122
AMZN,2023-11-23,130.4461,132.385,127.2884,129.4233,22819193
AMZN,2023-11-24,128.0274,129.4846,127.161,128.8276,25201315
AMZN,2023-11-27,127.6712,127.8485,122.3145,124.8787,8950531
AMZN,2023-11-28,123.9812,124.2277,120.8055,122.9207,44072642
AMZN,2023-11-29,124.6762,125.006,121.344,124.8109,23500994
AMZN,2023-11-30,124.2624,127.9491,121.6947,125.1229,7900668
AMZN,2023-12-01,123.352,128.3488,121.1905,125.4492,54444930
AMZN,2023-12-04,125.4786,126.3869,124.1558,125.9349,14677323
AMZN,2023-12-05,127.6763,129.5843,125.8232,129.1469,12339462
AMZN,2023-12-06,129.5895,129.7618,123.0847,126.1715,7396956
AMZN,2023-12-07,126.2969,129.1434,126.1729,127.7048,24709979
AMZN,2023-12-08,125.7527,128.4259,123.9525,127.1547,5864916
AMZN,2023-12-11,125.9203,130.3199,125.8337,127.5813,16624967
AMZN,2023-12-12,123.8644,124.7985,120.939,124.6611,19276290
AMZN,2023-12-13,124.3734,125.855,121.6672,124.1763,15886869
AMZN,2023-12-14,123.6052,123.8527,119.4207,121.9915,9637426
AMZN,2023-12-15,118.3278,122.5066,117.8122,120.811,44691977
AMZN,2023-12-18,123.6345,125.0575,118.8528,121.7061,5370324
AMZN,2023-12-19,125.5304,125.5355,122.6894,123.781,9925499
AMZN,2023-12-20,124.5283,125.533,120.6178,124.4784,5991314
AMZN,2023-12-21,123.4919,123.8848,123.4342,123.6864,5237789
AMZN,2023-12-22,119.8373,125.6331,118.1014,122.2726,13023265
AMZN,2023-12-25,121.9587,122.5876,121.7236,121.755,20043502
AMZN,2023-12-26,126.266,127.8989,123.4221,124.1446,19044920
AMZN,2023-12-27,123.859,127.564,122.7833,125.7663,13420942
AMZN,2023-12-28,123.7618,124.5436,120.1958,122.098,17439280
AMZN,2023-12-29,126.8485,127.559,125.1618,125.2605,23484878
AMZN,2024-01-01,128.0835,128.2373,127.9544,128.1875,3846982
AMZN,2024-01-02,127.5299,130.9906,125.5428,127.5083,3535797
AMZN,2024-01-03,128.4232,128.5588,127.6558,128.4447,7044512
AMZN,2024-01-04,130.1725,133.3921,127.3074,131.4671,138923619
AMZN,2024-01-05,133.1406,133.5819,129.6985,130.0118,10425389
AMZN,2024-01-08,129.6225,133.9172,129.2057,131.92,7029682
AMZN,2024-01-09,129.4362,133.7614,129.0827,132.8423,19755165
AMZN,2024-01-10,128.8159,135.9534,128.1732,131.9199,10378575
AMZN,2024-01-11,137.0117,137.135,131.4133,134.0984,26245707
AMZN,2024-01-12,139.2616,140.7286,134.6612,136.5608,4340078
AMZN,2024-01-15,136.6734,137.0372,132.7713,134.0616,95336521
AMZN,2024-01-16,133.5258,136.9023,132.1706,133.6655,9059554
AMZN,2024-01-17,137.7384,140.1247,132.9858,136.2914,22934840
AMZN,2024-01-18,135.8675,137.1067,134.853,136.6953,4282692
AMZN,2024-01-19,137.073,137.925,136.0207,136.2992,14493092
AMZN,2024-01-22,137.1622,137.8615,133.5581,134.5855,6587893
AMZN,2024-01-23,137.213,137.8501,131.6154,134.1571,5693714
AMZN,2024-01-24,135.3817,139.1593,134.6308,137.8937,3459464
AMZN,2024-01-25,139.9287,142.3314,138.779,139.7567,11915340
AMZN,2024-01-26,144.4111,145.7116,142.874,145.1418,11177574
AMZN,2024-01-29,144.998,145.5496,143.0683,145.5413,13741780
AMZN,2024-01-30,144.4051,150.6897,144.338,148.1657,9503876
AMZN,2024-01-31,141.608,147.0918,139.9024,144.8663,25605368
AMZN,2024-02-01,144.8288,146.6062,143.536,143.5491,16149002
AMZN,2024-02-02,138.3585,142.0084,137.9807,138.8898,17277524
AMZN,2024-02-05,140.493,142.7502,137.6095,140.1615,24646404
AMZN,2024-02-06,136.9769,141.5128,136.7646,139.5927,10737078
AMZN,2024-02-07,142.0952,144.4051,140.9651,142.4596,6694087
AMZN,2024-02-08,140.9419,142.042,139.2004,139.7386,27954308
AMZN,2024-02-09,139.3009,142.4578,134.3792,138.0448,22090503
AMZN,2024-02-12,138.578,143.6671,138.4033,142.4102,17531117
AMZN,2024-02-13,139.551,141.2767,138.8171,138.8928,8917459
AMZN,2024-02-14,134.8041,137.6628,132.4593,137.109,40197858
AMZN,2024-02-15,141.4083,143.7485,138.2567,140.104,20420017
AMZN,2024-02-16,143.7853,143.9079,141.2133,143.1896,153094630
AMZN,2024-02-19,137.7611,146.5457,137.1304,141.7419,16457396
AMZN,2024-02-20,140.5123,145.4907,137.937,141.8448,81957727
AMZN,2024-02-21,144.194,144.7464,143.4575,144.0321,51535645
AMZN,2024-02-22,146.9999,148.2304,142.2955,144.6193,13557155
AMZN,2024-02-23,141.6956,147.5525,140.2406,143.2911,14077155
AMZN,2024-02-26,143.8612,150.4758,142.2882,146.567,14075842
AMZN,2024-02-27,147.1737,148.6348,146.7141,148.6124,5570474
AMZN,2024-02-28,149.6879,152.9267,148.5868,150.3802,3353050
AMZN,2024-02-29,149.5471,150.0772,145.7994,146.4302,7915639
AMZN,2024-03-01,143.636,150.9676,142.3367,146.2853,7435924
AMZN,2024-03-04,147.4373,147.6698,142.8749,144.7523,12754296
AMZN,2024-03-05,140.1932,145.2043,137.6246,142.3019,9278517
AMZN,2024-03-06,138.2996,143.0523,137.8782,142.5496,4946695
AMZN,2024-03-07,140.9805,142.1984,139.9764,142.0348,14893995
AMZN,2024-03-08,145.4642,145.5768,143.9,145.1992,21121625
AMZN,2024-03-11,147.2904,148.4664,142.3042,143.5876,23760247
AMZN,2024-03-12,144.6574,146.8966,142.8385,143.8986,4745147
AMZN,2024-03-13,141.6383,145.6073,138.9512,142.7997,12704059
AMZN,2024-03-14,140.4131,143.481,139.2211,139.2672,19009016
AMZN,2024-03-15,137.6244,140.3628,133.7304,137.1878,86262400
AMZN,2024-03-18,135.709,139.702,135.3616,136.4843,4527805
AMZN,2024-03-19,136.1257,137.0864,135.7808,136.871,3805845
AMZN,2024-03-20,140.9852,141.4856,135.7728,137.9688,4054462
AMZN,2024-03-21,139.5635,144.6212,138.8978,143.2866,12301340
AMZN,2024-03-22,147.4392,151.1911,142.1143,146.5542,14680445
AMZN,2024-03-25,143.8524,148.0916,143.2903,144.3968,1657115
AMZN,2024-03-26,145.2126,146.5355,144.6736,146.4346,21955307
AMZN,2024-03-27,147.2316,147.6511,140.7411,143.6999,16036840
AMZN,2024-03-28,146.3064,146.9756,142.9931,145.4421,4593259
AMZN,2024-03-29,146.2928,151.0863,143.1996,146.1704,17179885
AMZN,2024-04-01,148.0395,151.564,146.2124,148.046,8750566
AMZN,2024-04-02,151.485,152.5293,149.2336,150.1149,33762475
AMZN,2024-04-03,145.8692,152.3999,145.7036,150.9707,36821028
AMZN,2024-04-04,149.0222,153.8607,146.0538,151.1548,16367464
AMZN,2024-04-05,153.4063,154.0751,151.6558,154.0131,5266111
AMZN,2024-04-08,157.4295,158.5572,150.3318,153.8595,8862655
AMZN,2024-04-09,157.1469,162.1143,152.628,156.9567,21845906
AMZN,2024-04-10,152.5712,157.9471,148.3639,153.175,4756304
AMZN,2024-04-11,155.5181,156.2229,149.6309,152.6987,17259391
AMZN,2024-04-12,152.5545,153.2509,147.4795,150.6103,22561623
AMZN,2024-04-15,148.8583,153.2142,148.6039,152.8381,2697475
AMZN,2024-04-16,151.9409,152.988,150.3892,151.0821,18345151
AMZN,2024-04-17,152.872,153.1777,150.0897,153.0024,41413548
AMZN,2024-04-18,155.793,155.9068,153.957,155.0102,10525831
AMZN,2024-04-19,153.1151,156.5128,152.1014,155.331,59816409
AMZN,2024-04-22,151.5827,157.4937,151.4154,155.2961,17328820
AMZN,2024-04-23,159.9194,162.4489,153.7947,159.2688,3002330
AMZN,2024-04-24,156.9445,162.7022,155.5875,159.2639,13947409
AMZN,2024-04-25,154.0864,155.8368,153.3164,154.0805,27480335
AMZN,2024-04-26,151.4467,158.4461,151.2078,155.7949,25529408
AMZN,2024-04-29,149.7699,152.4691,146.394,151.116,52566165
AMZN,2024-04-30,149.9181,155.5113,149.1809,150.4837,35621240
AMZN,2024-05-01,144.7369,150.8317,142.6406,146.6941,7763779
AMZN,2024-05-02,139.9058,147.0685,139.8592,142.5209,70131281
AMZN,2024-05-03,141.8136,146.4553,141.1077,142.6306,34857841
AMZN,2024-05-06,140.77,145.189,137.5135,142.3905,17379416
AMZN,2024-05-07,136.6827,138.9361,136.1866,136.3184,10002580
AMZN,2024-05-08,137.3043,137.4411,136.223,136.8134,42239125
AMZN,2024-05-09,139.7066,141.7925,134.4196,137.4324,13189693
AMZN,2024-05-10,137.1443,138.3686,135.3688,136.3735,30086796
AMZN,2024-05-13,137.7145,139.1819,132.6092,135.3102,12030510
AMZN,2024-05-14,138.5645,140.5006,134.0542,138.0794,59617734
AMZN,2024-05-15,137.7042,139.6405,136.3659,138.1313,23402492
AMZN,2024-05-16,136.5855,141.572,134.3483,137.1418,12228239
AMZN,2024-05-17,137.5757,138.387,136.5569,137.443,15688019
AMZN,2024-05-20,135.2211,139.3141,134.33,137.7389,14697089
AMZN,2024-05-21,131.8439,135.9988,131.1271,135.6195,15499119
AMZN,2024-05-22,140.9119,141.3682,137.3145,137.7142,41851669
AMZN,2024-05-23,136.0897,137.6042,134.383,136.2983,26335830
AMZN,2024-05-24,136.6991,137.0964,133.548,133.8102,6581598
AMZN,2024-05-27,129.884,135.0233,129.7903,132.8374,18571432
AMZN,2024-05-28,132.8764,137.3012,131.3789,134.0804,19428814
AMZN,2024-05-29,135.5112,138.6272,132.6201,134.5098,18384300
AMZN,2024-05-30,138.381,139.9451,131.9237,136.4085,9844568
AMZN,2024-05-31,133.71,139.2217,132.7996,137.4162,39654630
AMZN,2024-06-03,134.337,139.6497,134.2808,137.7166,40452812
AMZN,2024-06-04,138.651,140.0509,136.5992,138.7799,16255726
AMZN,2024-06-05,137.6628,139.5419,135.5308,139.1713,32717232
AMZN,2024-06-06,139.2232,141.2072,138.0829,138.1169,14645062
AMZN,2024-06-07,139.8743,140.0506,132.8762,137.6405,5296726
AMZN,2024-06-10,137.1988,138.0532,137.0703,137.4272,12412376
AMZN,2024-06-11,137.0327,142.5071,136.2411,139.7961,29504337
AMZN,2024-06-12,141.6866,142.859,135.9075,140.0668,22983532
AMZN,2024-06-13,136.3457,139.5211,133.0994,135.9064,7190370
AMZN,2024-06-14,136.9522,137.5941,130.5748,135.0429,11915149
AMZN,2024-06-17,138.3812,139.2731,134.7671,138.8942,6942096
AMZN,2024-06-18,140.5383,141.276,133.5891,138.3404,11242419
AMZN,2024-06-19,131.2953,136.1519,130.6907,133.9802,20046607
AMZN,2024-06-20,133.5622,135.4442,131.9084,134.573,7531911
AMZN,2024-06-21,133.4512,136.6519,133.1739,134.8186,33339486
AMZN,2024-06-24,136.0373,136.7951,135.0117,136.4577,11235871
AMZN,2024-06-25,142.0455,143.1428,138.5761,140.8091,11917954
AMZN,2024-06-26,140.0053,140.7739,137.681,138.5207,5411726
AMZN,2024-06-27,137.8029,138.5377,133.2918,137.5789,43445928
AMZN,2024-06-28,137.3896,138.0894,132.8277,135.7175,7874560
AMZN,2024-07-01,138.1696,139.3422,131.4504,135.0359,19679161
AMZN,2024-07-02,135.9249,138.8266,135.3858,135.5915,38002124
AMZN,2024-07-03,137.762,140.1739,134.9989,136.2981,12927546
AMZN,2024-07-04,137.3327,139.8132,135.5456,138.3828,15854542
AMZN,2024-07-05,138.6142,139.2729,137.6204,139.0284,15592113
AMZN,2024-07-08,135.9936,138.2088,135.0976,137.1058,21100757
AMZN,2024-07-09,135.9575,142.1516,134.9623,138.3487,28988552
AMZN,2024-07-10,139.4863,140.6853,135.1883,136.2497,32647798
AMZN,2024-07-11,136.7227,137.1099,132.085,136.7023,42649886
AMZN,2024-07-12,135.5672,136.6748,134.5976,136.1931,11968770
AMZN,2024-07-15,139.1591,142.9203,138.3207,139.2262,32457550
AMZN,2024-07-16,137.5116,141.3641,134.7092,138.9556,19268900
AMZN,2024-07-17,139.1861,139.4651,139.085,139.4085,14299237
AMZN,2024-07-18,143.1495,144.4575,141.6893,143.3579,7268378
AMZN,2024-07-19,143.6662,144.7477,142.4033,143.201,6139859
AMZN,2024-07-22,144.3828,147.3408,139.6286,143.4855,60628526
AMZN,2024-07-23,143.4227,143.7368,138.9604,141.3371,2915345
AMZN,2024-07-24,140.4663,146.3032,139.3032,143.2949,13731353
AMZN,2024-07-25,141.0877,145.0702,139.8556,143.5451,9114528
AMZN,2024-07-26,140.2833,144.3018,140.2184,143.2768,18091781
AMZN,2024-07-29,149.3113,150.3421,148.4566,150.0478,24241616
AMZN,2024-07-30,155.2784,156.5194,154.0213,154.8167,27549626
AMZN,2024-07-31,156.4856,156.6826,153.4875,154.9072,54217409
AMZN,2024-08-01,156.3914,157.9814,153.8056,154.4865,7742085
AMZN,2024-08-02,150.6293,155.0364,147.126,151.0407,6947685
AMZN,2024-08-05,147.6988,152.5994,146.5007,147.6709,48903449
AMZN,2024-08-06,152.2095,153.7361,151.4929,151.5957,10514649
AMZN,2024-08-07,155.9129,155.949,151.7821,152.7695,56422403
AMZN,2024-08-08,151.7192,153.9778,149.8208,151.0057,32221242
AMZN,2024-08-09,148.221,153.8585,146.379,151.1344,61286640
AMZN,2024-08-12,153.985,154.8313,149.599,152.9941,11598607
AMZN,2024-08-13,154.3034,154.7565,151.8309,153.5109,23864190
AMZN,2024-08-14,159.1122,161.3752,156.1117,156.2309,44142531
AMZN,2024-08-15,153.6042,155.7419,152.9651,153.2623,36022986
AMZN,2024-08-16,160.9454,161.4721,158.5216,159.2266,24026929
AMZN,2024-08-19,159.4448,159.6135,156.4181,156.9151,54328748
AMZN,2024-08-20,154.7204,154.8381,151.3386,154.5429,60293273
AMZN,2024-08-21,152.4925,153.2959,151.0158,151.8316,5814979
AMZN,2024-08-22,149.6799,152.8531,149.4089,151.0368,7861587
AMZN,2024-08-23,149.5713,151.216,148.7947,149.2559,8624055
AMZN,2024-08-26,141.3214,149.3962,140.6632,144.5944,13279253
AMZN,2024-08-27,144.7487,151.3411,141.2724,146.2976,20345782
AMZN,2024-08-28,149.7845,151.6662,146.826,150.4813,17355554
AMZN,2024-08-29,148.6095,150.8053,146.6587,150.4424,56813453
AMZN,2024-08-30,152.6473,152.9437,147.0875,148.9685,33029195
AMZN,2024-09-02,152.859,155.3705,150.1929,151.1188,8950123
AMZN,2024-09-03,148.4799,148.9581,146.7461,146.8365,2386279
AMZN,2024-09-04,151.7015,153.2973,148.4672,148.858,25758006
AMZN,2024-09-05,146.5319,151.4147,144.2767,146.5125,12323531
AMZN,2024-09-06,148.4583,153.5806,146.1283,151.1376,15884078
AMZN,2024-09-09,150.8592,154.226,147.4793,150.9923,19007388
AMZN,2024-09-10,146.6576,151.7677,146.2292,148.6443,36133456
AMZN,2024-09-11,154.1266,154.4742,149.2656,149.392,24603697
AMZN,2024-09-12,154.0298,154.067,153.6215,153.861,20908073
AMZN,2024-09-13,154.1057,154.7284,153.9336,154.2059,6401189
AMZN,2024-09-16,157.4945,160.269,154.2643,157.3578,49318943
AMZN,2024-09-17,156.728,163.4637,155.8564,158.0347,27410683
AMZN,2024-09-18,158.8353,162.078,155.9234,161.4295,9969569
AMZN,2024-09-19,161.4379,161.8961,155.0978,158.9388,12414104
AMZN,2024-09-20,160.8828,161.7716,159.5974,159.7957,13218187
AMZN,2024-09-23,156.9966,161.5538,154.2012,158.4416,29464416
AMZN,2024-09-24,159.7121,161.5337,157.974,158.8486,17697128
AMZN,2024-09-25,164.4811,166.542,160.3202,160.9576,4653073
AMZN,2024-09-26,162.6616,166.7285,160.4552,163.0908,7615296
AMZN,2024-09-27,162.6027,163.7922,158.3591,162.5122,35229333
AMZN,2024-09-30,168.6504,169.0304,161.0636,164.5681,12699536
AMZN,2024-10-01,158.2723,164.369,157.5704,160.802,12758024
AMZN,2024-10-02,161.5845,164.0623,159.4615,160.6197,131620920
AMZN,2024-10-03,163.7244,164.6965,162.9767,163.1801,21405160
AMZN,2024-10-04,160.0158,161.2884,158.3882,158.7712,11812414
AMZN,2024-10-07,158.5569,159.7985,157.616,159.3264,2712544
AMZN,2024-10-08,159.1498,159.1629,154.9078,157.1372,35351674
AMZN,2024-10-09,157.3268,160.0376,152.1615,157.2432,55561891
AMZN,2024-10-10,158.86,159.0374,158.7647,158.9462,88212649
AMZN,2024-10-11,157.3933,162.2163,155.8683,160.3425,7764299
AMZN,2024-10-14,158.0879,161.6966,157.1854,157.2877,17403374
AMZN,2024-10-15,152.0507,156.9524,151.1109,154.3334,34054536
AMZN,2024-10-16,148.6289,155.0991,148.5462,152.1602,21626002
AMZN,2024-10-17,153.9777,154.2232,148.7312,153.9106,21382009
AMZN,2024-10-18,150.6449,156.9513,147.9961,153.3898,28978621
AMZN,2024-10-21,158.9456,160.8296,156.5127,156.7144,14012701
AMZN,2024-10-22,162.4957,164.7318,158.6702,161.4958,6885635
AMZN,2024-10-23,160.8443,162.6247,159.6978,161.8533,37970670
AMZN,2024-10-24,166.9614,171.6559,165.6392,167.1054,16493951
AMZN,2024-10-25,166.7467,170.2707,165.1421,166.8552,12406634
AMZN,2024-10-28,164.7708,165.2054,163.7959,163.8986,7025911
AMZN,2024-10-29,166.1899,169.3939,160.3986,163.6688,10123273
AMZN,2024-10-30,165.1992,167.1838,161.9722,162.8488,26318537
AMZN,2024-10-31,158.6024,164.9643,157.4197,161.9822,7223104
AMZN,2024-11-01,158.1699,162.2929,158.1526,160.4405,31030071
AMZN,2024-11-04,155.9032,162.3377,155.6424,161.0624,17165710
AMZN,2024-11-05,154.3788,163.5772,153.333,158.7981,26857705
AMZN,2024-11-06,157.9415,159.1452,152.2248,156.2858,36297530
AMZN,2024-11-07,158.6975,162.5746,154.7128,159.0453,26117747
AMZN,2024-11-08,162.2222,163.6167,158.8142,161.2682,9866552
AMZN,2024-11-11,163.4158,164.3533,162.3705,163.1018,3340577
AMZN,2024-11-12,164.4937,166.1924,162.3589,162.5518,27176386
AMZN,2024-11-13,163.6358,165.429,160.8134,163.546,6648963
AMZN,2024-11-14,166.5211,171.1681,164.5016,166.1537,4064844
AMZN,2024-11-15,165.3312,173.7562,163.854,167.9667,15308461
AMZN,2024-11-18,163.5454,163.7433,162.2407,162.6452,10346630
AMZN,2024-11-19,161.7841,164.9414,161.533,162.8333,20142919
AMZN,2024-11-20,162.3051,166.6995,159.6088,163.623,10516700
AMZN,2024-11-21,159.6845,161.6062,159.4187,160.9149,30258658
AMZN,2024-11-22,159.2465,163.643,159.136,161.3169,4470519
AMZN,2024-11-25,156.66,157.2072,153.9245,156.6958,21782272
AMZN,2024-11-26,154.1983,160.9124,153.2374,157.6852,19017945
AMZN,2024-11-27,152.6599,160.3159,151.3823,155.0836,87209592
AMZN,2024-11-28,151.8899,157.1601,150.477,154.1145,35006647
AMZN,2024-11-29,154.0052,156.3845,153.4178,154.9533,16101800
AMZN,2024-12-02,156.7049,161.3908,150.6835,156.1902,17172741
AMZN,2024-12-03,158.8189,162.0026,151.4812,156.5717,15676770
AMZN,2024-12-04,155.7514,157.5676,152.0887,156.9263,29238423
AMZN,2024-12-05,156.5033,158.6576,153.6179,155.895,33080504
AMZN,2024-12-06,154.474,161.3294,153.7116,155.8358,18760122
AMZN,2024-12-09,154.4518,157.051,153.8104,154.1869,6576620
AMZN,2024-12-10,153.722,158.0096,151.7531,153.8685,62273363
AMZN,2024-12-11,156.5034,159.7786,153.571,157.2397,38377349
AMZN,2024-12-12,157.9509,161.2297,157.054,157.2055,19121959
AMZN,2024-12-13,159.864,161.8005,156.791,160.3396,14107994
AMZN,2024-12-16,165.0838,166.9669,162.1575,163.482,12408004
AMZN,2024-12-17,160.0884,168.3795,159.2788,162.8103,6770142
AMZN,2024-12-18,164.723,165.8073,164.0433,164.0683,6948906
AMZN,2024-12-19,168.9385,169.3406,162.6053,164.6415,33688607
AMZN,2024-12-20,161.214,165.6489,158.2993,163.6418,5522319
AMZN,2024-12-23,166.4095,168.955,162.5503,168.4723,32483802
AMZN,2024-12-24,167.3143,171.6592,166.0467,167.0233,8655323
AMZN,2024-12-25,172.6806,173.9956,172.142,173.8648,22552120
AMZN,2024-12-26,171.225,172.3923,167.2066,170.5852,13022352
AMZN,2024-12-27,167.4215,170.5535,164.0722,167.0707,4819960
AMZN,2024-12-30,156.6532,162.4943,156.5013,161.0938,20767721
AMZN,2024-12-31,167.2493,171.6323,166.9102,166.9333,25580850
AMZN,2025-01-01,158.8323,164.7012,156.156,159.8428,17398983
AMZN,2025-01-02,167.1626,167.7775,158.4276,163.1225,8111381
AMZN,2025-01-03,162.1338,167.2655,161.5214,161.9435,16657898
AMZN,2025-01-06,161.2625,161.4558,160.9522,161.1598,6559602
AMZN,2025-01-07,163.4177,163.4778,161.3497,161.8414,19968831
AMZN,2025-01-08,157.8552,160.8692,156.9429,158.5047,49600083
AMZN,2025-01-09,160.4341,160.5504,152.8358,156.8779,6357298
AMZN,2025-01-10,156.6196,160.2731,156.1731,159.3638,10335915
AMZN,2025-01-13,158.8401,160.7351,158.2291,159.5469,12201119
AMZN,2025-01-14,165.9025,166.704,162.7564,166.3788,14870815
AMZN,2025-01-15,165.0908,166.312,161.9609,163.9738,9865874
AMZN,2025-01-16,162.178,166.11,158.8772,162.5916,2048645
AMZN,2025-01-17,168.2786,170.8032,160.1351,165.1997,24999263
AMZN,2025-01-20,161.6151,167.6452,160.5323,164.7019,9473655
AMZN,2025-01-21,172.6776,174.1832,164.4197,169.334,7293942
AMZN,2025-01-22,163.9423,171.4309,162.585,167.5231,24210605
AMZN,2025-01-23,160.3456,165.4981,158.5279,162.329,17733594
AMZN,2025-01-24,168.6821,169.6967,164.8416,168.2636,34635131
AMZN,2025-01-27,168.6038,174.7239,168.3925,171.0494,8334126
AMZN,2025-01-28,172.6648,177.9601,171.092,174.0245,15067131
AMZN,2025-01-29,169.9565,173.0624,167.9825,172.3423,39494714
AMZN,2025-01-30,169.0119,175.7095,167.4615,170.8197,28856323
AMZN,2025-01-31,176.0706,176.9522,172.065,174.5317,5776310
AMZN,2025-02-03,168.7719,170.7096,164.9662,170.6159,11574239
AMZN,2025-02-04,165.639,171.7464,163.8067,168.8516,8756585
AMZN,2025-02-05,169.1709,169.2585,164.338,168.4721,8082118
AMZN,2025-02-06,169.2742,169.5113,162.7597,167.167,1470624
AMZN,2025-02-07,165.3172,171.1479,162.4548,166.258,20106551
AMZN,2025-02-10,168.8405,170.7647,164.9896,165.0308,10419706
AMZN,2025-02-11,161.9751,166.859,161.6888,166.2077,3630811
AMZN,2025-02-12,165.9948,170.0236,162.5673,167.5687,6817640
AMZN,2025-02-13,164.7836,168.4615,158.6066,162.8992,8591500
AMZN,2025-02-14,172.5993,174.2731,169.161,169.1682,38114103
AMZN,2025-02-17,166.8975,172.2367,164.5769,167.7177,12591148
AMZN,2025-02-18,174.5501,177.2121,168.7181,173.3922,11194047
AMZN,2025-02-19,175.453,180.7174,174.6812,177.2123,6561924
AMZN,2025-02-20,174.5444,176.6719,172.1528,176.2903,8903019
AMZN,2025-02-21,167.1198,175.8466,164.2877,169.9762,15641326
AMZN,2025-02-24,178.6263,181.8896,170.0387,176.0596,13516629
AMZN,2025-02-25,178.6952,183.8766,172.8452,177.6848,17654671
AMZN,2025-02-26,178.021,181.493,174.1639,178.9013,20407535
AMZN,2025-02-27,184.5173,185.7119,182.4113,184.9189,12626367
AMZN,2025-02-28,183.036,186.7299,180.4321,181.4276,5878703
AMZN,2025-03-03,182.627,184.7645,180.431,181.9635,4326554
AMZN,2025-03-04,180.5473,183.9816,177.5929,180.2239,40791232
AMZN,2025-03-05,178.3778,180.3389,174.46,179.4064,66028781
AMZN,2025-03-06,173.6007,182.4521,172.1608,178.3095,4125674
AMZN,2025-03-07,183.3798,185.4725,174.7384,179.8459,11206561
AMZN,2025-03-10,184.2869,187.3004,180.0708,181.6109,11276791
AMZN,2025-03-11,179.7317,180.2047,172.7814,178.1877,7374481
AMZN,2025-03-12,175.3092,178.2175,174.0552,175.6492,73198706
AMZN,2025-03-13,169.5015,172.1087,165.0662,170.6142,12342822
AMZN,2025-03-14,173.7427,173.8354,170.5259,171.2081,4045915
AMZN,2025-03-17,174.992,179.1723,171.8884,173.2377,23177065
AMZN,2025-03-18,176.3579,178.2781,174.5931,178.124,17731458
AMZN,2025-03-19,180.4899,181.9047,175.4226,179.7004,8137751
AMZN,2025-03-20,184.7954,186.6206,178.3245,184.0965,21700378
AMZN,2025-03-21,174.7462,177.319,171.2349,176.9935,10301559
AMZN,2025-03-24,180.9336,181.42,170.9114,176.867,12836960
AMZN,2025-03-25,173.1723,176.5433,170.9544,175.4381,15863236
AMZN,2025-03-26,172.3515,176.3581,172.0385,175.1823,8438569
AMZN,2025-03-27,175.3102,177.799,171.7371,175.8176,9104857
AMZN,2025-03-28,180.3392,180.6978,176.3803,179.26,11179135
AMZN,2025-03-31,175.5303,177.7412,172.4914,175.5183,9158131
AMZN,2025-04-01,173.4514,181.6622,170.6431,175.7016,10876637
AMZN,2025-04-02,169.19,171.8088,168.466,171.3646,21081011
AMZN,2025-04-03,163.8553,166.2878,162.0523,166.2183,45797727
AMZN,2025-04-04,164.9592,173.0634,164.0178,169.1669,12085948
AMZN,2025-04-07,169.4097,174.9531,167.9778,173.1714,75901449
AMZN,2025-04-08,172.0006,174.0296,171.327,173.7663,15037737
AMZN,2025-04-09,172.0587,174.5872,167.785,173.6917,5653831
AMZN,2025-04-10,180.5242,180.9427,176.3377,177.737,14117007
AMZN,2025-04-11,180.888,181.8172,178.5441,181.5654,4982351
AMZN,2025-04-14,181.2292,184.388,178.8775,180.3376,13912767
AMZN,2025-04-15,175.2448,179.5468,175.2333,176.1614,61360300
AMZN,2025-04-16,177.7303,179.807,176.8617,177.0022,18197782
AMZN,2025-04-17,177.0194,178.9606,172.114,174.8079,12363083
AMZN,2025-04-18,171.2406,174.7656,168.9337,170.1905,15828341
AMZN,2025-04-21,172.5987,178.651,171.9901,174.1619,23038965
AMZN,2025-04-22,175.0004,176.3282,173.6002,174.0962,12624401
AMZN,2025-04-23,167.6316,175.3911,166.4842,170.7612,6402362
AMZN,2025-04-24,171.0652,172.6135,171.0484,172.3238,10007564
AMZN,2025-04-25,171.8384,172.8302,169.9621,170.8877,16608198
AMZN,2025-04-28,170.2884,172.6867,169.8904,171.5346,50715022
AMZN,2025-04-29,172.2815,178.7072,170.6275,172.6427,8191992
AMZN,2025-04-30,174.8635,178.7295,169.9381,175.1876,25751561
AMZN,2025-05-01,174.4275,178.8503,173.8016,176.2664,10928134
AMZN,2025-05-02,178.3309,183.1749,174.0137,179.3025,4490935
AMZN,2025-05-05,179.6772,180.4997,179.1862,179.1953,13289649
AMZN,2025-05-06,179.9179,180.3766,179.6234,180.2567,12529073
AMZN,2025-05-07,183.136,184.4418,178.2595,180.0852,14135083
AMZN,2025-05-08,178.7055,181.8934,175.645,179.8053,17274155
AMZN,2025-05-09,177.8473,181.2228,174.2526,178.6212,39972522
AMZN,2025-05-12,177.06,177.2016,176.4229,176.4607,10366919
AMZN,2025-05-13,172.7707,174.5268,168.5722,172.0508,2669725
AMZN,2025-05-14,174.5946,177.3267,174.0648,176.1143,30729314
AMZN,2025-05-15,175.961,176.8155,174.2974,175.3033,22112414
AMZN,2025-05-16,178.7674,184.8101,177.3213,182.7193,11534037
AMZN,2025-05-19,178.3784,181.3968,177.2562,179.4711,18565659
AMZN,2025-05-20,184.1649,188.8468,180.9834,184.2128,22674613
AMZN,2025-05-21,185.7712,193.8721,185.3742,189.3542,8887247
AMZN,2025-05-22,190.7465,192.9677,189.6788,190.7497,18741225
AMZN,2025-05-23,186.5868,188.4783,184.3367,187.2787,14144653
AMZN,2025-05-26,179.9178,185.5785,177.7559,184.1425,12075412
AMZN,2025-05-27,173.466,177.1843,171.3858,177.0602,4855576
AMZN,2025-05-28,182.6924,185.8757,178.0541,182.6065,5558979
AMZN,2025-05-29,185.1602,186.1412,179.8769,185.6996,28786467
AMZN,2025-05-30,184.3581,190.607,180.7199,186.5972,10060299
AMZN,2025-06-02,183.3408,189.2434,179.9558,184.2505,2110985
AMZN,2025-06-03,185.6481,189.8658,182.7561,185.0581,12393043
AMZN,2025-06-04,178.993,187.4322,177.9821,183.5012,34083041
AMZN,2025-06-05,181.4893,188.7943,181.353,184.9296,32901502
AMZN,2025-06-06,186.2405,186.6938,183.0944,184.0214,28764583
AMZN,2025-06-09,174.7919,181.8267,174.7879,181.1616,61453519
AMZN,2025-06-10,174.5134,177.4492,171.9642,175.2444,7139652
AMZN,2025-06-11,181.1387,181.3476,178.431,180.6527,9302895
AMZN,2025-06-12,181.0477,182.8365,179.0967,181.5231,20707557
AMZN,2025-06-13,183.8128,187.6716,180.5453,181.8007,11080491
AMZN,2025-06-16,184.7336,185.6693,177.3053,181.3722,11104934
AMZN,2025-06-17,174.0427,177.1786,170.9585,177.1346,7549795
AMZN,2025-06-18,176.4398,176.8073,174.551,176.0816,18632722
AMZN,2025-06-19,172.6486,176.2007,167.4431,172.6838,7304485
AMZN,2025-06-20,173.4933,174.1211,164.4567,168.5958,18559662
AMZN,2025-06-23,172.7598,175.096,170.5531,173.7456,6423631
AMZN,2025-06-24,168.9436,172.3973,165.3003,170.2783,11448547
AMZN,2025-06-25,168.692,172.9358,165.9031,169.5808,1894179
AMZN,2025-06-26,171.7537,172.0349,162.9178,167.5028,6448183
AMZN,2025-06-27,161.0804,163.4663,157.9374,163.1718,18835584
AMZN,2025-06-30,162.2422,164.0978,159.6545,161.2735,7183146
META,2022-01-03,197.6597,200.5608,187.2631,194.3227,5939088
META,2022-01-04,195.8893,197.4051,189.8271,191.9658,44969023
META,2022-01-05,190.703,191.0571,187.3051,190.6937,68050462
META,2022-01-06,189.7708,196.2337,186.3913,192.9528,30695865
META,2022-01-07,191.9305,194.8658,188.0704,191.0584,8415950
META,2022-01-10,191.6443,197.519,188.606,190.7859,12159813
META,2022-01-11,195.1052,195.6435,183.7333,188.0089,6669191
META,2022-01-12,184.965,188.7857,179.0892,182.8141,4382696
META,2022-01-13,182.5929,188.0603,178.1116,185.0904,1909814
META,2022-01-14,189.537,189.64,182.1646,185.574,2408964
META,2022-01-17,176.6216,186.1714,173.9581,181.9492,11396961
META,2022-01-18,176.8136,188.4077,176.1155,181.6705,18099323
META,2022-01-19,175.7123,182.5511,169.7518,176.2829,22265212
META,2022-01-20,167.606,175.5476,163.9319,170.3927,42578376
META,2022-01-21,174.7305,179.601,171.6439,175.7878,17529299
META,2022-01-24,176.0695,182.8936,173.3824,177.2997,22603681
META,2022-01-25,174.1046,182.1852,172.8983,177.6294,24545640
META,2022-01-26,170.9674,172.5658,170.8151,172.2376,9767363
META,2022-01-27,172.2011,180.7491,168.2691,174.4314,14637795
META,2022-01-28,179.3946,181.4803,170.5685,176.0888,24037797
META,2022-01-31,171.3354,177.3103,169.9486,175.2815,34437300
META,2022-02-01,179.5299,182.0519,177.6743,178.2625,13022287
META,2022-02-02,169.9373,176.6877,166.848,172.2433,4964050
META,2022-02-03,165.3082,177.4463,163.1864,170.0338,30284402
META,2022-02-04,173.7512,173.8379,170.4563,171.9314,16190892
META,2022-02-07,171.368,173.9061,169.1162,171.1852,93464078
META,2022-02-08,166.796,167.1548,162.2288,166.3642,34563062
META,2022-02-09,158.7243,160.1367,154.3524,159.1021,4650162
META,2022-02-10,158.1734,163.0975,157.6057,162.8845,15785199
META,2022-02-11,165.6977,173.8394,163.1708,167.1587,55287835
META,2022-02-14,167.7148,169.8973,164.9656,167.0524,12245657
META,2022-02-15,164.2638,170.6541,161.2032,163.8841,38007023
META,2022-02-16,162.8814,168.8542,161.2722,168.4749,9910941
META,2022-02-17,168.3609,172.0686,162.6651,168.3682,15870597
META,2022-02-18,162.9358,166.1396,159.8802,164.5693,2961028
META,2022-02-21,169.6136,171.4633,165.7123,166.1645,9755619
META,2022-02-22,161.7388,166.8125,160.0995,165.5138,16245372
META,2022-02-23,166.6412,167.3092,154.4525,160.3579,8782455
META,2022-02-24,148.1818,153.5056,146.9832,153.3881,34107272
META,2022-02-25,156.7366,163.4801,152.2333,156.9144,20370566
META,2022-02-28,150.4688,155.4246,146.2091,152.5214,19485777
META,2022-03-01,153.0986,156.0215,152.981,153.7118,12641979
META,2022-03-02,154.0834,157.3029,151.3728,155.5684,65526032
META,2022-03-03,153.5737,155.9001,147.3434,149.8705,5450111
META,2022-03-04,144.8383,149.4714,143.4449,147.9212,12409157
META,2022-03-07,146.0367,147.8713,143.524,147.3996,3062155
META,2022-03-08,144.4481,145.0765,144.1285,144.144,32709394
META,2022-03-09,146.169,146.6779,142.8829,145.5653,15440947
META,2022-03-10,146.6222,147.9389,145.4855,146.9969,11424166
META,2022-03-11,149.4308,152.1261,145.025,147.0715,8825781
META,2022-03-14,143.0081,148.2256,141.9657,144.8066,46987376
META,2022-03-15,144.656,145.7241,142.2452,143.1969,12841357
META,2022-03-16,142.8775,143.0767,132.6761,138.5407,12696856
META,2022-03-17,139.5238,146.317,137.1533,142.8314,97731995
META,2022-03-18,145.1579,145.6922,141.201,142.0615,7051666
META,2022-03-21,143.6478,145.1898,136.5308,141.6429,14758024
META,2022-03-22,141.0494,143.6298,135.1758,137.8502,3879774
META,2022-03-23,136.4223,139.7689,135.492,137.6886,63840773
META,2022-03-24,133.3836,136.1565,130.1759,133.3961,10001693
META,2022-03-25,133.3565,137.8389,130.156,133.7295,14739062
META,2022-03-28,125.8175,135.6127,124.891,130.6161,16501994
META,2022-03-29,129.3821,137.1651,127.9745,133.5914,8531452
META,2022-03-30,131.1262,133.0077,129.147,132.6492,31237864
META,2022-03-31,141.6157,143.2713,138.6219,139.0585,13020454
META,2022-04-01,137.9001,138.2013,135.9586,138.0379,19396951
META,2022-04-04,142.7991,144.0835,139.3502,141.4376,22634418
META,2022-04-05,142.554,143.4072,138.097,138.5508,26077415
META,2022-04-06,137.778,142.7981,130.9238,136.7704,8003500
META,2022-04-07,138.3081,138.9167,132.9751,136.1184,18167790
META,2022-04-08,143.9134,146.1127,139.1371,139.9613,5804889
META,2022-04-11,141.6527,144.5114,139.7556,140.2703,31673208
META,2022-04-12,143.5672,144.9948,140.5207,144.4495,16492882
META,2022-04-13,138.6506,140.9681,136.5849,140.9509,10468847
META,2022-04-14,142.6037,143.3336,136.1491,139.1301,3992483
META,2022-04-15,141.3143,141.4921,138.0027,138.6351,17335255
META,2022-04-18,137.9145,137.991,134.9267,136.2784,16479075
META,2022-04-19,130.4289,135.6198,129.5009,132.1405,7895856
META,2022-04-20,133.2591,138.7876,132.8597,134.8067,9500698
META,2022-04-21,142.9741,146.1853,140.138,140.4554,20331797
META,2022-04-22,142.668,146.612,141.822,141.9978,6203601
META,2022-04-25,138.5961,144.9895,137.3467,140.8582,20305784
META,2022-04-26,137.7132,145.6745,137.4435,141.2925,4782267
META,2022-04-27,143.9463,150.1122,140.4101,146.1168,16029811
META,2022-04-28,143.4141,144.8289,140.2231,143.1309,6811181
META,2022-04-29,138.0136,143.371,134.098,139.4359,2925306
META,2022-05-02,137.2885,138.0538,133.5143,135.36,6940491
META,2022-05-03,138.3764,140.2858,132.2106,136.3003,21799376
META,2022-05-04,135.9077,136.5075,135.6696,136.1703,46517237
META,2022-05-05,135.5014,136.0855,133.2591,133.4907,41227000
META,2022-05-06,129.2086,137.6376,126.5708,132.3812,7338275
META,2022-05-09,143.0302,145.163,135.0352,140.4119,6096646
META,2022-05-10,141.6517,144.9684,136.509,141.3932,6790074
META,2022-05-11,144.0113,144.5506,138.0344,140.3661,19234073
META,2022-05-12,144.2415,144.9889,141.3301,141.8832,8045559
META,2022-05-13,142.341,145.4893,137.3038,140.5321,44490111
META,2022-05-16,134.3941,139.4563,134.2113,137.7852,26796460
META,2022-05-17,143.3522,150.2523,141.9297,145.1512,29988624
META,2022-05-18,143.2028,147.6123,143.0813,144.7765,4448903
META,2022-05-19,142.4962,143.184,140.259,141.8758,7374655
META,2022-05-20,142.5252,143.0349,137.8674,138.5349,105154552
META,2022-05-23,149.4037,151.2299,142.0677,145.3891,44259022
META,2022-05-24,151.9037,152.539,146.367,150.8739,3065703
META,2022-05-25,150.3596,151.9186,143.3289,147.2004,6880563
META,2022-05-26,152.3067,153.8416,149.2461,150.0253,20729697
META,2022-05-27,155.1616,159.7229,153.4314,154.7866,21399362
META,2022-05-30,159.5395,164.961,158.5359,158.8152,10018153
META,2022-05-31,157.7038,157.9798,152.6448,156.9083,7320014
META,2022-06-01,156.2655,158.3456,153.7573,156.0409,10154738
META,2022-06-02,163.5629,164.55,151.9929,158.4723,35914031
META,2022-06-03,159.6569,161.2538,150.326,157.0316,13120013
META,2022-06-06,159.0635,163.2172,154.1907,158.4446,6261993
META,2022-06-07,156.9428,157.331,151.314,155.3128,18986165
META,2022-06-08,160.1471,163.0986,157.4827,159.2528,11559520
META,2022-06-09,159.8507,161.8142,159.4104,159.9643,9021595
META,2022-06-10,158.5556,161.4095,153.8696,159.5005,18144505
META,2022-06-13,164.1292,168.7731,156.5629,162.5772,8830588
META,2022-06-14,155.9515,160.7336,150.6715,157.5722,14287960
META,2022-06-15,161.9207,162.5738,156.9686,160.5996,11286154
META,2022-06-16,162.7289,162.8686,161.1636,161.1939,1827031
META,2022-06-17,169.5263,169.7518,155.9009,163.0259,12071933
META,2022-06-20,155.8342,156.746,154.4546,156.7234,34205620
META,2022-06-21,161.507,163.0401,157.9586,158.4057,32624770
META,2022-06-22,155.8055,161.1294,155.1416,159.3781,31083163
META,2022-06-23,162.0096,166.9452,157.4806,163.1468,4013170
META,2022-06-24,167.7359,168.348,160.5878,163.5235,52316419
META,2022-06-27,168.7448,170.8176,163.7852,166.7414,20205820
META,2022-06-28,170.0164,172.588,158.9536,166.0264,8326312
META,2022-06-29,173.3928,174.5259,166.0455,169.9304,16971369
META,2022-06-30,168.9246,172.0168,166.3997,171.7508,13597276
META,2022-07-01,174.5107,174.7829,167.9406,174.3765,11140853
META,2022-07-04,177.6192,183.208,172.2052,178.0988,64896204
META,2022-07-05,173.6445,174.0928,170.585,172.8583,11282730
META,2022-07-06,166.2558,171.9736,165.401,171.5,22156357
META,2022-07-07,172.4453,175.9731,171.6392,175.862,23284240
META,2022-07-08,178.4361,186.3326,172.8066,179.9991,8328398
META,2022-07-11,173.1039,179.4002,169.9841,176.6987,65734741
META,2022-07-12,171.6726,177.8539,169.068,174.5216,20529988
META,2022-07-13,174.2119,178.5282,169.4935,173.714,14250798
META,2022-07-14,172.4495,174.3275,167.9636,173.0202,19194115
META,2022-07-15,175.829,176.2666,167.0948,169.4568,30079148
META,2022-07-18,167.811,174.1841,164.9456,168.862,42146359
META,2022-07-19,168.458,168.5867,155.5233,161.5107,9956841
META,2022-07-20,160.8634,161.7914,158.9806,160.6993,15685229
META,2022-07-21,165.5592,166.3576,157.9852,161.9521,9727674
META,2022-07-22,166.7294,173.3816,165.4685,167.0122,29658791
META,2022-07-25,181.6994,181.9236,170.6212,174.6486,17350995
META,2022-07-26,178.0569,184.5335,173.9301,177.6953,27188680
META,2022-07-27,174.4887,178.5389,170.8797,173.4645,22741774
META,2022-07-28,164.0628,174.7672,162.1806,167.5166,11535941
META,2022-07-29,159.3428,162.8201,158.0655,159.6602,13734359
META,2022-08-01,168.0684,168.7202,167.3126,168.6662,10058110
META,2022-08-02,172.1728,174.8375,163.988,170.0877,8347489
META,2022-08-03,177.9033,178.4203,173.69,175.5691,12579908
META,2022-08-04,180.0155,181.2077,173.7925,180.1823,85196025
META,2022-08-05,172.6367,174.3966,172.1605,174.116,14685035
META,2022-08-08,168.4715,171.9171,167.9756,168.4278,11522538
META,2022-08-09,164.8992,167.4634,161.7556,162.6635,19989291
META,2022-08-10,170.1413,172.1468,165.2507,165.4159,3854218
META,2022-08-11,166.8619,171.0898,164.6627,165.7767,11677732
META,2022-08-12,166.1278,169.3309,159.1966,164.9406,32483080
META,2022-08-15,173.387,178.3651,164.1729,171.6122,12373923
META,2022-08-16,173.7029,174.845,167.0326,171.2455,21024661
META,2022-08-17,174.0589,180.8017,171.3647,177.5039,26530018
META,2022-08-18,184.6614,184.8087,173.9056,180.6066,7650329
META,2022-08-19,175.2552,180.0544,170.1612,177.7266,36508998
META,2022-08-22,178.7701,185.9652,176.6419,180.6199,11115495
META,2022-08-23,176.3312,188.4885,173.963,181.6933,23280280
META,2022-08-24,176.1698,182.5952,171.1681,178.3894,12029785
META,2022-08-25,190.0492,193.6246,184.3388,186.3035,16243649
META,2022-08-26,196.0515,196.5497,184.4319,191.5425,9926909
META,2022-08-29,190.6134,194.1887,185.3687,190.7189,16126590
META,2022-08-30,198.1098,199.2851,190.9225,191.3207,20274436
META,2022-08-31,197.0319,197.4639,189.5631,191.602,38161266
META,2022-09-01,180.8568,186.4555,179.0129,183.4151,14829499
META,2022-09-02,178.9475,181.0872,171.5748,178.5639,24465388
META,2022-09-05,183.0403,183.2364,182.1555,183.0999,23139110
META,2022-09-06,185.6709,190.6577,181.4504,184.0975,27367670
META,2022-09-07,187.928,192.4172,184.0915,188.3394,34221416
META,2022-09-08,198.7378,201.3786,194.4109,198.1818,14315903
META,2022-09-09,194.3039,194.6195,186.5865,189.0526,22169507
META,2022-09-12,179.3897,191.8243,179.0654,187.1208,27176490
META,2022-09-13,178.3426,184.3989,177.4054,182.4679,60835196
META,2022-09-14,182.4594,183.089,178.039,182.1674,10611375
META,2022-09-15,184.4993,186.0989,183.6569,185.4912,12297805
META,2022-09-16,186.2824,193.6199,182.0287,187.509,26331776
META,2022-09-19,187.5439,191.9226,182.6142,188.1628,11227520
META,2022-09-20,190.4789,197.1423,187.4383,190.7554,13654761
META,2022-09-21,199.9146,201.0718,194.1741,194.9697,6695552
META,2022-09-22,194.347,195.0879,191.3108,192.5756,23571773
META,2022-09-23,199.9078,201.4979,194.7307,200.3011,21082575
META,2022-09-26,201.2372,204.3212,197.5143,204.0898,8009341
META,2022-09-27,209.6226,211.1317,200.4863,203.7419,18997619
META,2022-09-28,206.0878,216.1292,202.0949,208.8912,77231582
META,2022-09-29,216.1397,216.1555,204.2755,209.6632,14561907
META,2022-09-30,207.6447,213.9008,199.1502,206.3003,18943166
META,2022-10-03,208.4457,214.2366,208.212,213.4034,31569068
META,2022-10-04,211.8775,215.4875,206.8306,212.1793,4629137
META,2022-10-05,220.8839,222.0313,208.8284,213.3292,15713328
META,2022-10-06,216.8922,227.1417,211.9591,220.7615,31279990
META,2022-10-07,227.5634,227.8826,218.3431,219.1836,17684430
META,2022-10-10,222.1141,233.3521,218.6959,225.9685,37553434
META,2022-10-11,230.6488,233.3653,226.56,228.5975,4436334
META,2022-10-12,225.5093,228.3966,222.0248,226.6387,6697820
META,2022-10-13,233.7907,234.7838,230.503,231.8158,23819569
META,2022-10-14,239.0503,243.6412,227.9323,237.1651,44846441
META,2022-10-17,221.1059,221.558,218.3451,221.1734,14073955
META,2022-10-18,218.8682,223.6958,212.8213,218.6283,12275469
META,2022-10-19,211.3292,219.6062,207.7477,214.1445,5415483
META,2022-10-20,216.3532,220.0564,211.3282,212.3365,21794240
META,2022-10-21,206.6353,208.4213,205.7912,207.779,8755857
META,2022-10-24,221.5382,221.845,214.3443,215.2374,10991659
META,2022-10-25,212.7463,224.1073,212.0999,215.8954,34108451
META,2022-10-26,219.3721,220.9283,203.3865,212.6756,82953620
META,2022-10-27,219.8049,223.0627,215.6046,220.9422,32790313
META,2022-10-28,209.6174,221.1782,209.1886,213.7037,4717928
META,2022-10-31,213.012,216.5498,212.3437,214.2898,12204943
META,2022-11-01,214.0328,218.1843,207.9982,215.5943,1423768
META,2022-11-02,201.239,205.8529,197.0687,205.1598,34614963
META,2022-11-03,207.9019,210.5208,199.9978,204.0814,17456117
META,2022-11-04,207.4331,214.2703,206.8768,208.273,41068520
META,2022-11-07,203.0336,204.0685,202.7815,203.0151,36882784
META,2022-11-08,202.9429,203.1394,196.0148,196.8204,14921130
META,2022-11-09,189.7152,191.8747,184.9079,191.4116,2119566
META,2022-11-10,184.0812,184.3355,182.5583,184.0841,26039558
META,2022-11-11,179.1369,179.7824,174.8305,178.1658,5249592
META,2022-11-14,183.5051,186.7687,178.6666,181.8958,16268222
META,2022-11-15,187.5488,189.7,182.1331,184.1269,7374162
META,2022-11-16,189.8862,193.0232,186.834,187.3235,13936750
META,2022-11-17,188.4758,194.0254,180.8121,187.2642,7279356
META,2022-11-18,185.7546,193.8536,183.7563,188.404,11766838
META,2022-11-21,188.8644,197.0388,183.272,189.9657,27067249
META,2022-11-22,193.6435,198.2912,188.1498,195.7607,6027488
META,2022-11-23,195.8301,200.5694,191.6589,193.1159,13449302
META,2022-11-24,194.7094,197.7997,191.2992,192.8855,13964879
META,2022-11-25,202.3581,207.7791,199.1217,200.3709,4716455
META,2022-11-28,199.7339,210.7352,198.3384,207.4776,9414642
META,2022-11-29,202.367,211.2051,202.1504,205.9726,11181502
META,2022-11-30,203.3829,214.8312,199.8621,206.965,28729321
META,2022-12-01,196.606,203.1528,195.0155,201.3223,15071400
META,2022-12-02,204.5352,209.4453,198.9562,207.6823,5054064
META,2022-12-05,214.8624,218.7374,210.6832,214.8419,18817029
META,2022-12-06,205.6308,208.9673,202.5557,206.4774,35568453
META,2022-12-07,200.3271,208.213,199.1459,206.1145,10289309
META,2022-12-08,202.8258,207.5129,196.4822,204.5107,18284919
META,2022-12-09,198.837,205.7414,198.8032,203.408,15045228
META,2022-12-12,205.8332,212.0557,202.1807,209.5666,32777845
META,2022-12-13,210.5489,213.5811,208.6964,210.6861,20836404
META,2022-12-14,216.0385,218.851,214.2651,215.233,20683648
META,2022-12-15,220.3453,222.101,217.627,218.4876,16241607
META,2022-12-16,216.5181,219.5776,209.0539,212.252,32067368
META,2022-12-19,213.244,219.3159,209.2257,210.857,121600269
META,2022-12-20,221.7512,222.6587,206.7135,215.5026,12640321
META,2022-12-21,231.2918,235.6849,229.6922,230.6023,9348841
META,2022-12-22,239.7277,243.215,232.1096,234.9346,16404106
META,2022-12-23,237.3117,240.0297,227.213,234.1788,29889132
META,2022-12-26,237.7209,238.1111,237.1331,238.0382,16253602
META,2022-12-27,227.0921,227.4946,218.2511,225.9781,46315928
META,2022-12-28,232.1378,236.9001,221.6857,230.9224,12584238
META,2022-12-29,231.8471,235.6993,220.6666,228.3802,4968097
META,2022-12-30,231.8528,235.5498,224.7361,230.1668,6902708
META,2023-01-02,236.6499,242.4601,231.8772,239.0361,3785777
META,2023-01-03,244.576,249.0393,237.7523,246.231,12811798
META,2023-01-04,254.3979,263.716,253.2049,253.5756,27166243
META,2023-01-05,261.9109,266.5189,247.8165,257.5391,55863330
META,2023-01-06,263.8347,271.1374,254.4657,261.7174,12075369
META,2023-01-09,260.2353,271.0366,260.0642,265.4892,49968815
META,2023-01-10,262.1244,266.9531,252.7191,256.4591,29595660
META,2023-01-11,255.256,255.5011,250.0968,252.1117,43213101
META,2023-01-12,248.7677,256.329,245.6238,252.0259,44095054
META,2023-01-13,264.6396,268.9327,254.8424,260.3059,2113579
META,2023-01-16,270.3086,273.1393,267.4723,271.5774,10885235
META,2023-01-17,286.2521,286.3339,265.6342,274.6256,13526821
META,2023-01-18,284.1125,294.1829,280.3707,286.006,7473057
META,2023-01-19,275.5323,280.7879,268.1216,277.3081,19506696
META,2023-01-20,279.9847,288.4089,269.6549,278.3904,48262957
META,2023-01-23,283.6531,292.7284,275.058,281.4418,6913477
META,2023-01-24,299.4988,306.0338,294.2599,294.9495,43195454
META,2023-01-25,276.6983,280.3476,270.6686,279.0747,23026847
META,2023-01-26,279.0076,280.5332,274.7005,275.6106,8463961
META,2023-01-27,282.4153,292.8524,268.7884,280.4952,17222520
META,2023-01-30,283.9247,289.4804,274.6448,278.1827,12907795
META,2023-01-31,288.7158,297.8929,283.7611,287.7372,5488924
META,2023-02-01,305.0749,311.5478,293.5723,300.758,128536929
META,2023-02-02,298.8701,301.6184,282.0655,291.2209,16598792
META,2023-02-03,279.2729,293.8927,278.5313,286.8745,6097597
META,2023-02-06,299.9495,300.6038,287.363,295.6709,52314198
META,2023-02-07,287.009,288.3249,277.0269,284.0456,18989782
META,2023-02-08,280.4307,290.4913,271.554,283.9224,10960830
META,2023-02-09,306.6051,307.5518,293.5558,297.1937,21696758
META,2023-02-10,306.7584,312.1855,302.8842,304.4414,10200547
META,2023-02-13,319.2952,322.4457,313.4535,318.8214,34470261
META,2023-02-14,355.6008,359.6551,342.8847,346.5695,7915127
META,2023-02-15,334.5849,336.3397,322.505,333.8012,21403917
META,2023-02-16,325.5233,327.2338,306.5638,315.904,16750964
META,2023-02-17,329.1948,337.4837,321.0034,323.6397,5072791
META,2023-02-20,326.154,326.5487,312.8006,322.3921,5931837
META,2023-02-21,315.7151,328.5573,313.9473,321.9035,14682474
META,2023-02-22,324.4835,330.1067,323.9507,325.3107,23569461
META,2023-02-23,313.7757,329.969,310.6124,318.3415,4827891
META,2023-02-24,327.7786,336.4541,321.7722,322.6315,32409396
META,2023-02-27,314.7752,315.4906,307.491,313.4394,30092941
META,2023-02-28,321.5092,321.5373,310.4963,318.5175,6322512
META,2023-03-01,309.4043,317.3452,300.4637,311.8109,18028411
META,2023-03-02,323.7998,323.8679,323.6532,323.8513,11836285
META,2023-03-03,334.529,334.8406,315.541,324.0243,13108652
META,2023-03-06,310.624,318.8411,301.442,312.1324,23605856
META,2023-03-07,301.3763,313.5781,291.9956,301.3649,13271100
META,2023-03-08,305.4579,306.8771,297.9708,304.6708,5467928
META,2023-03-09,298.7706,317.8497,292.9235,304.8906,11829370
META,2023-03-10,295.9159,304.9707,287.1566,296.1889,14202330
META,2023-03-13,293.8816,299.33,285.1528,294.0225,32994567
META,2023-03-14,283.4847,297.0984,278.4744,286.9939,52679913
META,2023-03-15,281.0477,285.89,278.3186,284.2202,26395622
META,2023-03-16,282.012,288.9898,276.3774,282.6357,57077492
META,2023-03-17,283.0729,283.6437,276.5587,276.6013,9035303
META,2023-03-20,273.6547,291.3898,272.5024,281.8845,17400175
META,2023-03-21,267.6155,285.9792,266.4776,278.4708,17764525
META,2023-03-22,281.3279,294.2642,274.5047,285.9019,37236432
META,2023-03-23,294.2393,297.6619,288.8455,291.9548,11708873
META,2023-03-24,300.5147,304.5591,282.088,291.7827,11965132
META,2023-03-27,291.9335,297.1692,287.9404,292.2579,11717606
META,2023-03-28,286.3676,290.8036,282.2951,287.36,38416785
META,2023-03-29,294.0155,298.9282,285.5465,291.7498,24369347
META,2023-03-30,297.7342,299.9698,286.1459,290.7376,13266224
META,2023-03-31,289.4183,303.4202,285.7217,293.493,50731303
META,2023-04-03,295.7944,301.1075,294.8609,298.2523,27903637
META,2023-04-04,303.082,310.2996,295.2744,308.1345,9544566
META,2023-04-05,294.6145,305.3656,283.9792,294.5477,21146773
META,2023-04-06,298.109,304.9647,296.0255,297.363,28057716
META,2023-04-07,306.3885,308.6006,289.3066,298.507,35890645
META,2023-04-10,303.3619,313.232,300.0546,308.9785,15453144
META,2023-04-11,311.0517,319.007,309.1724,312.8573,10547576
META,2023-04-12,317.082,318.2633,307.7874,316.5355,10372103
META,2023-04-13,312.8229,313.255,299.638,308.2644,13380092
META,2023-04-14,306.8979,327.7222,306.6313,315.3349,33581864
META,2023-04-17,309.5776,316.3647,297.4213,308.3104,17703432
META,2023-04-18,297.797,306.5762,291.4144,297.6825,56561455
META,2023-04-19,292.7425,305.0243,285.016,293.4602,6338283
META,2023-04-20,286.6546,290.6976,277.6068,286.8128,36581871
META,2023-04-21,291.7904,302.1089,282.8734,293.1039,24780157
META,2023-04-24,287.7327,290.3151,287.2931,289.93,6949177
META,2023-04-25,290.2525,304.5103,279.5545,292.0232,9106923
META,2023-04-26,279.5998,286.8554,271.5426,283.5659,11959597
META,2023-04-27,277.24,282.4741,272.8382,275.5226,9895392
META,2023-04-28,290.1977,292.909,273.1896,281.5337,9054015
META,2023-05-01,278.3677,285.2049,277.6533,280.5984,10917131
META,2023-05-02,270.6765,280.3981,265.5458,270.5639,13484446
META,2023-05-03,271.6043,277.2744,268.791,269.1453,18795669
META,2023-05-04,264.1211,274.9497,256.7569,264.3255,24610711
META,2023-05-05,264.1476,271.2486,261.138,263.7332,12082173
META,2023-05-08,261.8918,265.1042,255.1109,261.6676,17463889
META,2023-05-09,252.0263,265.6302,250.6968,258.9662,17758349
META,2023-05-10,261.393,262.4491,255.089,258.6292,8237914
META,2023-05-11,254.0289,260.0702,249.994,256.3929,20032490
META,2023-05-12,258.1257,264.0877,253.9026,261.7115,9119594
META,2023-05-15,251.5289,262.08,251.4521,258.2445,10306116
META,2023-05-16,254.6646,262.3201,250.3154,253.5125,11337315
META,2023-05-17,253.7099,257.3675,249.8486,255.1356,4662394
META,2023-05-18,260.8443,264.0031,254.6524,255.6789,18998419
META,2023-05-19,255.9809,265.2316,250.4057,254.6751,2149811
META,2023-05-22,250.9103,252.5796,244.4474,248.7306,2060359
META,2023-05-23,243.368,253.355,240.8006,251.2952,48607451
META,2023-05-24,250.8872,263.1933,250.0273,256.8035,9513739
META,2023-05-25,256.7815,257.769,255.2803,256.682,13657514
META,2023-05-26,244.0961,259.0885,243.7446,254.6383,36634258
META,2023-05-29,240.1901,248.7559,236.4451,240.8348,31793188
META,2023-05-30,243.5212,247.2338,235.2247,241.3005,3693217
META,2023-05-31,235.2334,244.6503,231.5823,238.2007,6416015
META,2023-06-01,230.507,233.4618,224.4835,232.8634,15925055
META,2023-06-02,236.6686,237.4277,225.2416,228.1861,8472567
META,2023-06-05,220.9622,232.7448,220.7891,226.3713,4705038
META,2023-06-06,222.6737,225.5562,220.4515,223.1267,31070032
META,2023-06-07,223.2943,228.4401,211.9119,219.5883,10793864
META,2023-06-08,229.1667,233.3685,216.9423,225.7231,12046328
META,2023-06-09,228.3174,231.8793,223.5455,228.5974,2246161
META,2023-06-12,223.556,229.49,216.2112,226.0533,7509832
META,2023-06-13,214.3286,220.9052,213.6736,217.9931,24310479
META,2023-06-14,205.0447,215.013,201.2931,210.3524,11525952
META,2023-06-15,211.4634,217.8978,208.4506,212.2246,7372431
META,2023-06-16,210.3015,214.1373,209.6257,212.6581,18338299
META,2023-06-19,219.4383,228.2359,213.8151,221.9247,22835000
META,2023-06-20,216.262,222.9928,214.3381,216.8744,28935780
META,2023-06-21,215.733,219.9548,213.6538,217.5457,8246861
META,2023-06-22,217.47,221.7835,217.3265,220.7893,14497492
META,2023-06-23,217.2245,221.477,216.097,221.4272,35090601
META,2023-06-26,227.2358,227.9146,220.7909,225.0296,7911074
META,2023-06-27,223.151,228.4094,221.1443,223.7046,12671647
META,2023-06-28,207.8247,215.3173,207.1561,214.1602,31058598
META,2023-06-29,222.6482,224.6594,216.4653,216.8888,18695579
META,2023-06-30,215.1833,219.6161,212.7843,215.7623,3412504
META,2023-07-03,219.6289,224.5325,210.969,217.7073,4316273
META,2023-07-04,219.4167,226.6438,216.1109,219.0345,12760773
META,2023-07-05,213.266,220.0562,208.4294,216.4972,10499173
META,2023-07-06,214.4269,216.5394,213.4608,215.5848,6644614
META,2023-07-07,214.6776,215.9267,210.1059,215.6803,3744054
META,2023-07-10,206.6687,207.7314,198.5478,207.6256,17195649
META,2023-07-11,209.4523,223.8321,207.9485,216.1071,28270875
META,2023-07-12,210.6975,211.4331,202.8463,206.3473,9258108
META,2023-07-13,203.0718,214.2853,201.6013,208.694,5348221
META,2023-07-14,216.6373,221.2644,214.0767,214.4188,8196974
META,2023-07-17,211.8121,223.8385,208.3682,216.0918,18734349
META,2023-07-18,223.0879,224.9631,215.8181,220.7003,10252349
META,2023-07-19,216.0549,220.4144,209.2269,215.3226,15302825
META,2023-07-20,227.2391,227.9823,213.7648,221.0884,51047752
META,2023-07-21,236.9261,237.1208,219.0429,227.5463,3563762
META,2023-07-24,233.9619,246.5436,232.8122,239.141,17787236
META,2023-07-25,243.9925,251.6444,242.1423,242.9374,12858521
META,2023-07-26,241.2695,241.6979,234.31,240.2701,11748458
META,2023-07-27,245.0999,248.0613,230.959,240.987,7863838
META,2023-07-28,233.7683,242.9866,228.5102,233.3588,17288341
META,2023-07-31,226.2787,236.0092,226.211,228.7824,11178516
META,2023-08-01,221.2928,236.6064,217.9013,227.3998,17500557
META,2023-08-02,216.095,217.2997,215.736,216.0487,44906467
META,2023-08-03,218.0004,230.3252,217.0236,220.629,19577607
META,2023-08-04,217.8227,219.3831,216.6377,217.7697,43565463
META,2023-08-07,219.0207,219.5505,217.5893,218.7607,11380474
META,2023-08-08,225.3295,231.6269,215.2879,223.9259,5650621
META,2023-08-09,220.3895,221.9492,218.2024,221.3705,10247806
META,2023-08-10,213.2148,226.943,212.3452,221.2759,3726680
META,2023-08-11,219.6039,229.9824,214.2373,222.2338,8456454
META,2023-08-14,219.1426,220.7676,210.1953,215.9595,24055635
META,2023-08-15,214.1543,222.4269,213.1554,216.8551,16180747
META,2023-08-16,215.0884,218.2209,214.9887,217.7561,3012368
META,2023-08-17,222.8932,226.0891,210.6795,218.8089,18831321
META,2023-08-18,228.2078,229.1011,213.8498,221.4264,14873891
META,2023-08-21,228.707,230.6461,220.5845,228.0996,6120480
META,2023-08-22,233.8591,241.0478,226.6829,233.8155,3677551
META,2023-08-23,230.9753,243.1466,226.4007,235.1177,16745298
META,2023-08-24,235.6542,237.3401,227.9621,231.5604,11471092
META,2023-08-25,247.3622,248.5023,236.0171,239.5282,15992243
META,2023-08-28,227.4354,235.6386,224.519,234.278,14536795
META,2023-08-29,227.3029,231.1432,222.6773,228.918,27793572
META,2023-08-30,231.583,232.7808,229.7222,232.3646,5940056
META,2023-08-31,229.0513,238.6504,225.1237,231.8501,28764179
META,2023-09-01,226.4095,234.5244,220.2608,224.6499,61095652
META,2023-09-04,224.0287,230.9939,218.2339,223.4932,23577765
META,2023-09-05,219.0388,232.4142,215.7936,223.7501,4926007
META,2023-09-06,236.5019,243.6696,228.5975,233.7024,42627308
META,2023-09-07,231.5467,242.1669,225.1658,232.0449,10859897
META,2023-09-08,225.3397,225.711,215.9592,225.5685,12938395
META,2023-09-11,217.7942,224.9259,216.8128,220.5877,29864940
META,2023-09-12,214.9343,225.6326,214.8493,218.6973,19316102
META,2023-09-13,217.0241,222.4996,213.3735,221.2559,39888448
META,2023-09-14,212.4727,220.5276,204.944,211.2324,8580376
META,2023-09-15,216.5569,219.5012,207.9088,215.898,18416781
META,2023-09-18,217.4861,219.2908,209.16,217.7723,8016991
META,2023-09-19,209.5966,216.1907,206.4608,215.367,14759311
META,2023-09-20,215.2815,216.9343,210.5089,213.7281,109975863
META,2023-09-21,215.2036,216.9768,206.0525,213.9481,14276141
META,2023-09-22,211.5287,212.9764,210.7074,212.3909,30773421
META,2023-09-25,215.7795,216.4551,209.0958,215.0309,8108924
META,2023-09-26,217.8655,225.983,216.7688,218.5849,9514151
META,2023-09-27,216.3573,217.3861,211.3584,217.2265,86374464
META,2023-09-28,219.5837,220.586,217.034,218.2551,47297533
META,2023-09-29,224.3307,231.8115,214.057,223.122,31441002
META,2023-10-02,234.0565,234.6941,231.2591,232.3761,6317491
META,2023-10-03,237.6582,239.5583,229.6906,238.7675,7875451
META,2023-10-04,234.5076,235.2414,227.357,230.0476,10465403
META,2023-10-05,233.5287,241.6468,225.9835,235.063,5718750
META,2023-10-06,236.3851,244.5083,234.9674,235.436,9279828
META,2023-10-09,239.8943,246.1985,238.1471,240.5666,10127504
META,2023-10-10,229.2936,242.9381,228.0941,235.8509,7130178
META,2023-10-11,232.4958,237.1576,229.6036,236.7126,16021800
META,2023-10-12,236.0806,243.1782,228.4126,238.8763,10177172
META,2023-10-13,230.6019,240.3347,225.0885,232.0389,5565176
META,2023-10-16,224.4241,226.5427,210.6321,219.0445,20908424
META,2023-10-17,211.3595,214.9542,207.2536,212.1431,28931243
META,2023-10-18,212.3441,219.6233,209.0035,214.9412,52047727
META,2023-10-19,213.2374,220.2625,212.3088,214.2226,23962610
META,2023-10-20,225.0565,231.4118,217.1769,224.6791,4174016
META,2023-10-23,217.6987,220.3442,214.4123,217.9248,110699068
META,2023-10-24,213.5789,216.8898,212.4035,212.4702,12445944
META,2023-10-25,210.0819,217.0691,202.1303,208.6498,24563738
META,2023-10-26,198.4108,199.9181,191.1652,197.3146,8616021
META,2023-10-27,187.6833,192.0492,185.6904,190.9597,22318687
META,2023-10-30,195.9936,200.3767,190.5172,198.4936,28745356
META,2023-10-31,195.9609,203.7589,190.8455,197.0077,11678148
META,2023-11-01,206.0272,206.7307,199.8009,202.4391,28277820
META,2023-11-02,211.5358,211.9825,209.5142,209.5493,29453552
META,2023-11-03,212.3432,216.9101,211.5853,214.2893,15802609
META,2023-11-06,218.2395,224.8251,212.5988,215.9558,5137368
META,2023-11-07,215.089,216.321,208.0966,215.6636,25057995
META,2023-11-08,224.1046,225.9819,215.6277,217.8058,18502798
META,2023-11-09,227.502,233.6698,222.8084,224.4377,5874337
META,2023-11-10,223.3824,223.9373,223.2384,223.6892,12897699
META,2023-11-13,218.8247,224.4195,215.6185,221.4748,9573477
META,2023-11-14,222.1518,227.687,212.8513,219.8001,4382619
META,2023-11-15,215.3873,220.2273,210.3146,219.3344,5559671
META,2023-11-16,220.0513,236.086,217.9553,226.782,22229475
META,2023-11-17,225.7622,230.3527,222.1975,224.3477,11951460
META,2023-11-20,233.6644,234.7108,226.814,229.7363,9133509
META,2023-11-21,232.1878,234.4467,231.5165,233.2379,12465294
META,2023-11-22,221.3772,230.5944,221.2484,230.1786,10071231
META,2023-11-23,230.6814,232.7301,215.8851,223.0843,21268612
META,2023-11-24,226.2214,235.5962,222.0164,227.592,7437555
META,2023-11-27,215.275,220.6313,213.7539,218.1701,19400887
META,2023-11-28,208.1339,220.4176,207.9781,211.269,41800525
META,2023-11-29,216.4211,217.8953,207.7417,209.0252,6773273
META,2023-11-30,211.5335,214.5136,204.979,206.628,12707951
META,2023-12-01,210.6518,212.0007,202.6076,204.5243,13283646
META,2023-12-04,191.9208,196.4982,190.2992,195.0785,40759725
META,2023-12-05,190.81,196.9886,189.2071,191.0223,19951943
META,2023-12-06,199.0106,202.8928,193.5104,196.6332,3593801
META,2023-12-07,201.9088,205.5886,199.4321,199.7552,6061181
META,2023-12-08,205.1095,205.2523,192.7926,197.5228,7423363
META,2023-12-11,205.8442,205.8565,197.7564,200.0912,19796265
META,2023-12-12,186.0,198.2176,184.7684,193.2888,12360144
META,2023-12-13,198.0954,208.2551,192.589,199.6162,11476695
META,2023-12-14,200.5387,202.7484,193.9321,201.6958,24468575
META,2023-12-15,192.3594,199.4116,189.2363,195.3303,18704667
META,2023-12-18,199.2322,199.6781,190.8144,192.9622,2354687
META,2023-12-19,204.0589,204.9083,193.4742,198.5467,29109353
META,2023-12-20,199.4527,205.1111,191.8683,198.0672,3341583
META,2023-12-21,194.5082,200.2618,193.0937,198.1063,20008190
META,2023-12-22,200.6871,207.8896,196.0067,204.1968,33533545
META,2023-12-25,201.6625,205.4009,198.0365,201.8429,11637727
META,2023-12-26,192.0321,199.422,191.4596,196.2982,15828433
META,2023-12-27,190.5102,202.5388,189.5633,198.2934,8081125
META,2023-12-28,198.7594,202.707,193.9787,194.1798,45660732
META,2023-12-29,187.7471,194.509,186.7342,190.8701,12172437
META,2024-01-01,192.6317,198.5365,188.5951,192.7601,41482400
META,2024-01-02,192.4403,193.0223,191.5307,192.2257,16906473
META,2024-01-03,189.155,189.749,187.3788,189.7472,34044569
META,2024-01-04,183.884,192.2741,180.9124,187.1696,20120220
META,2024-01-05,186.4442,186.7396,180.7402,186.7187,13724613
META,2024-01-08,190.6889,201.5452,187.0684,194.8657,42688185
META,2024-01-09,190.4269,191.9924,184.1363,189.3879,19184290
META,2024-01-10,176.351,184.0963,174.113,181.3562,4402920
META,2024-01-11,177.7223,184.6038,173.4887,180.9792,12506379
META,2024-01-12,179.9957,180.5545,178.8321,179.1209,7387849
META,2024-01-15,185.1063,190.7406,180.8149,184.5424,38721227
META,2024-01-16,183.9402,188.0415,178.5563,185.0722,23844891
META,2024-01-17,185.0541,185.1345,180.051,182.9805,17471021
META,2024-01-18,192.1124,194.7879,186.3736,189.3961,37299805
META,2024-01-19,185.1771,194.9789,183.8589,187.7238,10682921
META,2024-01-22,185.0778,191.4435,179.5105,186.3602,7851318
META,2024-01-23,177.4969,182.2627,174.1339,180.8046,14739993
META,2024-01-24,183.8949,187.2033,179.8214,183.1019,5556133
META,2024-01-25,172.117,181.9809,171.7599,177.6696,11329856
META,2024-01-26,178.5397,182.6675,176.3485,177.9213,7040924
META,2024-01-29,175.0858,177.2283,164.581,170.7385,62626195
META,2024-01-30,174.4084,175.3755,168.6875,170.1471,24956628
META,2024-01-31,166.7308,169.4786,166.2444,169.0978,75604096
META,2024-02-01,167.7712,168.8962,159.9316,165.7943,25867091
META,2024-02-02,160.8995,166.1286,155.2744,160.4781,6491690
META,2024-02-05,159.2743,162.9666,152.9055,158.6364,7593727
META,2024-02-06,165.418,167.0669,158.427,164.5357,11667521
META,2024-02-07,167.2131,171.7549,158.8603,165.1489,70029659
META,2024-02-08,163.4557,165.0279,162.2069,164.8569,9697624
META,2024-02-09,170.617,171.6511,165.5048,167.5206,40269148
META,2024-02-12,162.1874,170.3362,159.3437,163.9838,12964898
META,2024-02-13,168.1321,171.9005,163.4519,166.0096,9728462
META,2024-02-14,172.9066,175.7677,172.0541,172.1094,8956293
META,2024-02-15,171.5621,176.3732,170.4446,173.5277,51853126
META,2024-02-16,176.2592,176.4034,170.3906,173.2927,9824389
META,2024-02-19,165.6046,169.7115,161.893,167.6658,12088511
META,2024-02-20,167.3352,172.4669,164.5507,166.5693,15704342
META,2024-02-21,160.9884,167.327,158.7894,166.0334,6728622
META,2024-02-22,166.3928,173.7652,161.32,167.8287,15688539
META,2024-02-23,158.0553,163.8685,156.5473,160.6665,12393887
META,2024-02-26,164.5428,170.5702,162.3531,167.1265,4630968
META,2024-02-27,177.2877,180.729,167.2036,173.8244,12655267
META,2024-02-28,169.9098,181.3484,167.1113,174.0448,69736226
META,2024-02-29,173.3684,177.3267,172.6882,175.2827,4941080
META,2024-03-01,178.8465,189.4062,178.0539,184.7181,28323572
META,2024-03-04,186.0759,190.5767,181.8722,185.4392,13054072
META,2024-03-05,180.3696,184.3182,178.6851,179.5957,11390602
META,2024-03-06,173.8699,178.0649,170.1597,174.5136,13004503
META,2024-03-07,162.8037,168.5874,162.2512,162.4068,10798272
META,2024-03-08,159.8682,165.636,157.7393,162.433,78520329
META,2024-03-11,168.0616,168.2813,164.2245,166.7346,10601221
META,2024-03-12,170.8643,177.3582,166.3536,171.5447,7810410
META,2024-03-13,172.4566,178.8805,166.7515,173.3301,33454148
META,2024-03-14,172.4308,173.1467,164.7925,169.5514,21212707
META,2024-03-15,159.6008,167.9381,156.9802,161.2443,8925406
META,2024-03-18,157.0554,165.8641,155.7696,159.7856,2484705
META,2024-03-19,161.0789,161.3636,153.1383,157.2164,15108989
META,2024-03-20,163.472,164.0446,157.4341,158.8851,13354864
META,2024-03-21,152.3698,153.9627,148.7669,150.9938,14958929
META,2024-03-22,151.7218,155.0384,146.1236,151.1801,12983445
META,2024-03-25,152.3437,153.857,145.5114,151.4306,3127079
META,2024-03-26,155.1611,157.5356,147.5856,151.1017,37165689
META,2024-03-27,153.359,153.5231,148.2324,150.0112,7925584
META,2024-03-28,149.7644,154.3662,145.8057,150.9219,8530489
META,2024-03-29,140.6956,149.2679,140.6331,145.047,28256485
META,2024-04-01,143.4417,145.3269,143.3261,144.503,26786267
META,2024-04-02,144.901,149.1069,140.5921,146.1951,15019545
META,2024-04-03,151.2029,153.003,146.0967,147.7669,3774443
META,2024-04-04,150.4579,154.6543,146.2181,151.1924,23269748
META,2024-04-05,151.8899,152.7906,150.7343,151.0116,27201978
META,2024-04-08,148.3668,153.3871,147.1125,148.5246,10782561
META,2024-04-09,148.4328,153.4806,144.5351,150.4217,41139713
META,2024-04-10,153.93,155.0798,149.8239,154.0303,4254864
META,2024-04-11,150.4323,157.8584,150.1409,156.4324,24971096
META,2024-04-12,160.9688,167.0751,159.4818,162.3614,60545521
META,2024-04-15,165.3895,173.9225,160.6268,167.3437,16933278
META,2024-04-16,163.8992,178.14,163.4686,170.8398,12412041
META,2024-04-17,171.1391,172.7669,164.8321,166.8568,7916687
META,2024-04-18,162.504,172.584,162.2375,169.1316,17643762
META,2024-04-19,177.4021,180.2189,173.8399,175.5038,81990790
META,2024-04-22,176.9179,178.201,174.3788,175.9341,14139251
META,2024-04-23,169.2275,175.9314,165.0394,170.2406,11460829
META,2024-04-24,160.4108,164.1006,159.8863,163.7002,12528181
META,2024-04-25,168.4145,168.6857,161.7778,162.1776,5558532
META,2024-04-26,158.3873,164.6092,154.9039,161.4184,27516635
META,2024-04-29,163.9984,164.8749,160.2289,161.6874,5830323
META,2024-04-30,167.0166,169.6981,161.3208,163.6993,12422403
META,2024-05-01,164.2793,167.0869,163.7572,164.3707,65688759
META,2024-05-02,166.6892,173.5073,161.4058,167.8475,38028711
META,2024-05-03,165.4713,170.2769,160.5796,167.6522,22293361
META,2024-05-06,171.741,173.9866,164.05,169.1639,29380732
META,2024-05-07,167.9952,171.0157,163.6171,170.42,4632328
META,2024-05-08,170.6858,171.8125,167.6897,170.8787,95908954
META,2024-05-09,170.5864,174.9341,166.9789,172.6251,7847934
META,2024-05-10,174.3597,178.3737,172.6867,178.2566,34850386
META,2024-05-13,170.1267,174.4017,168.0652,173.5208,10264720
META,2024-05-14,181.6117,183.7506,176.3279,178.5969,17862459
META,2024-05-15,182.9903,187.6456,179.7153,187.4244,23115271
META,2024-05-16,191.9944,193.9971,185.1518,191.0295,10712173
META,2024-05-17,192.8729,197.5572,192.5633,193.2262,68339747
META,2024-05-20,191.3645,194.7445,189.7017,193.4433,9540546
META,2024-05-21,181.8582,191.1893,178.3805,186.0408,24090273
META,2024-05-22,179.1389,186.1662,178.1241,183.8647,11673960
META,2024-05-23,182.6937,184.0162,177.0033,181.7049,14066039
META,2024-05-24,176.4824,177.6863,173.525,177.3848,16171450
META,2024-05-27,187.0601,188.2604,181.1106,183.4091,4406139
META,2024-05-28,179.6427,181.2392,175.545,177.6218,8445539
META,2024-05-29,177.8358,182.0993,175.6304,181.0409,8579026
META,2024-05-30,173.9554,175.3797,171.9383,174.4764,30390666
META,2024-05-31,172.7277,175.3569,170.6046,174.0616,17261489
META,2024-06-03,169.0555,172.2091,168.4776,169.4033,5414571
META,2024-06-04,167.9443,170.9632,166.2429,169.8582,9294621
META,2024-06-05,175.1396,179.2693,165.7985,173.0352,2434750
META,2024-06-06,169.3809,180.6164,168.7967,173.6748,20926840
META,2024-06-07,168.1496,171.1982,166.9056,168.6959,82087754
META,2024-06-10,164.3063,169.3866,160.3927,163.0057,74097273
META,2024-06-11,166.2482,170.9834,156.9088,163.8169,21392645
META,2024-06-12,172.2588,172.5628,162.2448,165.7805,57229685
META,2024-06-13,164.1386,166.6203,160.2115,166.2247,6422003
META,2024-06-14,162.5402,172.3973,162.2357,166.4979,7446512
META,2024-06-17,161.2778,163.7009,161.0417,161.6079,27539482
META,2024-06-18,161.6257,170.4363,160.717,166.3351,7702585
META,2024-06-19,164.5261,167.3281,162.7815,165.6372,6161110
META,2024-06-20,172.8339,179.4469,172.3471,174.2105,25152831
META,2024-06-21,172.599,178.2917,166.4897,173.8773,12041527
META,2024-06-24,163.5172,175.5689,163.1006,170.4634,14234135
META,2024-06-25,165.8542,167.6532,165.6363,166.21,38966500
META,2024-06-26,165.5488,168.7409,165.4399,167.5457,9678603
META,2024-06-27,170.9426,171.5717,161.01,166.1957,4520852
META,2024-06-28,160.4284,162.7081,155.889,162.4033,21476594
META,2024-07-01,170.1702,170.6467,162.1924,165.9895,7717326
META,2024-07-02,167.4887,171.3468,165.8576,167.4172,14499918
META,2024-07-03,170.71,172.1781,165.713,171.4272,11334279
META,2024-07-04,172.9532,175.522,162.3902,168.9513,18804368
META,2024-07-05,164.9148,170.9645,163.5362,168.7399,5390857
META,2024-07-08,168.7327,174.6208,167.7026,171.3346,51431182
META,2024-07-09,176.2532,179.2165,170.7922,172.7549,7828588
META,2024-07-10,175.2333,176.149,171.0493,174.8655,45837007
META,2024-07-11,169.8462,177.4771,169.0645,171.54,23661852
META,2024-07-12,173.0365,176.3399,167.883,170.1515,6262739
META,2024-07-15,175.1951,175.4697,171.4162,172.0864,29265925
META,2024-07-16,170.5879,173.5239,165.8661,171.8776,63667270
META,2024-07-17,168.4981,173.609,165.0427,171.141,19822287
META,2024-07-18,168.5118,171.9253,162.7835,169.8348,9488625
META,2024-07-19,169.4713,171.3311,167.0523,171.2472,5274920
META,2024-07-22,168.8027,171.1981,163.9901,166.8632,38396675
META,2024-07-23,168.7507,174.0702,162.5617,167.4443,11165070
META,2024-07-24,174.3244,176.0919,168.336,170.1593,6038918
META,2024-07-25,164.1153,166.0434,162.258,165.0506,4393530
META,2024-07-26,167.5469,169.0408,163.9422,165.6249,18652547
META,2024-07-29,162.3348,168.7373,160.6964,165.9075,11277000
META,2024-07-30,163.642,164.0745,152.1734,159.1151,37056347
META,2024-07-31,155.0561,163.0187,151.1721,156.6085,14885752
META,2024-08-01,152.309,158.0907,147.5909,152.1241,37845272
META,2024-08-02,151.0936,153.2414,140.9207,147.2916,35130936
META,2024-08-05,145.6056,148.6178,143.9653,144.3097,17796194
META,2024-08-06,149.9158,155.2423,145.0191,149.2117,24975058
META,2024-08-07,150.9607,151.2066,143.4947,145.1846,24710011
META,2024-08-08,145.0244,147.1836,144.2839,146.9476,11481175
META,2024-08-09,143.625,146.7165,143.4884,145.1085,18071150
META,2024-08-12,143.872,149.2188,142.0891,144.8438,20402044
META,2024-08-13,142.1825,144.4286,141.9797,143.5595,3064678
META,2024-08-14,140.7386,143.2734,135.8747,140.0155,9159848
META,2024-08-15,141.4055,145.0759,139.7051,141.1706,6765045
META,2024-08-16,146.2485,146.3304,138.9618,142.906,8351274
META,2024-08-19,152.2477,152.8081,144.9004,148.1719,6640799
META,2024-08-20,153.6125,157.6241,149.7587,150.9983,8996723
META,2024-08-21,147.0777,151.7522,145.8763,146.7099,7364609
META,2024-08-22,150.1738,155.6008,144.6282,149.5339,23195491
META,2024-08-23,155.3061,158.3771,154.7595,155.0203,11518782
META,2024-08-26,151.2572,154.1492,145.7831,151.8091,8102168
META,2024-08-27,155.7418,158.9387,150.567,153.3147,8206363
META,2024-08-28,158.0046,163.39,155.0876,160.0512,17954501
META,2024-08-29,157.8663,159.7975,156.9719,159.0047,11451937
META,2024-08-30,158.8616,166.0278,158.8166,165.7008,12174564
META,2024-09-02,159.1524,165.2455,157.4256,160.01,16690970
META,2024-09-03,164.6795,164.9306,153.3273,159.6426,15425879
META,2024-09-04,166.1451,166.5121,160.7904,163.2315,27729307
META,2024-09-05,169.8491,171.3324,162.3769,164.1079,10359669
META,2024-09-06,165.5156,171.3349,163.5871,166.8499,17245083
META,2024-09-09,167.5109,173.324,167.2482,170.2369,22515749
META,2024-09-10,168.5169,177.8395,163.7196,171.0197,32542159
META,2024-09-11,176.5607,179.5471,175.0334,177.5851,17688876
META,2024-09-12,169.4158,176.3984,164.6593,169.7064,36192433
META,2024-09-13,169.8849,175.818,169.131,174.7089,6354731
META,2024-09-16,191.0605,192.2366,177.9796,184.8718,16163633
META,2024-09-17,186.4267,189.9599,184.7701,189.6115,9170821
META,2024-09-18,200.8574,205.2273,196.0747,196.797,10139512
META,2024-09-19,199.3615,205.7929,197.9476,199.7321,7177079
META,2024-09-20,199.8668,201.9657,193.2116,200.3084,61326186
META,2024-09-23,201.5704,208.8168,198.726,201.1442,13639772
META,2024-09-24,193.0712,198.6339,190.3208,197.9191,10335612
META,2024-09-25,206.1421,207.0972,200.2411,201.918,3104371
META,2024-09-26,201.5798,202.4913,199.6123,201.1793,8428912
META,2024-09-27,192.2924,199.624,188.6663,196.7238,24487503
META,2024-09-30,202.5886,203.8733,194.9395,197.5934,16420081
META,2024-10-01,192.4348,202.9644,192.078,196.8021,11530267
META,2024-10-02,197.2966,198.2834,193.9038,196.3667,18517785
META,2024-10-03,189.4421,199.5782,189.3756,195.9776,8350259
META,2024-10-04,192.4494,194.6772,187.2373,188.8488,17113149
META,2024-10-07,194.6517,198.8362,191.7961,194.2095,20644120
META,2024-10-08,202.6058,205.5651,197.1875,197.4749,14168172
META,2024-10-09,201.1743,209.0056,195.0002,201.6394,24279118
META,2024-10-10,198.4965,210.2777,196.09,203.9486,20345700
META,2024-10-11,212.777,213.1376,209.0786,211.0532,5935639
META,2024-10-14,214.289,215.3528,208.4064,214.4777,4424768
META,2024-10-15,208.6365,214.7832,204.9489,210.5676,29449941
META,2024-10-16,214.8216,218.2309,207.2537,209.4402,19424216
META,2024-10-17,210.099,214.9622,199.4926,208.5127,13570588
META,2024-10-18,207.381,212.2772,199.832,206.8976,2780758
META,2024-10-21,201.5511,209.614,199.3834,203.7694,12239116
META,2024-10-22,208.6532,211.3152,202.0274,206.7605,9607788
META,2024-10-23,208.2476,210.2202,200.2858,206.7045,28770448
META,2024-10-24,204.7946,205.9666,201.458,202.7926,162720021
META,2024-10-25,195.2619,196.937,193.6038,193.7872,6593990
META,2024-10-28,196.0571,201.0714,192.8247,197.8549,10998339
META,2024-10-29,200.0808,209.1753,198.511,201.3553,7582421
META,2024-10-30,199.2888,205.1274,198.1757,204.1313,12218824
META,2024-10-31,206.3087,215.0992,200.8514,206.6053,15688976
META,2024-11-01,206.3811,207.0861,202.0233,205.9845,1941066
META,2024-11-04,213.8216,217.477,200.2388,208.3814,15402807
META,2024-11-05,212.363,214.1336,202.7608,208.1728,15024228
META,2024-11-06,219.5639,220.4112,213.7734,214.2359,14981600
META,2024-11-07,218.5059,223.9429,218.3715,220.0022,14195597
META,2024-11-08,228.4687,234.8796,222.8979,228.1689,7874088
META,2024-11-11,221.6739,222.9948,219.7836,222.5066,15451547
META,2024-11-12,217.4839,227.1842,216.3437,225.8948,26417587
META,2024-11-13,221.8894,229.9495,216.4883,222.3707,39476102
META,2024-11-14,215.0234,215.41,205.3012,211.2225,33646667
META,2024-11-15,209.3834,211.889,205.735,206.7567,37519348
META,2024-11-18,201.2021,215.4276,199.2599,207.5096,17723942
META,2024-11-19,210.5356,216.8301,202.228,208.9479,31884094
META,2024-11-20,208.8423,211.3097,203.8278,208.7115,6045283
META,2024-11-21,211.0982,214.0614,208.5021,209.4798,18179760
META,2024-11-22,204.9283,213.6171,202.9016,208.7842,62583149
META,2024-11-25,204.4002,209.911,198.963,203.3575,11296270
META,2024-11-26,190.6669,195.4179,189.1768,193.0165,13050696
META,2024-11-27,194.8903,202.4284,191.1254,197.0164,6350700
META,2024-11-28,194.0474,196.2918,190.9647,194.2769,12326260
META,2024-11-29,193.7149,195.2166,185.6909,192.2439,15839627
META,2024-12-02,192.4944,194.4171,189.0702,191.2134,12187730
META,2024-12-03,194.5736,198.5223,189.3691,194.3159,25338699
META,2024-12-04,198.0092,201.8263,197.8602,199.9674,11449740
META,2024-12-05,193.3251,202.6392,192.941,197.7975,9530254
META,2024-12-06,196.6562,198.991,188.2352,194.5673,6828896
META,2024-12-09,196.9595,199.6501,190.9834,192.4937,22237902
META,2024-12-10,196.8551,200.5266,193.3141,198.1088,20891341
META,2024-12-11,196.4099,197.6261,194.6533,196.0158,15423911
META,2024-12-12,195.349,201.0824,193.6291,194.6783,9293559
META,2024-12-13,201.9948,203.7863,200.5844,202.5586,11551968
META,2024-12-16,200.017,206.0501,198.0667,198.1372,18091942
META,2024-12-17,199.6265,201.3794,190.6585,194.4254,5448078
META,2024-12-18,194.0919,196.4367,189.5367,193.6558,11843483
META,2024-12-19,190.4784,197.3837,188.7104,192.606,3697953
META,2024-12-20,194.1753,200.0888,192.6373,198.2383,7974636
META,2024-12-23,195.7925,199.1808,192.4719,198.5112,90478839
META,2024-12-24,200.9066,212.5461,200.2919,204.4335,18081625
META,2024-12-25,208.3569,211.4952,200.97,204.3998,18082566
META,2024-12-26,204.7653,208.8001,198.4062,200.051,33330397
META,2024-12-27,204.49,205.7009,198.7104,202.0748,39484610
META,2024-12-30,199.0969,206.4145,198.9736,201.7802,14934008
META,2024-12-31,204.5319,205.5296,193.6702,198.7463,11060886
META,2025-01-01,200.3133,205.5471,198.0719,198.6629,21361204
META,2025-01-02,202.7742,208.959,201.2955,203.6342,4963542
META,2025-01-03,195.1713,203.7337,194.1474,202.7081,41594889
META,2025-01-06,199.8398,205.9872,195.467,201.147,13975065
META,2025-01-07,204.9123,207.2278,197.4716,206.1947,7335029
META,2025-01-08,205.2771,213.72,201.2864,210.2917,6534103
META,2025-01-09,202.51,210.3586,201.7418,202.4341,11344105
META,2025-01-10,200.5008,203.9876,198.2184,202.3047,11797632
META,2025-01-13,203.5033,204.1566,194.4032,196.8888,4130613
META,2025-01-14,196.9952,197.9738,187.2678,195.373,7079694
META,2025-01-15,191.4581,192.8077,191.268,192.7801,153920222
META,2025-01-16,196.8138,200.4938,188.3978,193.7194,51017817
META,2025-01-17,197.3742,198.3102,191.6198,195.8533,23612668
META,2025-01-20,195.4961,198.5424,193.605,195.992,8029647
META,2025-01-21,211.2405,211.8881,203.1156,206.212,30971856
META,2025-01-22,208.9115,210.8996,201.1487,204.9178,15312919
META,2025-01-23,208.0704,212.768,204.3569,205.053,41464166
META,2025-01-24,206.8658,213.0932,206.3641,209.4797,14322890
META,2025-01-27,205.713,211.2557,204.5741,204.5782,5564257
META,2025-01-28,205.432,207.2032,203.5542,204.1608,21156190
META,2025-01-29,205.3478,210.0222,200.1023,207.7042,9758817
META,2025-01-30,210.4351,212.9867,209.8089,211.8485,11934155
META,2025-01-31,206.185,206.2789,201.4586,206.1668,33036530
META,2025-02-03,199.344,200.9433,194.3068,198.072,5206961
META,2025-02-04,198.8395,202.9055,196.4185,197.2789,21019038
META,2025-02-05,194.4325,195.3083,191.9692,194.7969,15890367
META,2025-02-06,189.6872,194.7578,189.0209,194.0251,23505292
META,2025-02-07,190.6069,193.0714,186.7907,191.7185,5044861
META,2025-02-10,183.9923,190.731,182.1313,188.37,14422234
META,2025-02-11,184.8573,190.329,177.2675,184.6042,13756854
META,2025-02-12,179.2732,183.1782,179.2507,181.828,10669264
META,2025-02-13,184.8109,189.4395,182.8085,183.6838,20326712
META,2025-02-14,188.6699,192.4385,179.7989,185.0758,15704639
META,2025-02-17,174.1993,178.9612,170.9816,174.9987,35185483
META,2025-02-18,171.778,176.9383,170.5941,171.7062,7236906
META,2025-02-19,174.62,177.4446,168.9362,172.4111,9888439
META,2025-02-20,181.8266,188.9607,179.1461,181.6466,7918679
META,2025-02-21,185.6922,187.6771,177.9521,180.4455,10685169
META,2025-02-24,179.0139,179.7864,178.8319,179.585,5358660
META,2025-02-25,172.6281,173.3761,169.0065,171.7273,12230991
META,2025-02-26,172.5109,176.7966,167.4158,169.583,13221156
META,2025-02-27,182.9971,184.887,177.9764,179.142,6171347
META,2025-02-28,179.5973,180.342,175.8656,178.9676,7987890
META,2025-03-03,164.5115,170.4222,161.8169,169.2424,1663000
META,2025-03-04,181.767,185.5608,177.3687,178.6205,6556468
META,2025-03-05,176.7092,181.2071,174.6796,177.6952,15904487
META,2025-03-06,184.6913,185.3313,175.6842,183.7279,56041248
META,2025-03-07,183.2471,184.2029,174.6668,180.2798,4733361
META,2025-03-10,177.5301,180.5238,170.518,178.1484,2688247
META,2025-03-11,184.7401,188.8898,181.3611,181.9632,8257029
META,2025-03-12,179.6592,184.9991,177.9627,178.3698,49083057
META,2025-03-13,172.1995,184.9259,171.9574,178.6902,18107415
META,2025-03-14,179.7844,180.163,168.8522,175.5316,4076641
META,2025-03-17,180.9287,186.3362,178.862,179.9537,45312894
META,2025-03-18,175.4994,177.6087,171.2855,177.1031,19249648
META,2025-03-19,174.8141,176.0876,167.9238,171.5966,11558167
META,2025-03-20,174.0157,177.2266,170.0768,171.8495,2019670
META,2025-03-21,166.918,176.0859,165.0501,171.124,8581010
META,2025-03-24,182.4168,182.7756,170.718,175.7404,9258009
META,2025-03-25,170.6214,174.6788,166.2962,171.2103,5445866
META,2025-03-26,164.4661,167.4222,158.959,160.9045,20076110
META,2025-03-27,157.8454,165.1221,157.2206,161.8631,81845962
META,2025-03-28,159.0276,161.0652,153.643,159.4114,8857466
META,2025-03-31,155.9744,162.2471,153.0395,157.5611,5522713
META,2025-04-01,156.3341,156.5675,156.1277,156.1747,33596636
META,2025-04-02,161.1678,162.8613,156.743,159.3782,5813931
META,2025-04-03,154.187,155.848,151.9131,153.8298,9439689
META,2025-04-04,147.3919,149.6066,146.0467,148.3128,4669571
META,2025-04-07,141.6753,142.2291,141.007,141.4479,40369767
META,2025-04-08,147.1013,148.0091,143.8612,144.3255,15419952
META,2025-04-09,140.6863,146.5842,139.5387,144.2999,27981749
META,2025-04-10,142.0546,143.0666,137.3011,142.4333,24697376
META,2025-04-11,139.5708,144.9907,138.9935,141.1787,4105578
META,2025-04-14,137.2693,139.5562,131.8301,137.4089,26893968
META,2025-04-15,136.6889,140.5996,136.2191,138.0985,13368484
META,2025-04-16,142.9051,144.6385,137.5255,138.9307,70842821
META,2025-04-17,136.9272,144.2059,134.4775,138.9754,13100847
META,2025-04-18,136.1796,141.0292,134.6711,135.5219,15426356
META,2025-04-21,141.4912,142.6496,136.5581,139.6514,48589177
META,2025-04-22,151.1042,151.4409,143.8163,145.0876,3330917
META,2025-04-23,146.5742,149.4601,143.498,144.2104,8857257
META,2025-04-24,139.995,143.5594,133.2625,138.2366,26738436
META,2025-04-25,137.8316,142.0226,134.4968,136.3438,11444572
META,2025-04-28,130.0206,139.5707,128.7183,134.3723,4365386
META,2025-04-29,134.9188,139.0247,133.5924,137.1071,8945118
META,2025-04-30,141.813,142.561,140.661,141.207,3911155
META,2025-05-01,149.7268,149.7708,137.8371,143.518,12379294
META,2025-05-02,141.4729,143.2436,136.6363,141.739,14482346
META,2025-05-05,133.8447,143.0779,133.5949,137.6829,92030716
META,2025-05-06,134.874,139.0151,133.5414,138.432,90949289
META,2025-05-07,134.7714,137.4396,134.6676,135.2202,24131090
META,2025-05-08,136.2755,137.3039,135.9275,136.3834,15914476
META,2025-05-09,132.7971,134.1432,131.8117,133.3511,11549923
META,2025-05-12,130.7471,133.2257,126.4843,130.1666,23237336
META,2025-05-13,133.0361,133.9448,127.3655,130.6726,19126535
META,2025-05-14,132.0058,132.7099,131.8431,131.963,9477028
META,2025-05-15,130.3254,131.9995,129.5892,130.771,34870846
META,2025-05-16,132.9769,133.6173,132.9633,133.2276,24218709
META,2025-05-19,132.0503,133.4837,131.6936,133.4131,14054444
META,2025-05-20,133.6206,139.4356,131.0872,133.7724,31345854
META,2025-05-21,140.8195,142.9843,136.1988,137.0859,19097099
META,2025-05-22,137.5293,137.559,130.9163,135.4251,5538433
META,2025-05-23,127.2839,134.1484,126.7132,131.3161,19012969
META,2025-05-26,128.2043,131.589,123.4906,126.6132,12071819
META,2025-05-27,123.7262,127.8066,120.7285,123.1946,14951496
META,2025-05-28,124.3584,127.4023,121.5443,122.7226,2467967
META,2025-05-29,121.2746,123.1592,119.1233,122.0128,10330968
META,2025-05-30,114.9337,122.1787,114.6183,118.8089,8940085
META,2025-06-02,116.9375,118.4481,116.4261,117.0294,14303971
META,2025-06-03,112.0888,120.1891,111.3412,115.4574,32336623
META,2025-06-04,116.6176,118.9747,113.8667,115.293,6077256
META,2025-06-05,116.0903,120.7919,112.92,115.8772,13014060
META,2025-06-06,111.7822,115.7578,111.3061,114.5057,44632965
META,2025-06-09,119.9874,120.5326,114.6597,117.8816,5315969
META,2025-06-10,124.5766,127.4923,122.7023,124.0061,61035821
META,2025-06-11,124.67,127.2916,124.0502,125.745,26290683
META,2025-06-12,123.7549,126.4351,122.8536,125.9843,24302164
META,2025-06-13,127.4682,129.7222,125.5782,127.9505,11981017
META,2025-06-16,129.8367,131.2901,125.0328,128.634,18015480
META,2025-06-17,131.301,131.5014,129.5867,129.9027,38563323
META,2025-06-18,128.7234,131.4259,123.1418,127.3871,35900319
META,2025-06-19,131.0711,131.5138,124.2493,126.7657,95085749
META,2025-06-20,125.2563,125.4109,120.6252,123.1669,13141371
META,2025-06-23,122.0903,130.0947,120.5116,125.6485,7238135
META,2025-06-24,127.819,130.1393,120.3786,124.7751,4136350
META,2025-06-25,121.9266,129.9329,121.8527,125.6145,15308148
META,2025-06-26,128.1103,128.2948,122.1652,124.8884,56491204
META,2025-06-27,130.2688,131.5454,129.251,129.8559,13091583
META,2025-06-30,123.389,128.2979,122.875,128.2095,6159730
TSLA,2022-01-03,214.5499,227.991,205.2536,213.416,4070326
TSLA,2022-01-04,225.1825,234.6913,217.9089,220.1813,22066969
TSLA,2022-01-05,228.7003,235.4308,213.3126,220.9298,7486418
TSLA,2022-01-06,214.6477,214.9149,201.7748,213.6982,10650365
TSLA,2022-01-07,203.2605,205.7163,202.0711,205.5201,14480039
TSLA,2022-01-10,213.6648,216.7786,204.0839,207.3034,4358878
TSLA,2022-01-11,210.5756,215.3831,194.2345,203.5346,16152388
TSLA,2022-01-12,193.9009,201.3116,182.7515,194.7936,9375889
TSLA,2022-01-13,188.622,198.539,185.1235,195.6407,11288164
TSLA,2022-01-14,202.0781,205.074,197.0991,203.6473,11572670
TSLA,2022-01-17,211.9185,218.2636,207.6184,209.6923,7632495
TSLA,2022-01-18,193.802,204.7232,192.2956,204.4069,10945612
TSLA,2022-01-19,213.154,215.1218,206.6472,214.2431,8705839
TSLA,2022-01-20,211.1751,214.4803,209.3378,213.243,22294741
TSLA,2022-01-21,210.55,215.4591,206.3052,208.1033,24929141
TSLA,2022-01-24,197.2317,202.1355,195.4067,195.6992,5626557
TSLA,2022-01-25,195.3077,204.7139,190.151,201.9459,8831372
TSLA,2022-01-26,194.7329,198.2515,181.1754,194.2667,33340034
TSLA,2022-01-27,199.4085,200.5821,191.1681,195.4367,7258655
TSLA,2022-01-28,189.3336,194.2192,188.7346,193.2412,9080374
TSLA,2022-01-31,203.0114,214.4218,201.1922,201.5695,22620458
TSLA,2022-02-01,195.432,199.1072,190.2926,195.7454,27725851
TSLA,2022-02-02,208.9708,209.2893,194.9604,197.3749,15673787
TSLA,2022-02-03,195.0037,207.5849,185.2089,195.8511,22883216
TSLA,2022-02-04,201.8277,211.4369,189.571,200.9369,13917233
TSLA,2022-02-07,199.3687,203.8102,196.2905,197.9875,7956704
TSLA,2022-02-08,207.2767,214.6107,195.7519,203.8144,12506419
TSLA,2022-02-09,205.4813,214.4388,202.08,203.2812,22717929
TSLA,2022-02-10,210.2571,212.3717,195.0539,206.1078,7917053
TSLA,2022-02-11,202.9299,209.4949,191.9946,202.0741,13231325
TSLA,2022-02-14,214.2382,217.249,196.8923,205.1446,16848902
TSLA,2022-02-15,207.1301,215.7529,202.5412,204.4333,17671136
TSLA,2022-02-16,201.2871,205.7489,200.1277,200.9068,22309731
TSLA,2022-02-17,191.211,197.6534,184.5596,193.1921,2876590
TSLA,2022-02-18,203.6746,205.5995,190.4599,194.7258,15188420
TSLA,2022-02-21,193.5712,200.8282,181.1907,192.9928,5769544
TSLA,2022-02-22,182.324,191.9951,178.2832,188.607,17314466
TSLA,2022-02-23,192.7362,200.7185,185.108,191.3856,21244459
TSLA,2022-02-24,192.9348,194.7434,185.9499,191.1217,58760249
TSLA,2022-02-25,192.4812,194.992,190.55,191.2507,29024350
TSLA,2022-02-28,185.8629,191.6902,183.3933,185.1343,27920372
TSLA,2022-03-01,170.9223,178.7044,166.449,170.7578,33070841
TSLA,2022-03-02,175.1459,175.1787,161.8683,172.4557,34642628
TSLA,2022-03-03,158.2618,170.6919,157.9991,167.3265,37235770
TSLA,2022-03-04,172.9691,180.1038,166.6981,169.6866,18634265
TSLA,2022-03-07,176.1132,184.2231,163.7924,172.5335,9140010
TSLA,2022-03-08,178.8405,183.1988,171.8934,182.4347,21056488
TSLA,2022-03-09,186.9206,197.8312,177.2942,186.92,13949368
TSLA,2022-03-10,194.6378,195.6718,178.974,183.5603,17242235
TSLA,2022-03-11,186.7992,190.091,184.6569,186.2622,4389288
TSLA,2022-03-14,187.3292,190.2361,178.631,189.4652,16995492
TSLA,2022-03-15,199.7287,205.174,191.6457,201.0346,12159316
TSLA,2022-03-16,207.1395,209.8091,203.7856,205.9917,11434274
TSLA,2022-03-17,201.9405,202.6261,198.0196,199.2735,37880296
TSLA,2022-03-18,199.66,200.3316,191.1999,194.743,10415957
TSLA,2022-03-21,189.2336,202.9818,181.6985,191.1178,46846222
TSLA,2022-03-22,179.3243,185.1221,177.9373,183.6463,18950116
TSLA,2022-03-23,190.7355,195.3356,181.8555,191.515,32509274
TSLA,2022-03-24,197.7295,205.5015,196.4107,198.2338,40451219
TSLA,2022-03-25,186.3429,194.3649,184.2276,192.2152,3037185
TSLA,2022-03-28,203.8771,208.6627,200.5699,202.0027,3804650
TSLA,2022-03-29,203.0748,217.3939,202.4714,206.4304,4621313
TSLA,2022-03-30,205.7908,214.8785,204.0162,205.4297,6666617
TSLA,2022-03-31,195.3778,212.6331,186.0777,199.4094,28309978
TSLA,2022-04-01,213.6173,221.3232,201.908,209.6345,9080980
TSLA,2022-04-04,220.7431,226.6356,212.345,222.1416,20289028
TSLA,2022-04-05,222.4553,239.7043,219.7671,231.2764,79698331
TSLA,2022-04-06,225.358,242.4227,221.5469,234.4561,2713132
TSLA,2022-04-07,219.2396,233.6456,214.955,229.4327,8929838
TSLA,2022-04-08,217.7886,222.0266,207.1327,219.0886,4148778
TSLA,2022-04-11,206.0257,220.0523,202.7972,213.8547,13659653
TSLA,2022-04-12,214.851,217.5381,214.8472,216.9208,7605273
TSLA,2022-04-13,210.1672,216.504,199.5317,212.7092,17436254
TSLA,2022-04-14,223.3041,229.836,210.251,223.8582,10281886
TSLA,2022-04-15,218.4008,226.2175,210.686,213.896,37893492
TSLA,2022-04-18,201.6493,213.0326,195.3541,209.4246,26040458
TSLA,2022-04-19,213.0786,221.9409,210.55,218.9888,15066764
TSLA,2022-04-20,209.5497,219.3681,206.9461,214.0095,5995579
TSLA,2022-04-21,226.9071,227.184,211.4439,214.8341,34928634
TSLA,2022-04-22,196.0361,210.6748,194.6651,198.4488,3089152
TSLA,2022-04-25,201.0867,208.2092,185.6438,196.067,28793121
TSLA,2022-04-26,185.5466,186.8865,174.1112,182.1764,24267273
TSLA,2022-04-27,189.8729,192.7149,185.4743,185.7129,15811816
TSLA,2022-04-28,175.178,188.8788,173.8988,181.8139,15967134
TSLA,2022-04-29,194.063,194.4992,176.7098,187.7039,44652393
TSLA,2022-05-02,188.3136,197.6498,175.9258,184.8898,23957192
TSLA,2022-05-03,185.5373,188.0233,174.8913,185.3302,9622000
TSLA,2022-05-04,195.3341,204.0242,190.6388,196.9798,5752021
TSLA,2022-05-05,189.406,198.0611,187.2878,189.8892,18160562
TSLA,2022-05-06,198.1624,200.5962,182.7367,193.3812,5848319
TSLA,2022-05-09,193.8401,198.4247,192.9058,197.5073,9544729
TSLA,2022-05-10,187.3856,212.0872,186.1652,199.0292,7866016
TSLA,2022-05-11,193.7212,197.0535,185.9211,190.5362,13476392
TSLA,2022-05-12,172.5429,191.5176,172.4497,184.5949,15721968
TSLA,2022-05-13,181.1083,182.7485,178.4479,178.9824,45588350
TSLA,2022-05-16,179.4388,185.3486,177.01,182.2159,11183548
TSLA,2022-05-17,167.0399,183.0359,165.1756,176.8865,25126658
TSLA,2022-05-18,187.9564,189.8493,180.6946,181.1887,10335775
TSLA,2022-05-19,191.767,192.8274,180.5965,189.281,8312487
TSLA,2022-05-20,189.8373,196.7667,183.2593,185.1354,4816829
TSLA,2022-05-23,174.4472,189.5684,170.6387,178.1024,31759973
TSLA,2022-05-24,177.8896,178.7131,163.0207,173.5919,10910760
TSLA,2022-05-25,175.1719,176.721,173.2327,173.636,6722222
TSLA,2022-05-26,174.0211,177.933,163.1278,169.7579,4990577
TSLA,2022-05-27,176.0306,186.0159,171.446,175.831,5796529
TSLA,2022-05-30,181.1463,184.6196,174.8184,175.4823,20055951
TSLA,2022-05-31,183.3035,183.6716,176.366,181.7667,10427572
TSLA,2022-06-01,175.8156,180.9616,167.7278,173.1265,14243672
TSLA,2022-06-02,162.3493,171.0315,158.9939,170.4129,32730360
TSLA,2022-06-03,175.4944,178.2044,169.8457,173.0347,65582973
TSLA,2022-06-06,156.6882,166.3556,153.5197,156.3218,2819114
TSLA,2022-06-07,162.7833,165.7417,162.6623,162.6933,9910535
TSLA,2022-06-08,161.8294,163.8892,151.1742,160.0675,9953575
TSLA,2022-06-09,153.2965,155.2609,148.7725,153.3646,40010284
TSLA,2022-06-10,153.4222,154.3898,138.1354,145.958,7151018
TSLA,2022-06-13,146.1298,155.8571,143.5699,148.3991,116451860
TSLA,2022-06-14,143.7713,146.5243,141.1914,145.1067,32080869
TSLA,2022-06-15,150.5974,154.4752,145.8085,145.8576,19467579
TSLA,2022-06-16,145.4124,150.3306,138.4227,141.8525,39278341
TSLA,2022-06-17,139.1361,142.9656,136.7046,140.0072,20327232
TSLA,2022-06-20,152.3574,154.4285,137.7985,146.4667,16689612
TSLA,2022-06-21,145.1502,148.8549,139.4581,143.508,32748929
TSLA,2022-06-22,134.2199,144.3913,133.4168,142.3963,8764781
TSLA,2022-06-23,143.9805,151.9562,142.1212,145.5336,10624130
TSLA,2022-06-24,144.1823,148.9603,136.5004,141.7668,10095690
TSLA,2022-06-27,132.6062,138.6695,127.8191,134.5323,1148717
TSLA,2022-06-28,138.2463,150.0353,137.9453,142.1431,11042554
TSLA,2022-06-29,137.6566,149.5952,133.7295,141.4448,31674875
TSLA,2022-06-30,122.2152,134.569,121.1505,127.6356,34276061
TSLA,2022-07-01,124.7268,133.9111,122.474,131.1051,7391680
TSLA,2022-07-04,134.5161,135.864,121.9355,129.3376,12970395
TSLA,2022-07-05,128.8133,134.163,128.3523,130.0323,84531931
TSLA,2022-07-06,124.2244,131.1313,124.1812,126.8269,29825933
TSLA,2022-07-07,119.1926,128.59,117.8876,121.5699,98758903
TSLA,2022-07-08,125.6141,132.1466,123.148,125.8301,43580876
TSLA,2022-07-11,121.4891,123.725,121.2161,121.7519,15435515
TSLA,2022-07-12,123.0041,125.1772,117.7145,121.228,5715012
TSLA,2022-07-13,123.6364,125.4706,119.0628,120.1985,9319256
TSLA,2022-07-14,119.2925,121.7742,108.1992,115.3706,8982579
TSLA,2022-07-15,121.6594,123.6172,117.12,117.2362,26288352
TSLA,2022-07-18,119.26,124.3203,117.1985,123.1376,44427398
TSLA,2022-07-19,124.2973,130.2031,119.3989,122.3762,37787004
TSLA,2022-07-20,118.5401,129.8704,117.1331,122.807,10908408
TSLA,2022-07-21,129.8204,132.1836,128.7304,128.7935,10283929
TSLA,2022-07-22,118.366,125.725,113.4217,120.8937,9306506
TSLA,2022-07-25,125.5572,126.1232,118.9921,122.3902,7834641
TSLA,2022-07-26,127.0182,133.3647,123.2517,126.7608,2537123
TSLA,2022-07-27,125.4468,125.5979,120.0719,122.2034,16843624
TSLA,2022-07-28,125.6645,126.0899,120.1552,126.0163,18193971
TSLA,2022-07-29,126.6617,131.2517,124.4952,127.4044,10270260
TSLA,2022-08-01,127.3505,129.9867,124.2894,129.4305,34393610
TSLA,2022-08-02,124.0489,131.9331,122.727,127.0191,14845503
TSLA,2022-08-03,122.5036,123.6524,122.4078,122.4498,40193668
TSLA,2022-08-04,115.0382,121.5257,113.7078,121.1849,7125191
TSLA,2022-08-05,122.7418,129.1768,117.8516,123.3685,6614109
TSLA,2022-08-08,121.0511,126.1321,118.8182,122.8969,12049904
TSLA,2022-08-09,129.4564,130.9027,123.6677,125.8101,7628967
TSLA,2022-08-10,125.0146,130.3423,123.7655,128.6136,20089205
TSLA,2022-08-11,120.19,122.1968,120.0179,120.183,7312247
TSLA,2022-08-12,125.2028,131.409,121.057,126.9379,7434389
TSLA,2022-08-15,125.2265,129.8742,122.4789,126.8579,39250900
TSLA,2022-08-16,125.0126,130.4334,124.5742,125.4815,7218051
TSLA,2022-08-17,132.5261,135.8428,124.5031,127.5655,40869698
TSLA,2022-08-18,129.861,131.8164,115.5624,123.776,13231300
TSLA,2022-08-19,126.2417,131.522,124.5602,125.3331,35943927
TSLA,2022-08-22,126.1582,126.3942,117.53,122.7849,28179324
TSLA,2022-08-23,127.6083,129.8451,118.3383,122.9615,154788584
TSLA,2022-08-24,112.8611,121.9837,112.1924,117.6059,54446231
TSLA,2022-08-25,114.2197,114.9751,107.1103,112.4275,3304714
TSLA,2022-08-26,113.2961,116.3019,102.9478,110.5564,5319663
TSLA,2022-08-29,114.0356,116.1976,110.755,114.1122,9549038
TSLA,2022-08-30,111.4761,118.69,106.7989,111.3667,7856592
TSLA,2022-08-31,119.8573,120.6788,114.8105,118.3501,4251990
TSLA,2022-09-01,122.3415,125.7322,119.1942,120.7949,6655276
TSLA,2022-09-02,127.052,128.1466,119.1946,119.9465,4971926
TSLA,2022-09-05,125.1169,135.9024,124.2161,128.623,84027393
TSLA,2022-09-06,134.6125,137.8862,126.1818,128.9775,4389800
TSLA,2022-09-07,126.3391,127.9918,123.1252,127.9117,10088146
TSLA,2022-09-08,128.7053,134.479,125.3818,133.3315,65217513
TSLA,2022-09-09,135.8735,137.0605,131.2273,134.5066,16289029
TSLA,2022-09-12,141.9942,145.6924,133.8152,136.3729,26717733
TSLA,2022-09-13,138.1756,140.7867,133.6881,137.578,19540467
TSLA,2022-09-14,138.5572,144.3202,137.4948,137.8431,25399799
TSLA,2022-09-15,138.3684,140.0053,136.4588,138.7722,21716028
TSLA,2022-09-16,136.4137,140.053,134.7528,139.5342,14095618
TSLA,2022-09-19,146.4032,152.9796,143.9255,144.5821,5064736
TSLA,2022-09-20,147.4599,148.9111,143.0353,146.0463,21253957
TSLA,2022-09-21,143.5283,146.3685,135.2029,142.7185,31340728
TSLA,2022-09-22,152.3758,154.4997,139.8552,145.0359,69898899
TSLA,2022-09-23,135.4888,144.355,134.0489,138.5182,4106251
TSLA,2022-09-26,144.7425,145.517,137.1624,137.9851,28731416
TSLA,2022-09-27,147.506,150.2093,141.8222,143.5519,15704936
TSLA,2022-09-28,143.1078,151.6076,134.9751,142.4419,8296361
TSLA,2022-09-29,140.0457,144.2743,136.7119,140.0418,9715460
TSLA,2022-09-30,137.3567,145.8778,133.0148,142.3566,17287144
TSLA,2022-10-03,131.3668,140.9977,129.2566,138.238,80258939
TSLA,2022-10-04,133.5343,137.5337,128.0091,134.3717,25153087
TSLA,2022-10-05,132.9624,144.4045,130.4638,136.1943,5384633
TSLA,2022-10-06,141.9669,142.7704,130.6437,133.8505,3406178
TSLA,2022-10-07,142.3139,150.0855,139.7294,141.9183,38351897
TSLA,2022-10-10,150.4772,150.8529,137.2252,144.6511,16958695
TSLA,2022-10-11,141.102,143.654,139.0437,141.8753,8338194
TSLA,2022-10-12,145.2392,153.0968,144.0485,144.7493,46685580
TSLA,2022-10-13,150.0925,153.8185,141.8509,151.498,4409188
TSLA,2022-10-14,165.7293,167.7566,161.0698,163.8217,65067014
TSLA,2022-10-17,165.8208,169.916,149.2289,159.7321,28827079
TSLA,2022-10-18,172.4081,172.6241,159.9004,167.7262,28422869
TSLA,2022-10-19,181.801,186.0915,172.9718,181.1753,21480321
TSLA,2022-10-20,172.8556,188.4994,169.1959,179.5757,12715997
TSLA,2022-10-21,181.6927,182.8286,176.3851,179.5069,25584373
TSLA,2022-10-24,176.4413,189.2831,172.0946,179.4075,5230666
TSLA,2022-10-25,185.8758,197.1526,185.2021,185.2979,45096035
TSLA,2022-10-26,189.1265,193.8784,177.0396,182.6259,10336149
TSLA,2022-10-27,180.8251,189.2891,172.1113,182.845,23365623
TSLA,2022-10-28,180.9446,195.0745,179.2617,187.971,8160513
TSLA,2022-10-31,180.0061,191.1997,179.5459,184.2983,10485172
TSLA,2022-11-01,184.5955,186.8742,180.6458,186.1005,15626196
TSLA,2022-11-02,191.9909,202.44,182.5048,191.0488,30797851
TSLA,2022-11-03,179.8887,190.6727,178.4099,185.4992,18603081
TSLA,2022-11-04,186.8023,202.9889,181.6534,190.2794,40282016
TSLA,2022-11-07,188.2958,192.0385,186.789,189.1988,33494071
TSLA,2022-11-08,191.7269,194.7233,173.9623,182.434,32593456
TSLA,2022-11-09,174.0461,177.2873,164.3964,168.2936,10483515
TSLA,2022-11-10,165.508,173.1732,162.0062,167.7614,7155761
TSLA,2022-11-11,178.1741,181.5645,165.6014,169.916,14326138
TSLA,2022-11-14,177.1908,180.6001,169.0962,173.7509,6683312
TSLA,2022-11-15,153.2793,166.5492,153.1099,161.9658,7161573
TSLA,2022-11-16,166.7763,172.4509,153.1929,163.725,4800081
TSLA,2022-11-17,158.1249,161.1003,149.797,159.0902,18337793
TSLA,2022-11-18,146.7771,152.3618,145.5177,151.4355,13082582
TSLA,2022-11-21,156.8707,162.8515,151.3509,154.9863,9227995
TSLA,2022-11-22,147.5032,158.1542,145.9052,150.6352,9799554
TSLA,2022-11-23,147.7245,148.0856,142.4685,145.3361,15861862
TSLA,2022-11-24,145.9323,150.907,139.9707,144.7021,18957870
TSLA,2022-11-25,140.9949,147.544,140.0861,145.737,36334213
TSLA,2022-11-28,148.7639,149.6038,141.7912,143.2664,10160223
TSLA,2022-11-29,134.1192,141.6664,133.8622,140.0535,5605076
TSLA,2022-11-30,140.3017,147.5693,135.5741,138.5073,4544515
TSLA,2022-12-01,142.4155,145.5019,136.7732,140.9991,23231573
TSLA,2022-12-02,135.3833,143.1058,128.5942,137.3619,9932014
TSLA,2022-12-05,142.0341,150.4146,136.3798,143.872,9119294
TSLA,2022-12-06,141.2151,152.8696,139.0638,143.4196,12448623
TSLA,2022-12-07,142.4484,145.5118,135.6984,141.6625,32672151
TSLA,2022-12-08,145.2914,151.7825,136.8581,143.6258,89788018
TSLA,2022-12-09,142.8984,146.3795,132.813,141.4251,36044378
TSLA,2022-12-12,139.414,145.3569,136.431,142.1364,13504645
TSLA,2022-12-13,140.7913,144.7694,138.3497,140.14,10252351
TSLA,2022-12-14,137.6095,147.9625,132.5701,140.1249,9341462
TSLA,2022-12-15,138.9371,142.1916,130.6572,139.8175,9172484
TSLA,2022-12-16,144.2968,156.504,141.8733,148.0891,4325225
TSLA,2022-12-19,158.1747,159.2359,154.391,156.3063,10708275
TSLA,2022-12-20,150.3261,157.2127,145.122,154.5209,8425911
TSLA,2022-12-21,149.7515,154.243,143.0285,153.1802,16971556
TSLA,2022-12-22,151.3673,153.57,149.0452,153.0588,10418348
TSLA,2022-12-23,156.1653,162.072,149.7676,157.8487,52691654
TSLA,2022-12-26,147.2165,162.13,141.649,151.8218,12953474
TSLA,2022-12-27,152.2582,154.4298,151.5504,151.7503,79827287
TSLA,2022-12-28,154.3798,167.5833,153.1787,160.0863,8579850
TSLA,2022-12-29,161.3838,171.446,158.3859,167.6813,10884444
TSLA,2022-12-30,169.7094,173.5948,160.839,167.0941,18557017
TSLA,2023-01-02,168.2465,170.1769,166.986,167.3067,21179712
TSLA,2023-01-03,166.9969,171.8904,166.2317,167.02,7796937
TSLA,2023-01-04,179.1113,179.4743,167.5962,173.5345,3092913
TSLA,2023-01-05,178.8694,180.3624,173.7005,173.7289,121529717
TSLA,2023-01-06,177.6153,186.0185,175.3129,176.2506,10527660
TSLA,2023-01-09,164.9324,170.8384,163.0626,170.4713,14568247
TSLA,2023-01-10,173.4878,174.0872,170.8701,173.2087,19163934
TSLA,2023-01-11,167.0801,167.8334,164.5861,165.3488,33543654
TSLA,2023-01-12,162.4391,164.2537,161.8521,162.364,11100209
TSLA,2023-01-13,151.1021,155.9165,150.4925,150.858,8526777
TSLA,2023-01-16,138.0384,154.8681,136.2165,145.8,6866575
TSLA,2023-01-17,146.1127,149.8754,137.4371,146.6222,5879258
TSLA,2023-01-18,156.8349,162.0457,147.6173,154.6487,16304035
TSLA,2023-01-19,157.3606,159.6026,145.3321,154.6421,10586314
TSLA,2023-01-20,160.5034,164.1397,158.8781,162.1824,5438431
TSLA,2023-01-23,169.0333,172.2855,157.6282,163.4065,170546762
TSLA,2023-01-24,168.2486,176.8537,164.4821,173.1039,46685742
TSLA,2023-01-25,178.9977,182.4846,170.227,170.9208,11220523
TSLA,2023-01-26,166.0119,175.7501,163.7812,170.0627,14102411
TSLA,2023-01-27,175.0366,175.0666,171.6325,174.5033,16633015
TSLA,2023-01-30,167.4351,184.8076,163.0347,174.3047,13132270
TSLA,2023-01-31,160.9639,170.231,159.0963,168.8965,6973146
TSLA,2023-02-01,161.507,162.7999,152.8208,162.5183,33454758
TSLA,2023-02-02,163.212,164.3225,160.8167,163.4608,27038967
TSLA,2023-02-03,162.7287,168.6309,161.7071,163.5221,8758630
TSLA,2023-02-06,171.3895,172.7296,170.3508,171.6797,4333514
TSLA,2023-02-07,161.7114,164.9377,152.2801,163.0662,8855178
TSLA,2023-02-08,171.4555,173.6325,164.6567,165.8232,29109711
TSLA,2023-02-09,161.1311,161.5981,155.5323,160.3433,25489320
TSLA,2023-02-10,165.0227,167.5061,161.3316,162.863,4133790
TSLA,2023-02-13,161.1168,166.0632,159.4096,163.9187,20266616
TSLA,2023-02-14,165.3686,175.9106,164.9202,166.8935,31198169
TSLA,2023-02-15,160.3199,172.536,154.0825,164.7091,12625473
TSLA,2023-02-16,172.3694,174.6315,163.7591,163.8945,12814320
TSLA,2023-02-17,172.7469,179.2531,169.3545,170.0692,23099844
TSLA,2023-02-20,158.4418,160.4228,157.5099,160.3936,23272760
TSLA,2023-02-21,158.9378,160.2313,154.307,154.9759,11478804
TSLA,2023-02-22,148.8398,155.6154,148.7925,149.3048,14322776
TSLA,2023-02-23,143.9334,147.4444,142.6176,147.2026,9109428
TSLA,2023-02-24,148.2963,156.2696,144.4103,146.7728,18270657
TSLA,2023-02-27,150.1864,157.7305,143.8992,148.4444,11943110
TSLA,2023-02-28,144.5078,153.1557,142.5135,143.8848,9011563
TSLA,2023-03-01,151.2795,159.5326,151.1887,153.7051,18813197
TSLA,2023-03-02,158.6757,161.4536,158.5966,160.7495,33849944
TSLA,2023-03-03,173.0844,175.8094,168.6768,169.5343,5655924
TSLA,2023-03-06,166.6819,174.4842,166.1465,170.8979,15372869
TSLA,2023-03-07,166.4125,176.6767,157.1401,167.047,5313360
TSLA,2023-03-08,167.4261,169.8058,164.6238,169.2309,17220774
TSLA,2023-03-09,179.1663,187.3677,168.8897,180.2876,8126020
TSLA,2023-03-10,187.2799,190.0426,177.1671,188.8704,10484724
TSLA,2023-03-13,186.2716,198.4245,180.8649,188.7676,19220914
TSLA,2023-03-14,191.3837,197.9185,178.8309,185.8148,46792296
TSLA,2023-03-15,188.3343,189.0795,174.5165,187.4649,17845700
TSLA,2023-03-16,189.5515,194.2414,178.8543,185.2714,82658384
TSLA,2023-03-17,169.6797,179.7346,168.1873,178.8519,17582959
TSLA,2023-03-20,169.5233,170.8722,169.2791,169.7379,8744709
TSLA,2023-03-21,170.9853,178.8962,163.5896,174.8837,23418294
TSLA,2023-03-22,181.3369,185.2965,173.4598,184.7828,9476060
TSLA,2023-03-23,175.6702,192.5207,168.2638,180.2179,11914483
TSLA,2023-03-24,181.1326,182.139,174.8442,176.5074,14441909
TSLA,2023-03-27,180.6386,187.3842,168.4182,176.1841,11103476
TSLA,2023-03-28,175.3065,185.1023,172.2852,178.1399,26056863
TSLA,2023-03-29,179.2066,188.2049,164.5626,176.2545,5903380
TSLA,2023-03-30,180.5352,186.8705,174.8583,179.0703,10179039
TSLA,2023-03-31,186.0035,187.2529,175.4351,178.59,12848741
TSLA,2023-04-03,174.4706,177.2908,167.4347,172.4991,7425908
TSLA,2023-04-04,170.5679,178.6869,167.617,174.054,7622146
TSLA,2023-04-05,176.1436,178.6632,168.2174,172.021,8514547
TSLA,2023-04-06,175.046,182.1031,166.3129,173.5627,7220142
TSLA,2023-04-07,158.4473,170.0037,156.319,165.3601,9979844
TSLA,2023-04-10,172.5795,175.3634,155.9108,165.4303,126222453
TSLA,2023-04-11,176.646,184.1728,175.769,176.4601,4591111
TSLA,2023-04-12,178.3968,181.7033,170.9973,172.3912,19302901
TSLA,2023-04-13,181.1086,184.6985,173.154,176.2739,26045570
TSLA,2023-04-14,170.3378,172.2355,162.7606,167.4143,87245614
TSLA,2023-04-17,164.9108,171.4574,159.3482,161.5304,12648176
TSLA,2023-04-18,161.5038,164.6251,152.6111,160.5851,27122928
TSLA,2023-04-19,172.3774,173.2167,160.4972,170.8094,4088789
TSLA,2023-04-20,166.4359,177.2771,162.5276,173.2021,17718577
TSLA,2023-04-21,184.7079,186.5793,176.5745,178.638,14106943
TSLA,2023-04-24,173.9003,177.12,163.2255,173.5215,7091418
TSLA,2023-04-25,174.6262,178.8986,167.5346,168.4051,28241066
TSLA,2023-04-26,177.4828,181.1503,171.7355,177.7858,49894059
TSLA,2023-04-27,187.6348,189.0004,177.7666,185.299,7430953
TSLA,2023-04-28,188.395,195.0425,186.5807,189.26,14234031
TSLA,2023-05-01,202.9322,209.0196,191.8649,196.9788,7959684
TSLA,2023-05-02,202.5543,211.203,198.5571,199.4021,7279861
TSLA,2023-05-03,210.8374,217.6315,203.2056,204.2714,24703163
TSLA,2023-05-04,215.363,217.5686,196.0116,209.318,7151049
TSLA,2023-05-05,224.2466,240.2266,218.6298,227.4185,26874575
TSLA,2023-05-08,218.9754,226.0858,217.8149,225.6838,911203
TSLA,2023-05-09,222.7439,234.7566,208.9187,220.2552,21454150
TSLA,2023-05-10,220.5566,225.2248,206.9341,211.4549,1965058
TSLA,2023-05-11,212.643,236.2191,212.3265,222.0494,13427817
TSLA,2023-05-12,206.6792,216.8287,200.5211,211.1338,27521943
TSLA,2023-05-15,214.4691,221.6471,211.2515,217.9865,6307488
TSLA,2023-05-16,229.7741,241.9641,216.6278,229.2707,35244507
TSLA,2023-05-17,204.7663,219.4156,204.6339,210.2541,16384566
TSLA,2023-05-18,216.3224,228.3095,216.2137,221.5877,27913279
TSLA,2023-05-19,215.9944,225.2008,213.8207,225.166,19777039
TSLA,2023-05-22,228.2664,228.695,223.9139,224.7346,14996223
TSLA,2023-05-23,222.8711,227.1192,206.9669,215.0298,16589848
TSLA,2023-05-24,226.9303,227.3468,221.7555,223.8286,11698266
TSLA,2023-05-25,227.2857,232.3591,219.1093,231.079,19652539
TSLA,2023-05-26,236.835,242.3595,219.0631,228.8717,30720833
TSLA,2023-05-29,227.4416,229.7189,211.4865,218.3349,5439513
TSLA,2023-05-30,227.0803,237.6982,222.9866,227.4938,71686129
TSLA,2023-05-31,225.7026,226.9161,219.2263,226.6987,27030040
TSLA,2023-06-01,236.931,241.2732,225.8533,232.6755,43779233
TSLA,2023-06-02,220.6967,236.177,213.3427,227.9809,26932145
TSLA,2023-06-05,213.133,219.4746,200.8393,215.396,5743693
TSLA,2023-06-06,220.5144,224.8427,206.4332,213.6853,8672242
TSLA,2023-06-07,201.8202,204.352,199.5032,203.9462,14276136
TSLA,2023-06-08,184.3185,199.9533,180.188,191.4457,19482484
TSLA,2023-06-09,182.5454,194.4102,182.0464,190.2976,15396819
TSLA,2023-06-12,181.0131,191.9634,175.9434,182.7234,8328337
TSLA,2023-06-13,184.4438,187.2285,183.5818,184.2928,3398387
TSLA,2023-06-14,190.0709,191.4258,189.3233,191.0892,12691195
TSLA,2023-06-15,189.1285,192.812,179.8104,184.7135,11280438
TSLA,2023-06-16,192.2138,193.4688,179.9451,188.7955,7570751
TSLA,2023-06-19,177.7986,181.9725,176.9351,177.9448,43446831
TSLA,2023-06-20,183.2427,186.5013,182.7264,184.8423,20379551
TSLA,2023-06-21,190.6122,192.8499,174.738,181.353,43296490
TSLA,2023-06-22,186.8963,192.2589,184.0209,184.8006,23486491
TSLA,2023-06-23,185.0094,190.9814,181.9825,186.8176,4857872
TSLA,2023-06-26,192.6325,195.9128,183.7681,189.7256,4943326
TSLA,2023-06-27,192.6035,193.9829,176.4893,188.1517,12990567
TSLA,2023-06-28,194.2638,202.8808,186.1214,198.4428,7928887
TSLA,2023-06-29,208.9943,214.6848,193.8082,204.0857,6641321
TSLA,2023-06-30,205.478,206.4509,190.7056,204.0407,7157613
TSLA,2023-07-03,206.8134,209.4519,192.3521,203.538,3256811
TSLA,2023-07-04,222.0187,225.473,202.1176,213.5543,21266149
TSLA,2023-07-05,220.1941,229.1376,216.823,219.487,6227892
TSLA,2023-07-06,204.7658,220.0578,200.7247,213.7179,3518604
TSLA,2023-07-07,216.1911,217.3621,199.187,207.5996,7579140
TSLA,2023-07-10,202.3361,216.2421,195.191,204.6166,10893989
TSLA,2023-07-11,200.5046,212.8246,194.0873,204.8709,14770372
TSLA,2023-07-12,202.5362,205.0664,195.3426,201.1242,2285054
TSLA,2023-07-13,189.1053,206.4829,187.8136,195.1616,16728516
TSLA,2023-07-14,209.6149,214.189,198.6607,205.5262,13917358
TSLA,2023-07-17,203.5956,206.4044,196.2636,200.6047,38109667
TSLA,2023-07-18,195.7513,201.3716,195.6224,200.5441,12387314
TSLA,2023-07-19,207.7109,214.0634,200.6272,201.6926,8678632
TSLA,2023-07-20,195.1124,199.659,186.6424,193.6368,14808457
TSLA,2023-07-21,213.6672,226.1416,210.1792,212.9622,3082318
TSLA,2023-07-24,207.2929,217.1539,198.1553,206.9453,14198484
TSLA,2023-07-25,211.9445,212.0072,207.7102,211.3004,3746863
TSLA,2023-07-26,202.2717,211.3205,198.542,210.4288,4413114
TSLA,2023-07-27,221.5601,223.4139,209.68,219.6125,26739467
TSLA,2023-07-28,216.668,224.389,214.7472,224.1422,17344440
TSLA,2023-07-31,229.2296,235.5477,215.5441,227.0474,82795151
TSLA,2023-08-01,251.3672,251.914,228.7036,236.6659,22515169
TSLA,2023-08-02,241.4194,253.3323,237.6539,245.545,9913130
TSLA,2023-08-03,232.5906,240.6706,228.2666,233.2967,29082451
TSLA,2023-08-04,219.8858,228.4539,211.1702,225.2075,62815222
TSLA,2023-08-07,222.0212,225.0735,211.7146,214.7208,5683644
TSLA,2023-08-08,209.701,214.8035,208.3908,214.0542,10056040
TSLA,2023-08-09,218.7412,224.1041,204.1245,212.0191,24099966
TSLA,2023-08-10,206.5629,222.4061,205.1431,219.5371,36813437
TSLA,2023-08-11,205.0065,212.3415,197.0595,211.3189,39472576
TSLA,2023-08-14,204.8734,211.337,202.7143,204.7467,48741522
TSLA,2023-08-15,191.3171,199.1002,188.2687,193.4359,26526627
TSLA,2023-08-16,193.538,202.7066,189.5009,200.9894,29498047
TSLA,2023-08-17,194.7706,195.0705,181.0679,193.63,14105225
TSLA,2023-08-18,199.6843,205.542,188.2675,202.1152,11286068
TSLA,2023-08-21,183.7946,200.4295,182.8351,188.7686,23597274
TSLA,2023-08-22,192.722,194.1957,176.1743,186.857,12831522
TSLA,2023-08-23,180.9502,183.4922,172.1951,181.509,39088696
TSLA,2023-08-24,168.9602,181.4656,166.5639,175.9315,34346561
TSLA,2023-08-25,168.974,175.004,159.8309,168.7964,11026879
TSLA,2023-08-28,185.8706,186.5485,169.228,176.4347,26800812
TSLA,2023-08-29,173.9265,180.2237,170.7711,179.1987,7572772
TSLA,2023-08-30,176.7937,178.6827,167.1495,170.4122,7585235
TSLA,2023-08-31,159.4517,162.9664,147.8525,152.4211,111730613
TSLA,2023-09-01,158.5552,158.6464,155.7483,158.5815,47488469
TSLA,2023-09-04,169.6023,175.145,154.0368,164.0258,60833065
TSLA,2023-09-05,153.6953,162.6914,153.6105,159.0518,29512354
TSLA,2023-09-06,164.3537,174.5723,158.932,165.8158,22937142
TSLA,2023-09-07,172.7093,181.583,172.3059,177.8699,23504254
TSLA,2023-09-08,187.2383,189.4788,180.1908,186.5253,8969298
TSLA,2023-09-11,203.7399,210.6673,187.7532,200.3534,8858259
TSLA,2023-09-12,218.5978,220.2374,203.7904,210.5215,22567636
TSLA,2023-09-13,216.2459,224.5627,210.1399,220.8694,18440655
TSLA,2023-09-14,209.2139,220.6302,209.0685,219.1459,10481236
TSLA,2023-09-15,206.6878,220.4546,198.0572,208.8497,16003039
TSLA,2023-09-18,206.3693,220.0063,200.8376,207.8637,36427445
TSLA,2023-09-19,221.5832,225.0254,198.7082,211.5178,34404356
TSLA,2023-09-20,205.9587,219.4746,199.044,212.2689,3844371
TSLA,2023-09-21,210.075,218.9027,204.401,218.1133,21915554
TSLA,2023-09-22,222.3325,226.2198,213.5755,220.7353,12990016
TSLA,2023-09-25,210.5788,221.7343,202.6786,215.5158,27314842
TSLA,2023-09-26,233.0844,247.4684,222.6436,231.7267,12602249
TSLA,2023-09-27,235.111,238.0272,231.2662,231.4932,6632015
TSLA,2023-09-28,216.4518,235.2348,214.9999,228.6852,19643341
TSLA,2023-09-29,232.4393,246.2741,227.5582,230.5515,29369877
TSLA,2023-10-02,225.5671,230.6918,222.092,228.3407,18397549
TSLA,2023-10-03,226.5783,227.8666,214.5112,225.5948,12203157
TSLA,2023-10-04,213.1637,218.2826,201.2355,213.6648,21790945
TSLA,2023-10-05,208.8017,211.5815,200.2969,207.214,26642774
TSLA,2023-10-06,199.6408,203.1984,194.893,197.6069,13918790
TSLA,2023-10-09,193.8869,201.9689,191.0492,199.7263,13011244
TSLA,2023-10-10,210.4776,213.8603,199.652,202.2191,39777782
TSLA,2023-10-11,204.7826,212.6972,204.7482,206.6548,4433690
TSLA,2023-10-12,214.0912,218.6473,199.164,212.6735,27531982
TSLA,2023-10-13,209.3044,233.0572,206.9415,218.336,24390335
TSLA,2023-10-16,222.3405,229.0842,209.7287,225.2797,3551717
TSLA,2023-10-17,216.2978,234.6039,216.2163,229.1124,7654330
TSLA,2023-10-18,228.559,230.4246,227.2237,230.232,9063821
TSLA,2023-10-19,236.3922,241.7059,227.7098,233.7633,51540632
TSLA,2023-10-20,217.6255,238.6763,217.5861,230.3623,54995043
TSLA,2023-10-23,243.2061,245.5372,229.4449,230.008,16179013
TSLA,2023-10-24,235.0948,236.3938,230.8191,232.8759,23072128
TSLA,2023-10-25,226.9703,251.0738,220.6777,236.8777,31664332
TSLA,2023-10-26,245.934,249.9464,225.0165,237.9962,9802917
TSLA,2023-10-27,258.6494,259.1494,244.7241,247.316,24070688
TSLA,2023-10-30,261.3421,264.7767,245.2312,252.7494,6207003
TSLA,2023-10-31,257.2668,258.1276,232.3693,249.3907,5320283
TSLA,2023-11-01,242.103,246.9098,232.5773,243.5369,6121547
TSLA,2023-11-02,255.026,258.3643,244.3316,247.1329,16955932
TSLA,2023-11-03,227.4341,233.0968,217.4735,232.6129,19707133
TSLA,2023-11-06,224.9903,231.6535,214.2709,225.5232,21167531
TSLA,2023-11-07,225.6061,226.1922,214.0676,216.4428,16490785
TSLA,2023-11-08,217.0413,217.2188,209.4409,212.2723,34422742
TSLA,2023-11-09,203.6358,212.4253,200.2502,209.9085,14854813
TSLA,2023-11-10,227.6347,231.6768,220.6646,224.0603,13730786
TSLA,2023-11-13,228.9392,238.5964,225.7041,228.1594,51008636
TSLA,2023-11-14,216.5342,226.6736,209.3546,219.8456,53206000
TSLA,2023-11-15,226.9684,230.0576,212.0625,224.7272,5812309
TSLA,2023-11-16,218.131,230.6436,217.3098,224.3807,11228038
TSLA,2023-11-17,222.0939,238.7307,219.1173,225.3319,9800941
TSLA,2023-11-20,233.2895,244.5118,222.0449,231.738,5916542
TSLA,2023-11-21,244.6853,254.5058,234.7548,238.6906,43251797
TSLA,2023-11-22,238.3366,250.8098,233.5688,239.001,15594482
TSLA,2023-11-23,230.503,233.9166,228.2276,229.648,17789084
TSLA,2023-11-24,232.3317,250.9516,229.3592,243.5191,32686516
TSLA,2023-11-27,245.3436,249.9634,231.4192,247.6658,11091334
TSLA,2023-11-28,261.462,262.215,251.6142,256.3914,28142429
TSLA,2023-11-29,258.3804,270.538,253.0471,255.3658,12589896
TSLA,2023-11-30,263.5116,268.0063,250.4022,262.6107,6390874
TSLA,2023-12-01,269.8784,270.1889,246.7496,261.8775,71170555
TSLA,2023-12-04,265.055,280.3436,247.3901,264.2069,11501647
TSLA,2023-12-05,251.3108,252.8719,239.6881,252.5839,22582635
TSLA,2023-12-06,275.5354,287.3447,258.2335,271.3471,20989659
TSLA,2023-12-07,268.3331,278.0111,265.787,268.4216,3996083
TSLA,2023-12-08,273.1345,274.4646,253.7405,260.3171,1921025
TSLA,2023-12-11,256.8084,269.6991,239.0672,255.4151,11072547
TSLA,2023-12-12,248.5775,262.3541,246.9427,254.2555,23023836
TSLA,2023-12-13,253.4979,263.544,243.74,256.2676,4507404
TSLA,2023-12-14,264.7396,279.7447,264.2904,277.1366,23787455
TSLA,2023-12-15,292.761,293.7568,277.2109,281.3967,9405971
TSLA,2023-12-18,277.5473,284.5067,266.2977,284.282,17452709
TSLA,2023-12-19,292.6276,294.1399,267.009,275.4625,25480921
TSLA,2023-12-20,276.1855,284.3609,273.8285,278.6601,33364597
TSLA,2023-12-21,278.719,295.5241,276.8385,285.9533,9235317
TSLA,2023-12-22,280.7067,293.4336,268.4601,285.4114,14060988
TSLA,2023-12-25,278.5169,284.6271,272.9147,280.8557,68978081
TSLA,2023-12-26,266.8325,285.4745,265.3015,276.8309,30278966
TSLA,2023-12-27,271.167,287.9904,262.4339,276.6725,43077583
TSLA,2023-12-28,310.3322,311.1161,287.42,297.6321,12857321
TSLA,2023-12-29,288.6686,304.2053,277.0073,296.9261,11393004
TSLA,2024-01-01,294.1135,318.5494,290.2475,311.4171,43933388
TSLA,2024-01-02,305.2755,323.5085,296.8428,305.7315,11225846
TSLA,2024-01-03,329.0947,344.6103,309.0607,324.4952,12795930
TSLA,2024-01-04,311.7227,333.5516,297.9936,315.0104,13697978
TSLA,2024-01-05,307.1079,332.8231,306.0117,322.3938,5647370
TSLA,2024-01-08,315.9775,337.1951,315.2097,335.9011,22991680
TSLA,2024-01-09,345.4701,346.8497,330.0919,339.3204,36774664
TSLA,2024-01-10,348.3219,351.9726,328.4877,335.0596,4914736
TSLA,2024-01-11,332.5205,348.4878,312.6487,335.163,8193749
TSLA,2024-01-12,338.3023,347.0688,326.43,333.784,25210880
TSLA,2024-01-15,315.5713,323.1088,315.4699,319.9287,14848380
TSLA,2024-01-16,321.1237,324.6917,307.4589,312.9478,87550054
TSLA,2024-01-17,312.2946,322.1872,298.4683,319.8916,40063344
TSLA,2024-01-18,318.642,352.3976,318.1488,338.3049,20771964
TSLA,2024-01-19,322.5249,340.1127,314.4927,333.5784,45521774
TSLA,2024-01-22,330.6357,336.6257,317.7154,318.5177,20922419
TSLA,2024-01-23,322.1912,331.17,303.1653,318.8456,9457849
TSLA,2024-01-24,319.7903,339.7365,307.1849,329.9019,13748849
TSLA,2024-01-25,352.7973,352.8953,331.7944,339.3228,44559425
TSLA,2024-01-26,358.5873,369.2342,339.0161,346.452,18476066
TSLA,2024-01-29,328.8415,337.2346,321.6591,326.5896,8206561
TSLA,2024-01-30,318.6134,326.5078,310.3792,322.1674,48717941
TSLA,2024-01-31,321.7933,333.213,302.0423,316.6215,19008593
TSLA,2024-02-01,342.1436,347.181,326.8597,330.9964,5068310
TSLA,2024-02-02,331.1694,331.3633,328.4521,331.2619,23743280
TSLA,2024-02-05,319.5272,320.5239,313.0227,317.9414,10138445
TSLA,2024-02-06,335.5443,338.4885,321.2502,329.0276,22357206
TSLA,2024-02-07,318.9552,320.3139,315.7184,318.7353,23888262
TSLA,2024-02-08,327.7802,342.991,327.2551,330.3401,6309123
TSLA,2024-02-09,326.7146,346.1846,311.1722,333.9063,87633218
TSLA,2024-02-12,343.1368,345.242,322.3229,336.8958,8052596
TSLA,2024-02-13,340.449,343.378,338.1672,338.4711,66782734
TSLA,2024-02-14,347.2024,352.9778,328.9514,332.8667,13628698
TSLA,2024-02-15,313.9192,315.7535,300.4106,307.694,20179840
TSLA,2024-02-16,323.6657,337.1374,311.3974,330.6802,29837992
TSLA,2024-02-19,328.1967,345.8933,322.9441,330.0142,31304442
TSLA,2024-02-20,332.3043,335.5468,318.7669,325.5444,21697436
TSLA,2024-02-21,322.8397,324.9182,310.4774,313.6554,2531322
TSLA,2024-02-22,338.627,339.6845,307.5023,320.9238,27811245
TSLA,2024-02-23,322.6867,323.4514,313.1876,315.466,3541494
TSLA,2024-02-26,322.7524,328.9932,299.6458,319.4143,7793202
TSLA,2024-02-27,312.3358,316.5709,300.527,309.7085,12017029
TSLA,2024-02-28,309.09,314.5391,292.6635,306.7122,14763573
TSLA,2024-02-29,318.9663,335.328,302.3404,314.1973,6514501
TSLA,2024-03-01,315.4516,327.8901,309.5005,315.1606,19578339
TSLA,2024-03-04,312.2247,340.0582,310.7097,332.6805,24186500
TSLA,2024-03-05,338.3772,358.9217,333.1525,341.2902,10654522
TSLA,2024-03-06,343.0249,354.4696,338.1047,341.6734,25225358
TSLA,2024-03-07,345.7167,359.5958,344.9307,352.7781,12810841
TSLA,2024-03-08,391.579,397.6662,356.1915,374.963,30827135
TSLA,2024-03-11,378.0711,403.3816,377.8784,392.4382,9536740
TSLA,2024-03-12,388.7766,402.12,350.9988,377.0016,4818346
TSLA,2024-03-13,392.4208,399.525,371.3963,389.3396,8991808
TSLA,2024-03-14,393.77,407.8513,369.5934,383.1676,19827386
TSLA,2024-03-15,380.5838,389.2259,357.9888,370.3426,9534198
TSLA,2024-03-18,373.3677,387.7078,369.576,382.0009,67486206
TSLA,2024-03-19,359.5901,371.3741,350.1836,364.3278,9783507
TSLA,2024-03-20,379.6167,383.3343,355.2106,369.8387,10090300
TSLA,2024-03-21,393.2394,394.3938,370.6291,390.2024,7250896
TSLA,2024-03-22,422.2438,438.35,384.3571,410.9285,31461591
TSLA,2024-03-25,426.3748,426.4066,398.6337,426.3777,41002760
TSLA,2024-03-26,428.3162,435.5335,408.5685,415.7917,23341535
TSLA,2024-03-27,434.679,437.556,419.1946,427.4346,9824801
TSLA,2024-03-28,439.2774,443.5999,391.9338,417.6261,9283860
TSLA,2024-03-29,435.6635,440.8192,432.1928,439.2618,29439782
TSLA,2024-04-01,472.7517,478.072,467.9412,472.878,19843977
TSLA,2024-04-02,469.7312,486.1932,456.4366,466.4021,26766509
TSLA,2024-04-03,471.2325,486.7459,459.6893,474.2482,5793858
TSLA,2024-04-04,479.121,494.5491,475.3909,480.0238,5277447
TSLA,2024-04-05,485.0004,487.4025,471.3417,485.3951,3622808
TSLA,2024-04-08,446.1941,480.6843,437.0077,468.1643,25216650
TSLA,2024-04-09,482.346,485.0906,436.808,463.2593,16150608
TSLA,2024-04-10,460.5247,470.1187,453.0061,464.6453,16923841
TSLA,2024-04-11,454.4143,456.5175,425.1688,437.1354,12195759
TSLA,2024-04-12,423.4796,431.6846,423.3424,429.363,7375010
TSLA,2024-04-15,414.0343,418.5853,411.0737,415.6153,11249979
TSLA,2024-04-16,421.1254,429.6536,401.1314,429.2288,8019580
TSLA,2024-04-17,419.1198,427.3478,389.4502,412.6072,27089939
TSLA,2024-04-18,408.1526,409.0831,404.2616,406.8072,8328753
TSLA,2024-04-19,414.3731,428.5661,384.2391,408.5411,69988903
TSLA,2024-04-22,405.1875,429.5326,389.7408,409.3012,20879915
TSLA,2024-04-23,392.9451,415.6156,389.1413,410.5258,31723963
TSLA,2024-04-24,398.2482,414.9899,398.2035,406.3725,66090648
TSLA,2024-04-25,391.153,421.3172,372.7935,396.2282,7554866
TSLA,2024-04-26,398.3408,407.7414,382.067,405.6066,35798559
TSLA,2024-04-29,390.6632,390.8821,378.4253,388.7326,13655176
TSLA,2024-04-30,400.2501,402.8194,383.602,385.2072,16557966
TSLA,2024-05-01,391.3238,410.0239,376.4993,393.8894,9586622
TSLA,2024-05-02,370.8734,398.158,367.6399,384.5389,9159593
TSLA,2024-05-03,378.7976,412.4474,365.8761,390.2553,7264833
TSLA,2024-05-06,398.2683,421.6416,388.819,404.0991,12186590
TSLA,2024-05-07,437.1829,440.043,408.5521,433.4104,12796718
TSLA,2024-05-08,412.339,434.0072,408.4287,428.728,16431841
TSLA,2024-05-09,428.5414,438.8595,425.0238,433.0073,37786057
TSLA,2024-05-10,422.5591,466.0169,421.8833,441.5329,6823157
TSLA,2024-05-13,435.6183,447.8471,431.674,432.3924,16352723
TSLA,2024-05-14,420.0299,426.2897,387.0349,408.2228,1885081
TSLA,2024-05-15,400.7051,417.5077,395.9001,402.4248,16920210
TSLA,2024-05-16,413.8587,425.9986,397.44,404.5811,21586527
TSLA,2024-05-17,420.4054,422.6058,395.4034,400.1365,25678695
TSLA,2024-05-20,398.1554,422.9839,392.7873,414.5752,5851772
TSLA,2024-05-21,439.6116,455.8427,419.8636,440.3526,15414723
TSLA,2024-05-22,428.0896,428.1007,409.3531,426.6946,36524134
TSLA,2024-05-23,410.8738,435.1594,410.7864,422.2705,19921538
TSLA,2024-05-24,448.0288,448.84,425.7536,430.7153,13503430
TSLA,2024-05-27,454.3001,460.5644,438.779,445.8217,4940460
TSLA,2024-05-28,421.1304,441.5386,412.5766,439.6087,85213093
TSLA,2024-05-29,462.657,489.1027,461.3869,466.8464,23993828
TSLA,2024-05-30,477.164,486.8612,441.0491,467.4163,5821957
TSLA,2024-05-31,489.395,499.2256,458.4884,468.079,26106600
TSLA,2024-06-03,521.7763,533.2765,501.1209,509.3074,5984786
TSLA,2024-06-04,517.5044,522.1459,492.5863,501.8368,22636184
TSLA,2024-06-05,504.2116,504.5655,480.4226,486.869,11008375
TSLA,2024-06-06,468.883,489.8368,454.2335,463.466,12447893
TSLA,2024-06-07,477.4119,484.4376,447.0391,463.594,22267405
TSLA,2024-06-10,459.684,487.2668,430.8421,460.7703,18594801
TSLA,2024-06-11,432.1922,471.5493,426.9309,453.1924,14805539
TSLA,2024-06-12,469.0891,476.3925,457.4577,460.8031,21649701
TSLA,2024-06-13,446.8165,462.3842,426.3479,447.7847,15700224
TSLA,2024-06-14,449.8602,456.2924,433.7819,441.4733,6299761
TSLA,2024-06-17,474.0338,477.1826,448.6438,465.6774,18485146
TSLA,2024-06-18,466.937,468.7296,441.8016,452.1263,2831126
TSLA,2024-06-19,451.2546,477.0002,433.7403,452.5191,5879447
TSLA,2024-06-20,457.5135,475.7937,456.3869,468.6774,10965675
TSLA,2024-06-21,456.7005,474.8538,456.5784,459.8777,72206722
TSLA,2024-06-24,458.0054,474.4123,441.5281,460.4887,15061370
TSLA,2024-06-25,481.2434,482.4768,460.4059,478.0788,51696337
TSLA,2024-06-26,474.2624,483.9769,468.6781,476.8417,13863400
TSLA,2024-06-27,467.1216,489.2533,446.4328,469.4835,18816030
TSLA,2024-06-28,460.368,490.7253,447.9884,461.3755,17091137
TSLA,2024-07-01,458.1008,477.5504,453.3504,456.4706,13336909
TSLA,2024-07-02,454.0121,460.3582,442.3539,450.5214,15511949
TSLA,2024-07-03,442.0037,479.2185,435.0868,463.5597,19723733
TSLA,2024-07-04,462.3947,490.2726,462.0725,482.5803,2680739
TSLA,2024-07-05,493.9557,523.2302,489.3614,510.5682,10141533
TSLA,2024-07-08,500.5831,501.0239,476.9568,499.5781,3353284
TSLA,2024-07-09,500.5025,528.1144,491.9381,508.4257,39924267
TSLA,2024-07-10,500.2286,510.0569,485.3371,507.1022,12113432
TSLA,2024-07-11,526.8599,549.6343,505.0273,514.741,8160094
TSLA,2024-07-12,524.9219,532.36,501.2576,502.544,5238254
TSLA,2024-07-15,494.5242,541.7584,491.086,507.2119,13705066
TSLA,2024-07-16,490.3468,508.5715,465.6935,495.2107,58460151
TSLA,2024-07-17,480.9133,520.5535,479.6317,507.0289,12059882
TSLA,2024-07-18,514.3285,515.9331,498.3917,515.175,46794247
TSLA,2024-07-19,482.7294,509.04,481.3102,484.5527,40020966
TSLA,2024-07-22,488.3103,514.0341,462.9023,486.7044,12980938
TSLA,2024-07-23,470.9083,522.2305,469.2283,500.0832,8321089
TSLA,2024-07-24,522.5309,553.2733,491.4348,524.0376,3648957
TSLA,2024-07-25,540.5703,545.9549,526.799,529.3061,6254691
TSLA,2024-07-26,547.8793,556.5469,540.4183,552.684,10790946
TSLA,2024-07-29,558.6106,583.5493,549.6794,554.2386,26666541
TSLA,2024-07-30,561.7154,589.2093,539.2882,567.3535,7520682
TSLA,2024-07-31,609.4315,624.8307,574.4673,608.5932,5443996
TSLA,2024-08-01,610.2622,641.4046,566.0272,601.0549,13383786
TSLA,2024-08-02,655.6123,664.8141,604.3297,631.6319,41826848
TSLA,2024-08-05,582.0108,591.8265,561.7382,585.1523,13277273
TSLA,2024-08-06,604.1388,625.7875,601.7355,624.6693,27883436
TSLA,2024-08-07,613.5118,637.5709,599.5082,613.744,4713928
TSLA,2024-08-08,605.983,628.2147,587.3676,598.9089,16593173
TSLA,2024-08-09,601.6825,602.7348,566.521,589.6251,18012334
TSLA,2024-08-12,612.9641,647.2419,601.2035,628.2944,17944658
TSLA,2024-08-13,552.6877,586.749,552.6103,582.8926,8618271
TSLA,2024-08-14,603.6972,615.764,595.3015,614.2229,23503414
TSLA,2024-08-15,653.4999,680.1118,634.0059,636.2507,44520569
TSLA,2024-08-16,625.0599,676.5746,615.3273,642.3575,14013720
TSLA,2024-08-19,608.8554,619.4458,588.139,611.9628,29394890
TSLA,2024-08-20,588.8834,600.2999,555.9398,593.967,50707377
TSLA,2024-08-21,590.7655,612.288,558.5881,592.3629,42491468
TSLA,2024-08-22,617.3769,641.8468,581.1939,608.2563,9148534
TSLA,2024-08-23,576.4242,610.8185,560.1116,594.0298,3761353
TSLA,2024-08-26,575.6216,603.461,551.7685,588.5259,52827542
TSLA,2024-08-27,560.7506,563.1032,511.1118,538.2271,6457353
TSLA,2024-08-28,510.7067,533.4587,505.4558,531.2559,15086313
TSLA,2024-08-29,484.4031,519.9036,482.3312,507.435,7714295
TSLA,2024-08-30,467.3454,494.5564,460.7522,479.2926,27128308
TSLA,2024-09-02,450.3059,460.0319,447.4919,456.6518,32428653
TSLA,2024-09-03,489.9141,491.7886,450.9585,462.1737,15183062
TSLA,2024-09-04,478.1594,481.3027,471.4156,474.6919,18645211
TSLA,2024-09-05,459.1255,490.176,459.1069,485.2114,7029318
TSLA,2024-09-06,494.9426,507.9782,458.7905,492.6876,19734109
TSLA,2024-09-09,443.7612,481.9226,443.4041,474.9134,17331316
TSLA,2024-09-10,475.5471,500.8168,470.8308,494.6997,5569997
TSLA,2024-09-11,497.1603,510.8866,480.5349,487.6533,2536346
TSLA,2024-09-12,530.9569,532.8957,503.9916,518.2719,41218268
TSLA,2024-09-13,518.3682,538.1494,509.3972,536.8605,62096632
TSLA,2024-09-16,549.0409,592.6776,545.92,554.8449,11470338
TSLA,2024-09-17,487.1409,504.3549,478.4512,495.0009,12359473
TSLA,2024-09-18,505.8332,536.6724,473.4291,508.2545,18215172
TSLA,2024-09-19,502.8637,520.7361,491.3995,513.4718,14235890
TSLA,2024-09-20,541.5652,555.6589,513.8224,526.6282,9979851
TSLA,2024-09-23,547.8808,551.6589,541.6151,542.725,73392638
TSLA,2024-09-24,580.5669,589.5765,550.2675,556.2313,14168228
TSLA,2024-09-25,586.8489,608.0154,572.3848,590.3452,24170641
TSLA,2024-09-26,555.2995,590.1205,547.72,577.15,41782640
TSLA,2024-09-27,611.1858,612.0964,571.0094,607.3024,86827990
TSLA,2024-09-30,598.8555,633.2628,564.3684,603.9162,29852001
TSLA,2024-10-01,608.7367,619.0974,595.866,596.3629,16603876
TSLA,2024-10-02,637.0099,673.2862,606.9574,649.9004,36130724
TSLA,2024-10-03,666.753,691.2559,635.8292,655.9927,24762412
TSLA,2024-10-04,699.3623,705.2886,669.9795,686.9688,9248002
TSLA,2024-10-07,700.1077,700.2988,673.3655,694.5647,19528609
TSLA,2024-10-08,703.068,704.8202,664.129,681.3219,27328193
TSLA,2024-10-09,685.3617,690.9319,640.5305,665.0278,8539796
TSLA,2024-10-10,682.59,699.3455,648.0065,663.8148,20804922
TSLA,2024-10-11,636.9142,656.1397,600.284,625.8412,6759206
TSLA,2024-10-14,646.2906,660.9563,636.5473,643.2542,10996694
TSLA,2024-10-15,649.7168,658.187,632.864,641.1761,17290509
TSLA,2024-10-16,675.8591,685.9129,607.0253,649.8721,16713709
TSLA,2024-10-17,588.1022,602.5166,575.0804,599.3785,28002903
TSLA,2024-10-18,546.5505,581.1087,539.3385,572.4659,12736253
TSLA,2024-10-21,567.5547,612.1903,545.1466,577.4467,8068264
TSLA,2024-10-22,570.2658,583.7904,540.4814,559.5787,5687255
TSLA,2024-10-23,597.5257,612.6165,591.7374,595.4168,49645533
TSLA,2024-10-24,580.3808,620.3751,550.0207,582.4941,23945962
TSLA,2024-10-25,573.8848,582.1389,542.671,576.5008,21718444
TSLA,2024-10-28,579.7799,606.9515,576.9349,605.3104,6649728
TSLA,2024-10-29,626.4316,637.7448,610.6239,615.2341,14289499
TSLA,2024-10-30,606.1836,609.9561,586.3672,588.1425,21626913
TSLA,2024-10-31,550.6105,556.1422,529.6841,546.6322,4230320
TSLA,2024-11-01,561.1905,571.759,513.4533,537.5878,44993609
TSLA,2024-11-04,569.7409,597.9234,542.9296,563.0349,5466599
TSLA,2024-11-05,556.3807,605.3546,555.4771,576.2901,11160762
TSLA,2024-11-06,560.6398,564.0633,540.8118,541.2589,12783910
TSLA,2024-11-07,555.9525,581.4764,549.8643,560.2598,8752929
TSLA,2024-11-08,563.3566,565.66,551.3667,552.6431,65519773
TSLA,2024-11-11,577.3945,578.262,561.2939,576.3361,33592537
TSLA,2024-11-12,575.3741,606.2766,551.8596,585.2606,105677778
TSLA,2024-11-13,605.4334,620.0233,554.3345,593.9006,5324537
TSLA,2024-11-14,601.5904,632.4828,579.4012,603.1572,14639068
TSLA,2024-11-15,643.4286,648.7245,604.5559,645.3667,3989627
TSLA,2024-11-18,668.4165,734.5401,657.2761,694.6162,4657497
TSLA,2024-11-19,734.0528,759.6168,705.9463,723.3243,33463007
TSLA,2024-11-20,709.3049,741.9462,697.3862,739.3041,53205995
TSLA,2024-11-21,726.6155,748.228,678.4556,707.1091,13803955
TSLA,2024-11-22,707.567,711.1914,702.5879,702.8071,19475365
TSLA,2024-11-25,728.505,756.3542,707.2604,720.222,14676322
TSLA,2024-11-26,652.8472,711.4395,644.8586,687.8261,26846566
TSLA,2024-11-27,677.6691,707.8568,625.8877,668.4563,21048264
TSLA,2024-11-28,659.2878,699.7301,656.8278,672.932,27683265
TSLA,2024-11-29,689.3867,706.9753,656.8304,675.367,37490084
TSLA,2024-12-02,673.6304,682.0903,651.4261,657.9995,22875560
TSLA,2024-12-03,698.9153,711.0289,658.6202,701.7879,7432246
TSLA,2024-12-04,742.9327,753.2929,656.1553,704.6519,12719006
TSLA,2024-12-05,757.6657,760.8195,722.8886,735.8747,12818782
TSLA,2024-12-06,712.175,723.1582,663.8717,691.0968,35196649
TSLA,2024-12-09,689.7987,724.3871,685.1459,711.9891,10713808
TSLA,2024-12-10,713.7699,752.9966,701.0131,710.8687,4323952
TSLA,2024-12-11,722.1266,726.6134,702.2844,715.7396,12685406
TSLA,2024-12-12,707.7787,744.6808,687.6565,713.1023,22594978
TSLA,2024-12-13,702.0663,713.2088,684.4975,685.2181,11175650
TSLA,2024-12-16,655.2457,670.7928,632.1278,662.6299,32280569
TSLA,2024-12-17,682.795,704.3569,675.9863,683.7198,2347418
TSLA,2024-12-18,679.9502,682.2145,658.1835,674.0862,13517730
TSLA,2024-12-19,720.4984,720.5358,651.9894,685.4122,21394634
TSLA,2024-12-20,729.4768,742.4042,691.0235,718.9738,11456405
TSLA,2024-12-23,767.5043,781.8869,685.8753,733.0281,12689124
TSLA,2024-12-24,732.0093,758.0374,729.7255,753.4466,30026820
TSLA,2024-12-25,806.8622,811.1654,761.0263,780.6547,12733390
TSLA,2024-12-26,809.0193,840.5339,782.7269,798.5674,26386848
TSLA,2024-12-27,809.4077,820.8365,749.8771,805.3465,4550124
TSLA,2024-12-30,768.2157,805.0803,759.7766,801.0161,26433680
TSLA,2024-12-31,826.4636,850.0874,779.9912,804.0137,50548844
TSLA,2025-01-01,787.7979,807.0834,773.5696,776.2557,21825297
TSLA,2025-01-02,733.111,746.8366,709.2579,733.7689,3078608
TSLA,2025-01-03,702.6276,738.8743,700.2517,733.9112,4143289
TSLA,2025-01-06,757.4909,765.4461,713.727,752.3953,14732866
TSLA,2025-01-07,741.4443,758.9754,725.9741,754.5348,16761096
TSLA,2025-01-08,732.7055,736.4818,708.199,719.2478,17358808
TSLA,2025-01-09,712.0531,725.352,708.1705,718.7158,7634925
TSLA,2025-01-10,689.7211,714.9703,665.2143,708.6774,11010285
TSLA,2025-01-13,703.0077,715.8164,676.4713,693.8822,17079285
TSLA,2025-01-14,800.3405,808.0934,744.9263,772.8361,31763784
TSLA,2025-01-15,782.8818,827.3109,749.0939,777.4485,20547040
TSLA,2025-01-16,826.4794,830.6036,806.7497,819.8324,19264383
TSLA,2025-01-17,800.4152,841.7711,782.882,811.2999,5608804
TSLA,2025-01-20,812.283,855.1682,775.4379,813.0235,12834315
TSLA,2025-01-21,824.1826,897.2898,800.2555,845.4755,7586389
TSLA,2025-01-22,779.534,836.5225,776.1548,818.8714,4359429
TSLA,2025-01-23,804.3242,825.9406,773.2507,786.5738,33684418
TSLA,2025-01-24,800.6238,800.9666,763.7895,766.6886,13289280
TSLA,2025-01-27,783.042,792.1973,764.8547,787.7641,11082909
TSLA,2025-01-28,750.4735,780.9691,726.0116,765.5944,6273462
TSLA,2025-01-29,709.253,732.3424,678.7076,728.8953,20777718
TSLA,2025-01-30,745.294,753.8885,686.1571,732.8514,8523157
TSLA,2025-01-31,733.2983,785.5226,707.8044,748.261,8723803
TSLA,2025-02-03,776.9073,801.7899,745.2031,751.1769,9621591
TSLA,2025-02-04,775.7177,800.4315,733.5716,750.8551,8949152
TSLA,2025-02-05,758.7486,780.3234,742.9631,768.9336,20562373
TSLA,2025-02-06,793.2967,802.4384,724.0759,754.5811,19944242
TSLA,2025-02-07,726.1379,756.4191,696.6381,728.0309,43446588
TSLA,2025-02-10,694.8033,741.3305,686.3532,717.5299,15783053
TSLA,2025-02-11,694.8945,728.5191,690.1644,726.305,10605343
TSLA,2025-02-12,719.095,741.832,703.4379,728.9256,10309854
TSLA,2025-02-13,723.5431,730.3956,717.0002,721.2889,16828617
TSLA,2025-02-14,734.4794,753.7103,673.1948,710.9936,12033318
TSLA,2025-02-17,680.6447,693.141,655.1939,688.4584,10637120
TSLA,2025-02-18,687.7369,700.6425,665.6526,700.2581,4816380
TSLA,2025-02-19,701.4352,720.2296,665.1207,677.9405,39149181
TSLA,2025-02-20,653.4292,672.3378,604.6386,643.7398,16548829
TSLA,2025-02-21,623.4719,640.11,596.4224,624.9713,9575096
TSLA,2025-02-24,592.4566,632.6421,587.2364,630.681,9004554
TSLA,2025-02-25,668.9164,681.5082,645.2693,648.1412,27499196
TSLA,2025-02-26,659.2979,694.1795,648.76,659.5,9226396
TSLA,2025-02-27,636.463,659.406,618.121,639.5738,20181937
TSLA,2025-02-28,666.7056,675.6493,622.1019,639.2898,52713770
TSLA,2025-03-03,610.1883,631.2663,608.6116,617.4605,56643549
TSLA,2025-03-04,604.0904,626.3848,604.0679,607.9499,43971786
TSLA,2025-03-05,644.5113,653.1146,588.2075,614.9576,12420578
TSLA,2025-03-06,642.4229,656.712,622.9777,652.8514,19055971
TSLA,2025-03-07,725.0468,744.6307,677.5666,696.5367,20534784
TSLA,2025-03-10,657.5369,700.5862,649.8468,662.3747,29819489
TSLA,2025-03-11,695.2037,695.8498,685.7961,691.5323,3345572
TSLA,2025-03-12,697.6141,705.684,663.2851,687.1129,25667801
TSLA,2025-03-13,683.5288,705.4194,678.1507,694.9208,4085248
TSLA,2025-03-14,760.0037,767.6756,701.7788,738.3677,7582868
TSLA,2025-03-17,718.085,762.5742,706.4803,725.5736,31698590
TSLA,2025-03-18,718.8658,749.7549,717.0546,721.7366,5957147
TSLA,2025-03-19,695.161,702.5578,663.2776,691.8197,14720815
TSLA,2025-03-20,734.8284,737.3303,665.57,702.013,8613559
TSLA,2025-03-21,727.3298,740.1665,704.6068,735.672,24831760
TSLA,2025-03-24,729.6816,739.8571,695.4352,707.0235,7053547
TSLA,2025-03-25,694.5168,712.0318,654.0281,669.5115,38823244
TSLA,2025-03-26,645.2516,703.5779,641.2879,668.2887,42001841
TSLA,2025-03-27,691.8578,691.9255,633.6823,651.7888,9388410
TSLA,2025-03-28,645.8248,691.1018,639.7603,672.9135,19825093
TSLA,2025-03-31,689.8094,698.7909,682.5983,695.0717,14012352
TSLA,2025-04-01,674.4254,701.2484,625.0522,657.5053,19943303
TSLA,2025-04-02,704.6943,712.006,683.7869,688.0975,4838626
TSLA,2025-04-03,668.6254,691.7689,617.6322,657.4318,48870763
TSLA,2025-04-04,632.0693,655.3268,615.5284,626.2178,17312501
TSLA,2025-04-07,670.3225,677.3808,641.7666,649.1067,9960857
TSLA,2025-04-08,639.7739,651.1326,613.6485,633.8893,49371721
TSLA,2025-04-09,595.6425,650.1068,593.5538,624.4591,26173649
TSLA,2025-04-10,641.4092,661.9688,609.3888,636.0609,19184294
TSLA,2025-04-11,639.7896,640.7434,604.1219,628.0171,11830759
TSLA,2025-04-14,617.2762,659.3971,605.6104,630.6906,14074660
TSLA,2025-04-15,644.2097,669.7258,610.1186,627.1136,10276406
TSLA,2025-04-16,609.3828,611.3935,607.8376,610.5596,16404877
TSLA,2025-04-17,567.4562,588.8624,565.5036,585.788,11110161
TSLA,2025-04-18,602.898,607.0795,593.1234,604.2574,33350625
TSLA,2025-04-21,609.8535,624.0924,566.4712,599.5623,11645788
TSLA,2025-04-22,586.0521,605.6868,556.5959,569.8637,17907398
TSLA,2025-04-23,592.6792,601.7341,581.7544,587.028,40510358
TSLA,2025-04-24,537.7993,592.9524,524.4427,559.2521,9702118
TSLA,2025-04-25,556.9141,567.2373,531.2055,561.4851,9360206
TSLA,2025-04-28,539.053,559.7308,514.4673,550.742,10246935
TSLA,2025-04-29,506.1745,530.6007,500.2995,526.809,22143058
TSLA,2025-04-30,522.0388,549.9904,516.8469,534.7988,5272696
TSLA,2025-05-01,519.6109,545.716,509.6104,519.183,13083970
TSLA,2025-05-02,497.8839,540.5566,484.0073,516.0801,17223224
TSLA,2025-05-05,506.8421,522.4755,498.2968,518.0635,2396276
TSLA,2025-05-06,496.7505,510.9637,490.1814,509.2305,5981401
TSLA,2025-05-07,525.157,540.1896,480.7313,507.0908,3349018
TSLA,2025-05-08,486.1176,502.9282,484.0638,502.5111,20376506
TSLA,2025-05-09,480.1851,509.4406,452.4699,479.8587,9478986
TSLA,2025-05-12,437.5314,446.1485,425.2195,438.4426,16304315
TSLA,2025-05-13,403.7832,433.8178,385.6138,412.9335,23714931
TSLA,2025-05-14,410.2185,433.8468,402.6651,425.1364,4280778
TSLA,2025-05-15,431.5109,440.6032,419.2561,427.4459,28447692
TSLA,2025-05-16,416.2598,451.7202,410.1051,437.1935,13438502
TSLA,2025-05-19,439.5388,459.9275,418.9865,446.6077,2461075
TSLA,2025-05-20,437.2622,442.0255,435.315,442.0097,11881465
TSLA,2025-05-21,394.5726,428.7493,392.7633,421.5956,10336405
TSLA,2025-05-22,430.5829,437.2168,419.1212,428.61,13393672
TSLA,2025-05-23,436.5761,440.7697,409.8667,428.3996,22367807
TSLA,2025-05-26,434.5578,435.8252,410.7413,418.563,7602943
TSLA,2025-05-27,419.129,435.4337,397.3262,408.003,15380526
TSLA,2025-05-28,394.1178,424.5641,390.991,408.1438,2247448
TSLA,2025-05-29,408.6526,428.5869,397.2022,408.2015,5831751
TSLA,2025-05-30,401.8535,407.4005,378.7727,393.0433,6875608
TSLA,2025-06-02,387.4855,392.7484,351.6024,375.0757,14071502
TSLA,2025-06-03,359.3518,386.0794,350.2915,365.8063,17462907
TSLA,2025-06-04,342.459,381.44,339.7705,363.2473,109227635
TSLA,2025-06-05,337.4572,349.1415,333.5422,341.5645,27003156
TSLA,2025-06-06,330.4946,342.2787,328.5507,332.1832,16094737
TSLA,2025-06-09,324.994,328.3781,310.1032,318.5686,13993624
TSLA,2025-06-10,319.6417,325.8224,311.6859,323.9953,2564539
TSLA,2025-06-11,311.0852,324.7961,295.1275,314.0717,13439697
TSLA,2025-06-12,317.5471,323.7959,306.4741,319.6452,13669963
TSLA,2025-06-13,323.4058,336.632,316.2627,323.4274,15401210
TSLA,2025-06-16,321.7429,336.9095,321.2348,329.5544,21380333
TSLA,2025-06-17,324.254,334.0456,322.0328,328.9373,10899245
TSLA,2025-06-18,325.8375,326.34,300.3388,310.435,34625495
TSLA,2025-06-19,324.6737,333.711,293.585,313.3498,25175313
TSLA,2025-06-20,299.571,318.4894,294.9956,314.0891,7118005
TSLA,2025-06-23,315.4121,320.8211,290.5765,310.6541,5009897
TSLA,2025-06-24,305.2045,318.0467,292.1672,309.5536,12715489
TSLA,2025-06-25,313.0487,317.4508,308.8177,308.8197,9806330
TSLA,2025-06-26,303.7285,306.9828,283.8099,294.0856,15859285
TSLA,2025-06-27,311.7365,313.8137,299.7846,303.7915,39397760
TSLA,2025-06-30,308.131,320.2493,291.3242,300.8224,16408259
NVDA,2022-01-03,253.0015,269.2014,241.6546,255.2504,4475925
NVDA,2022-01-04,244.8879,260.4905,237.3445,245.115,8945620
NVDA,2022-01-05,253.255,258.4076,243.9912,244.8433,16241126
NVDA,2022-01-06,240.0088,244.615,233.0821,243.9026,31001734
NVDA,2022-01-07,258.4273,265.4343,234.5133,250.1044,36606310
NVDA,2022-01-10,261.377,268.5024,243.8752,253.6567,15497288
NVDA,2022-01-11,247.2119,257.9721,245.1876,252.3185,9625794
NVDA,2022-01-12,247.1781,256.4657,246.3879,251.2031,25934500
NVDA,2022-01-13,240.8022,247.097,239.1959,246.0479,31252260
NVDA,2022-01-14,226.0975,244.7397,222.4247,234.0491,9495900
NVDA,2022-01-17,234.6719,237.7551,223.3122,236.4064,7567355
NVDA,2022-01-18,237.9372,242.0408,233.8203,241.519,7080374
NVDA,2022-01-19,250.0384,253.6709,245.5875,248.7287,15128570
NVDA,2022-01-20,252.0975,260.5592,244.3732,254.2819,14759033
NVDA,2022-01-21,255.6262,259.2143,243.6528,249.4827,18155600
NVDA,2022-01-24,251.3875,254.044,236.088,248.5759,1698307
NVDA,2022-01-25,238.1147,244.9367,230.2743,242.1653,22969409
NVDA,2022-01-26,243.4054,246.8549,226.806,238.548,36690809
NVDA,2022-01-27,245.8568,253.1133,239.9245,245.0747,63212724
NVDA,2022-01-28,254.7664,255.0464,247.9762,252.5709,7199015
NVDA,2022-01-31,246.4412,250.2882,245.2175,246.8256,10775623
NVDA,2022-02-01,255.762,255.9164,252.2918,252.8547,7947053
NVDA,2022-02-02,254.9366,255.7631,245.2576,249.3543,21895636
NVDA,2022-02-03,264.8515,266.6068,241.9307,254.1454,67127027
NVDA,2022-02-04,253.6813,258.7328,243.5764,250.2862,18258371
NVDA,2022-02-07,250.5666,266.1883,242.1588,258.3639,18435303
NVDA,2022-02-08,245.8448,261.6194,238.1751,250.0421,44182278
NVDA,2022-02-09,256.8748,265.768,238.8932,250.8592,15197418
NVDA,2022-02-10,226.1244,237.7504,221.2908,235.8069,27043832
NVDA,2022-02-11,245.4533,253.2691,232.9763,241.0735,44085937
NVDA,2022-02-14,243.5698,248.0628,224.9121,238.6202,14591763
NVDA,2022-02-15,236.7381,239.7911,227.275,234.7251,13498870
NVDA,2022-02-16,237.2352,237.956,236.9434,237.2615,4871358
NVDA,2022-02-17,247.9213,249.1271,246.8651,247.7902,37250639
NVDA,2022-02-18,263.4611,270.5769,259.1188,261.0418,9631258
NVDA,2022-02-21,246.2,269.7365,243.9857,257.3118,13825758
NVDA,2022-02-22,259.602,265.4763,248.7925,250.2005,6281734
NVDA,2022-02-23,251.8322,267.6423,251.1375,256.9036,15666748
NVDA,2022-02-24,267.7693,271.2453,261.5703,262.1304,8893139
NVDA,2022-02-25,264.9947,266.5528,252.1478,258.7682,11758126
NVDA,2022-02-28,264.7771,268.0563,252.4682,257.4994,12564261
NVDA,2022-03-01,259.7556,263.0194,240.922,252.6868,8847219
NVDA,2022-03-02,245.7503,248.1192,236.9183,247.4844,6803631
NVDA,2022-03-03,244.4085,246.1483,232.6797,240.0475,27696439
NVDA,2022-03-04,236.0721,245.7668,226.96,238.117,28588612
NVDA,2022-03-07,234.5916,238.3699,221.7406,233.2352,13458974
NVDA,2022-03-08,243.3887,245.1541,231.3652,241.1941,6200636
NVDA,2022-03-09,231.4799,236.7846,220.6515,230.8659,5507942
NVDA,2022-03-10,231.3806,233.731,227.9744,233.2188,15410657
NVDA,2022-03-11,244.7895,246.6511,227.6171,242.4777,10604481
NVDA,2022-03-14,235.9119,242.4194,224.7376,230.8021,9634571
NVDA,2022-03-15,225.4761,233.1295,224.5351,232.9792,10696567
NVDA,2022-03-16,219.337,231.7918,218.3487,224.687,21739289
NVDA,2022-03-17,234.9258,240.3762,231.3223,233.0208,2517721
NVDA,2022-03-18,222.9244,233.8798,222.7257,225.8973,25356060
NVDA,2022-03-21,231.5749,237.4191,230.2865,231.8725,6699547
NVDA,2022-03-22,239.0656,239.8215,229.3978,234.2002,17056610
NVDA,2022-03-23,236.6499,237.725,229.6973,231.325,19880870
NVDA,2022-03-24,230.4654,238.7577,223.6139,232.2989,21322476
NVDA,2022-03-25,240.6168,251.4841,225.3605,239.6107,60529066
NVDA,2022-03-28,249.5615,262.4153,237.2964,252.2629,7877794
NVDA,2022-03-29,248.2178,255.8086,235.9948,246.0311,31605402
NVDA,2022-03-30,240.0308,241.6691,234.8868,238.1949,19187347
NVDA,2022-03-31,228.9706,245.3928,225.5475,239.0045,10308464
NVDA,2022-04-01,242.9875,256.9508,238.2714,252.7309,8279979
NVDA,2022-04-04,259.6665,260.8238,255.8766,260.219,22629776
NVDA,2022-04-05,255.7857,259.2202,249.1307,254.6653,27195243
NVDA,2022-04-06,260.6614,269.1971,248.0654,254.7095,9395441
NVDA,2022-04-07,250.1936,255.3781,243.2263,253.9971,6846216
NVDA,2022-04-08,268.5422,281.5055,252.1963,265.8943,5306489
NVDA,2022-04-11,273.4401,279.85,263.7066,265.9691,37872087
NVDA,2022-04-12,278.4177,279.6473,261.8515,272.0345,3800730
NVDA,2022-04-13,268.227,274.7032,263.5967,271.7313,7350053
NVDA,2022-04-14,273.0706,280.5364,267.286,269.3401,6039449
NVDA,2022-04-15,279.0932,280.0316,276.967,279.9716,3607972
NVDA,2022-04-18,279.6472,285.204,276.1629,282.4476,23797527
NVDA,2022-04-19,289.8376,294.7641,265.5924,278.2085,12534823
NVDA,2022-04-20,273.1265,282.5099,268.1911,280.3398,26523156
NVDA,2022-04-21,290.4907,293.4865,270.3111,287.1275,6103657
NVDA,2022-04-22,278.7317,292.0267,270.9972,276.9155,5419256
NVDA,2022-04-25,280.8329,286.9726,269.5684,285.8605,8506608
NVDA,2022-04-26,278.2647,281.0493,278.0492,280.815,13542248
NVDA,2022-04-27,272.9567,277.1243,264.9889,276.556,20635131
NVDA,2022-04-28,268.0484,281.3188,265.68,279.4647,38047606
NVDA,2022-04-29,257.9299,274.6554,255.5324,270.5003,17278719
NVDA,2022-05-02,259.9271,265.4061,251.1969,258.2645,22223517
NVDA,2022-05-03,282.0468,285.8729,261.2641,271.183,6921317
NVDA,2022-05-04,275.1195,280.0131,260.236,272.3552,5441603
NVDA,2022-05-05,272.6576,278.2143,263.9454,268.4863,11646290
NVDA,2022-05-06,268.7976,278.4782,259.3124,270.1565,8696224
NVDA,2022-05-09,290.1945,300.5242,279.6716,286.9618,13104738
NVDA,2022-05-10,278.5121,299.9329,267.9456,284.2362,5112191
NVDA,2022-05-11,280.7348,284.6196,268.2103,276.9581,23540441
NVDA,2022-05-12,279.6163,282.915,268.1201,280.732,15601489
NVDA,2022-05-13,287.3035,299.1946,282.1487,288.3527,7623247
NVDA,2022-05-16,296.6795,308.9123,295.2929,298.8588,8734989
NVDA,2022-05-17,291.1219,305.9416,275.5677,288.8142,102960452
NVDA,2022-05-18,298.9346,306.6722,296.3618,296.5735,24142723
NVDA,2022-05-19,294.6146,301.3522,287.8572,299.1056,18042351
NVDA,2022-05-20,318.1948,319.4911,290.6606,307.5827,4780930
NVDA,2022-05-23,309.8566,331.6766,302.9294,316.2398,20307918
NVDA,2022-05-24,300.1879,302.3406,291.0629,295.6457,17462434
NVDA,2022-05-25,302.3227,305.5908,291.0722,303.9736,6513356
NVDA,2022-05-26,306.6229,318.1439,300.3312,314.5113,15627711
NVDA,2022-05-27,309.7921,317.0315,296.1675,314.2375,18172576
NVDA,2022-05-30,324.9606,336.8506,306.7398,317.7942,7706932
NVDA,2022-05-31,330.3627,339.5491,319.123,332.4929,61281348
NVDA,2022-06-01,310.0344,344.3539,306.2508,325.9996,3199287
NVDA,2022-06-02,320.454,329.3313,319.8363,328.4393,8214842
NVDA,2022-06-03,326.4901,332.8685,316.3635,326.2291,14102733
NVDA,2022-06-06,306.1755,307.3188,304.3483,306.9772,6001447
NVDA,2022-06-07,305.6085,323.9238,295.5799,304.7488,14184626
NVDA,2022-06-08,294.9495,319.7623,293.6541,311.9863,7872996
NVDA,2022-06-09,303.6484,304.2945,295.0655,302.5233,12315863
NVDA,2022-06-10,295.0538,305.7918,291.9178,300.2888,9581248
NVDA,2022-06-13,315.2935,316.961,295.1555,303.833,14303261
NVDA,2022-06-14,307.899,308.3173,304.3837,304.5758,5120315
NVDA,2022-06-15,316.3857,323.9611,301.3506,317.1428,63336381
NVDA,2022-06-16,335.0879,335.432,312.5693,325.5398,52667668
NVDA,2022-06-17,341.8663,348.0521,330.2115,337.1429,10160404
NVDA,2022-06-20,315.007,343.0605,313.1172,325.759,6013139
NVDA,2022-06-21,324.5938,332.2708,322.9753,329.8356,24197295
NVDA,2022-06-22,313.1674,318.0492,303.2279,314.622,6265916
NVDA,2022-06-23,325.0464,328.0959,320.6096,322.8904,49736999
NVDA,2022-06-24,319.8764,342.136,310.529,328.0043,9050510
NVDA,2022-06-27,331.5222,334.6,327.9525,329.7246,6854455
NVDA,2022-06-28,321.9935,338.0684,321.0141,332.4503,7015831
NVDA,2022-06-29,332.4851,353.0279,324.9026,340.7086,3654285
NVDA,2022-06-30,323.2715,352.1187,314.0526,331.5073,20811817
NVDA,2022-07-01,329.9815,350.9563,329.6173,337.3855,7789382
NVDA,2022-07-04,332.5577,347.8438,331.9424,342.578,7794004
NVDA,2022-07-05,357.8014,362.4115,351.4073,352.1026,7512458
NVDA,2022-07-06,367.055,369.4314,349.8219,351.9277,9880979
NVDA,2022-07-07,341.7116,379.8644,341.6212,357.536,3943475
NVDA,2022-07-08,363.6883,379.2444,352.395,360.9154,25401393
NVDA,2022-07-11,352.6411,360.5653,352.3876,359.4612,15772898
NVDA,2022-07-12,366.1292,396.3052,351.4755,373.0633,6674900
NVDA,2022-07-13,406.1127,406.3564,397.7299,402.1415,15935276
NVDA,2022-07-14,411.5834,420.453,408.1966,418.4165,20747564
NVDA,2022-07-15,425.437,444.6154,413.7254,419.8375,6550083
NVDA,2022-07-18,408.1067,437.6181,407.8747,412.8236,77834152
NVDA,2022-07-19,381.0947,397.1076,374.391,394.1017,17700354
NVDA,2022-07-20,368.7508,376.325,357.2115,375.233,19480685
NVDA,2022-07-21,373.5658,381.3275,354.5859,368.4666,8246806
NVDA,2022-07-22,394.6228,411.537,381.2804,391.4667,15459541
NVDA,2022-07-25,391.1413,402.302,387.8857,398.3548,5057701
NVDA,2022-07-26,393.2876,414.3945,388.5877,394.5183,12026800
NVDA,2022-07-27,406.3176,409.9765,391.0883,409.2513,30641233
NVDA,2022-07-28,407.5689,442.8939,405.5397,432.6364,11532265
NVDA,2022-07-29,408.0181,414.8955,406.6333,414.3291,28815099
NVDA,2022-08-01,429.6687,436.2016,416.7415,424.4295,69370022
NVDA,2022-08-02,406.777,416.1296,405.1115,413.9016,10133866
NVDA,2022-08-03,419.3451,424.5899,392.6224,408.5302,3093675
NVDA,2022-08-04,394.7524,411.2598,392.4582,402.4407,4730987
NVDA,2022-08-05,381.8316,386.3383,357.4573,374.0242,10603953
NVDA,2022-08-08,347.2456,356.5069,335.7491,353.9352,11768832
NVDA,2022-08-09,337.5775,356.8143,335.1188,354.4499,36445190
NVDA,2022-08-10,364.173,367.0243,357.4651,361.0407,17784501
NVDA,2022-08-11,323.7381,345.1192,306.9658,326.8591,14474847
NVDA,2022-08-12,344.1662,345.7153,339.7325,341.3312,25106074
NVDA,2022-08-15,364.4838,365.9633,346.9814,359.9835,5317251
NVDA,2022-08-16,344.1802,362.9295,335.4589,355.7323,6993563
NVDA,2022-08-17,370.4486,383.2695,366.0795,366.1928,18732748
NVDA,2022-08-18,374.3192,399.0015,357.6357,379.9713,7111844
NVDA,2022-08-19,399.4614,401.2644,386.6255,391.716,8939379
NVDA,2022-08-22,414.4067,418.0079,392.8095,406.4369,31984310
NVDA,2022-08-23,400.609,419.9008,396.8704,399.0789,6350014
NVDA,2022-08-24,442.5629,443.6016,420.5102,430.842,6637166
NVDA,2022-08-25,430.468,431.2455,427.7963,429.5232,15542910
NVDA,2022-08-26,418.8655,425.6134,394.7805,417.2757,5096960
NVDA,2022-08-29,435.5813,437.0974,399.8775,414.3091,4240776
NVDA,2022-08-30,415.5696,429.0253,410.5616,417.9375,11368295
NVDA,2022-08-31,391.5246,431.5225,388.5271,414.2777,7806268
NVDA,2022-09-01,434.9172,447.5306,410.5544,434.581,45819867
NVDA,2022-09-02,432.7333,467.7127,427.6479,442.3661,12513954
NVDA,2022-09-05,431.5024,459.7495,419.7478,447.75,13460019
NVDA,2022-09-06,443.2497,459.0241,432.7189,447.1176,3519755
NVDA,2022-09-07,433.6691,478.6158,428.797,451.8213,61316091
NVDA,2022-09-08,434.4671,453.268,420.7084,446.5709,5114067
NVDA,2022-09-09,444.464,466.1256,436.9666,445.0013,19109375
NVDA,2022-09-12,458.6158,460.6676,445.3331,457.8254,79218834
NVDA,2022-09-13,447.6139,459.6979,425.6032,447.5701,10461616
NVDA,2022-09-14,471.4336,471.4561,433.2623,446.6497,20779487
NVDA,2022-09-15,431.8527,446.3345,421.1359,428.989,3204113
NVDA,2022-09-16,438.8914,440.054,418.3322,437.1573,9874940
NVDA,2022-09-19,406.0162,413.8801,400.1263,412.6969,9651634
NVDA,2022-09-20,416.8967,436.5833,414.4268,424.4738,4671541
NVDA,2022-09-21,446.4663,456.8487,422.7521,430.1851,5783574
NVDA,2022-09-22,416.1237,426.4094,411.579,419.0624,60627373
NVDA,2022-09-23,418.5226,428.102,400.3845,409.9689,14742835
NVDA,2022-09-26,393.4832,406.758,381.3363,400.486,5964210
NVDA,2022-09-27,431.0958,432.2726,408.1741,412.2313,23414483
NVDA,2022-09-28,428.596,436.6231,397.0769,415.4595,11150627
NVDA,2022-09-29,404.1172,411.8648,397.142,411.7585,25512232
NVDA,2022-09-30,431.798,445.5196,414.5447,431.4323,28304144
NVDA,2022-10-03,414.63,428.937,411.7172,428.4553,8060884
NVDA,2022-10-04,458.2002,469.7263,440.9856,451.0528,17381475
NVDA,2022-10-05,431.7277,447.3313,419.1195,433.614,16358940
NVDA,2022-10-06,436.3104,443.4942,415.7564,442.112,28403531
NVDA,2022-10-07,431.6369,432.0396,425.3388,427.411,7247763
NVDA,2022-10-10,459.5666,467.3318,442.2828,443.2667,26835914
NVDA,2022-10-11,425.0611,461.8689,417.1177,438.9408,2707667
NVDA,2022-10-12,443.1138,443.6709,419.3694,420.0555,15983834
NVDA,2022-10-13,432.1848,444.5833,429.0583,443.0782,14277362
NVDA,2022-10-14,461.55,462.9448,440.9623,444.2576,9295825
NVDA,2022-10-17,452.0397,456.4558,419.4224,441.0522,21452364
NVDA,2022-10-18,447.4786,455.6704,439.3401,450.4106,101206017
NVDA,2022-10-19,451.8733,455.6426,430.2918,436.1769,50025451
NVDA,2022-10-20,463.6712,468.3806,459.6515,464.7711,8098674
NVDA,2022-10-21,487.8481,497.3943,485.8306,494.5305,58260341
NVDA,2022-10-24,482.0879,489.2188,475.1845,484.8217,6815353
NVDA,2022-10-25,472.0689,481.4308,452.5152,476.0361,3219171
NVDA,2022-10-26,478.4081,491.6939,467.9995,473.522,22436568
NVDA,2022-10-27,466.3072,478.726,455.9248,475.374,36544026
NVDA,2022-10-28,464.2652,465.0565,459.4273,460.891,6948570
NVDA,2022-10-31,442.6528,471.4967,428.4456,452.5917,36351195
NVDA,2022-11-01,502.4854,508.2506,483.6041,483.6707,8789920
NVDA,2022-11-02,471.831,491.0592,453.0309,469.2106,36823471
NVDA,2022-11-03,480.4792,483.8541,468.2512,477.1294,4461733
NVDA,2022-11-04,464.5558,471.4836,457.0334,461.3627,15615800
NVDA,2022-11-07,431.4625,470.7938,425.7067,451.4276,8045512
NVDA,2022-11-08,453.304,461.3123,439.2726,458.3192,23573802
NVDA,2022-11-09,448.9696,462.6633,445.8049,459.5684,25250410
NVDA,2022-11-10,486.1928,486.5336,473.2507,481.135,9788928
NVDA,2022-11-11,493.2053,501.8131,469.7303,478.4204,38280641
NVDA,2022-11-14,490.1514,512.6372,483.5049,487.3765,20456471
NVDA,2022-11-15,499.2773,504.8767,482.2427,489.936,17588497
NVDA,2022-11-16,518.5237,529.6735,483.8097,514.3003,5187939
NVDA,2022-11-17,496.8118,531.2148,485.4325,512.3418,7502980
NVDA,2022-11-18,543.2561,544.96,503.6128,533.0969,15765487
NVDA,2022-11-21,512.066,544.5343,507.9871,540.3173,42539603
NVDA,2022-11-22,540.3531,558.8374,539.2962,552.3721,4396628
NVDA,2022-11-23,611.1401,636.4203,596.141,613.3888,16318366
NVDA,2022-11-24,598.2415,626.0322,587.965,608.8072,11733395
NVDA,2022-11-25,580.8719,618.6193,580.754,589.9086,8086217
NVDA,2022-11-28,589.3848,600.3387,544.4659,576.7233,18286622
NVDA,2022-11-29,583.5098,598.124,553.6847,569.6677,13291468
NVDA,2022-11-30,549.0085,565.2504,541.7595,554.5538,10181624
NVDA,2022-12-01,567.1281,570.0415,536.2542,536.7788,20644290
NVDA,2022-12-02,575.9435,583.345,532.6301,550.6247,10359249
NVDA,2022-12-05,570.4331,574.3953,566.2898,570.7596,8853411
NVDA,2022-12-06,553.1146,575.2451,529.3812,555.4867,4114989
NVDA,2022-12-07,521.4129,547.1627,511.3826,542.5053,53917791
NVDA,2022-12-08,496.6251,522.8984,468.6768,498.8952,18922716
NVDA,2022-12-09,497.6076,500.7931,486.9343,498.5898,8362987
NVDA,2022-12-12,544.2157,553.0746,518.5362,526.3229,39004180
NVDA,2022-12-13,519.488,537.755,501.6957,524.1847,15368262
NVDA,2022-12-14,494.2306,522.9986,485.495,510.0944,5780406
NVDA,2022-12-15,521.3138,536.5659,519.7444,534.2408,33540471
NVDA,2022-12-16,544.6267,582.2963,543.6385,570.3539,51274416
NVDA,2022-12-19,572.1381,575.588,564.6296,571.4808,25202392
NVDA,2022-12-20,573.1532,577.6032,557.9165,574.8087,36954785
NVDA,2022-12-21,582.1598,604.5976,579.7352,580.7405,40521118
NVDA,2022-12-22,573.7078,573.7432,571.3866,571.9114,13204179
NVDA,2022-12-23,555.276,583.1401,537.3747,566.1353,19881652
NVDA,2022-12-26,584.3589,601.2693,571.5184,576.1268,6783244
NVDA,2022-12-27,576.6758,579.6101,542.4751,574.2766,36224256
NVDA,2022-12-28,599.3703,605.2391,587.949,592.9694,20028592
NVDA,2022-12-29,630.0096,632.4265,592.1109,623.8265,17741803
NVDA,2022-12-30,603.0304,618.5587,600.0967,617.616,11025577
NVDA,2023-01-02,660.9272,669.2715,624.72,644.0601,6741638
NVDA,2023-01-03,647.4168,658.7547,620.7442,649.1791,14183031
NVDA,2023-01-04,707.3499,713.5627,682.1487,709.1528,17116058
NVDA,2023-01-05,751.8226,772.7825,689.7864,733.0817,12369791
NVDA,2023-01-06,773.3001,773.5017,709.2273,729.7624,34022581
NVDA,2023-01-09,697.9582,725.0201,688.2742,721.4098,5720447
NVDA,2023-01-10,742.0293,742.7468,725.7656,728.3134,14574915
NVDA,2023-01-11,745.9271,763.7374,706.1907,723.0387,18954813
NVDA,2023-01-12,746.7846,756.3028,711.6031,712.0346,33204453
NVDA,2023-01-13,751.7451,778.8974,710.7751,748.4407,21597590
NVDA,2023-01-16,743.8286,777.9191,733.9837,735.0967,10420300
NVDA,2023-01-17,744.4595,748.543,732.9735,734.5129,45050854
NVDA,2023-01-18,727.641,735.0529,687.8721,713.5336,12098011
NVDA,2023-01-19,712.8547,737.8085,704.206,718.2008,7856652
NVDA,2023-01-20,733.4951,763.3384,721.1339,722.8373,14365951
NVDA,2023-01-23,683.2838,697.8519,666.9595,686.9504,33080332
NVDA,2023-01-24,684.3678,719.8962,677.0705,696.4046,51609684
NVDA,2023-01-25,666.6223,721.0841,657.6111,682.592,21034866
NVDA,2023-01-26,663.5365,692.4884,660.9106,678.962,33419387
NVDA,2023-01-27,670.4823,702.208,667.7565,681.9941,18119195
NVDA,2023-01-30,716.2962,722.5731,688.7486,693.4123,14217425
NVDA,2023-01-31,655.6431,690.5141,651.0002,674.6673,38477612
NVDA,2023-02-01,661.2286,662.2514,645.1813,649.6358,9452304
NVDA,2023-02-02,601.2954,648.1367,585.1168,615.1846,25887287
NVDA,2023-02-03,607.5649,614.4803,566.2034,596.408,5986114
NVDA,2023-02-06,648.4421,659.5877,592.7867,625.0152,11805079
NVDA,2023-02-07,660.1995,668.5717,621.2739,630.3553,16783331
NVDA,2023-02-08,615.385,646.2266,609.4157,628.0832,9939535
NVDA,2023-02-09,619.8528,638.3547,612.2027,622.1567,30305898
NVDA,2023-02-10,597.3335,622.2482,571.9078,608.2447,25961754
NVDA,2023-02-13,635.5975,645.6407,615.7257,619.001,10966434
NVDA,2023-02-14,644.0941,653.3482,589.0047,623.0243,37668646
NVDA,2023-02-15,651.0252,660.219,624.04,634.9131,3159794
NVDA,2023-02-16,640.6688,658.016,598.1482,621.469,4244571
NVDA,2023-02-17,594.0375,654.7984,587.8577,626.4999,6150488
NVDA,2023-02-20,665.4101,668.1234,633.8532,655.7582,3701099
NVDA,2023-02-21,643.9275,660.9783,633.2765,660.7716,14539431
NVDA,2023-02-22,694.3714,697.7425,669.1812,686.7086,4039657
NVDA,2023-02-23,714.8007,723.7492,666.7521,691.1488,9389589
NVDA,2023-02-24,656.1549,691.6308,644.7109,664.6657,14357569
NVDA,2023-02-27,637.7475,674.6348,625.1453,642.054,29106411
NVDA,2023-02-28,605.7103,619.9265,601.0161,602.7356,6595201
NVDA,2023-03-01,606.4204,636.3602,581.4672,614.5679,8177111
NVDA,2023-03-02,585.7446,603.9604,571.7076,582.9674,30000784
NVDA,2023-03-03,580.509,599.1952,538.5115,565.3481,18273083
NVDA,2023-03-06,568.4457,580.866,560.8155,574.0056,17874600
NVDA,2023-03-07,557.5041,598.2251,552.3048,574.4217,30477058
NVDA,2023-03-08,555.483,583.1687,524.1439,553.6802,22225442
NVDA,2023-03-09,518.2569,551.934,517.3523,536.8016,42095387
NVDA,2023-03-10,541.0611,544.4407,513.4223,520.3902,33390866
NVDA,2023-03-13,516.1883,531.835,485.6014,500.903,7673144
NVDA,2023-03-14,529.0409,534.5294,503.1877,518.9215,4854471
NVDA,2023-03-15,520.4938,549.4191,495.041,522.9039,16772094
NVDA,2023-03-16,500.4916,543.7793,499.6859,531.5511,12056980
NVDA,2023-03-17,526.0783,555.9316,524.9705,546.2249,21698731
NVDA,2023-03-20,558.4964,580.6357,539.7664,558.7095,5531761
NVDA,2023-03-21,555.2463,586.4421,544.3801,551.9061,29154738
NVDA,2023-03-22,598.7886,607.7597,574.215,587.4231,5211106
NVDA,2023-03-23,584.6435,595.7224,550.8983,581.4243,4738337
NVDA,2023-03-24,565.0293,582.9243,561.001,570.7622,20158111
NVDA,2023-03-27,545.6642,559.3713,538.5569,558.4431,1616275
NVDA,2023-03-28,566.8999,575.5344,543.1068,559.6926,16355217
NVDA,2023-03-29,584.1791,602.8136,572.3116,577.5107,33277212
NVDA,2023-03-30,581.9392,588.1762,566.1072,568.2619,34035684
NVDA,2023-03-31,584.9921,589.5499,551.119,556.645,10731462
NVDA,2023-04-03,582.0392,591.3128,575.222,590.4629,12464109
NVDA,2023-04-04,581.6159,611.1819,558.8362,587.6307,12886166
NVDA,2023-04-05,589.0136,605.259,564.6388,598.7534,9409909
NVDA,2023-04-06,612.2748,632.9666,611.0326,625.2255,1738761
NVDA,2023-04-07,584.3585,619.9702,574.0827,590.156,17378911
NVDA,2023-04-10,559.5297,583.3568,550.3464,559.3688,15208946
NVDA,2023-04-11,606.2478,627.5746,603.5661,606.0334,70911367
NVDA,2023-04-12,635.7908,639.6304,616.1677,617.0114,45431423
NVDA,2023-04-13,596.5623,629.2964,592.9612,606.1058,16035671
NVDA,2023-04-14,593.8672,616.0645,573.3479,593.1576,9255023
NVDA,2023-04-17,589.6729,598.8144,579.6142,581.3016,14174659
NVDA,2023-04-18,595.5045,620.2017,561.4663,592.2386,51945708
NVDA,2023-04-19,636.357,641.0681,613.1586,622.2406,65972698
NVDA,2023-04-20,581.7398,595.079,559.6478,588.5688,28236547
NVDA,2023-04-21,598.1642,616.5733,565.6197,590.6507,15250141
NVDA,2023-04-24,604.4158,617.8348,586.4553,613.2767,8003451
NVDA,2023-04-25,599.0705,602.7096,598.6346,601.2164,75145455
NVDA,2023-04-26,621.9154,637.0883,610.2504,613.9023,30678218
NVDA,2023-04-27,580.4615,640.7658,578.7566,603.606,26144540
NVDA,2023-04-28,584.3944,640.8383,580.8197,609.5953,25052700
NVDA,2023-05-01,593.7504,615.2269,554.5069,579.3219,63018335
NVDA,2023-05-02,577.7067,614.3663,569.1697,579.764,25627555
NVDA,2023-05-03,569.201,580.2766,536.6971,567.5052,4679122
NVDA,2023-05-04,603.0553,627.0892,595.3681,606.8327,14266460
NVDA,2023-05-05,596.4622,628.8366,580.9097,604.9133,8172747
NVDA,2023-05-08,618.4583,642.8646,598.606,605.4449,13106575
NVDA,2023-05-09,600.2029,616.6016,595.9912,613.536,4523644
NVDA,2023-05-10,603.7595,626.3813,591.4442,624.5486,18115605
NVDA,2023-05-11,655.8469,661.4577,625.9685,637.1228,30257435
NVDA,2023-05-12,625.7684,645.5074,608.5531,618.1352,5993371
NVDA,2023-05-15,598.8799,617.0154,572.8704,599.5893,27481435
NVDA,2023-05-16,592.6854,626.9433,580.1172,601.6993,38040466
NVDA,2023-05-17,569.0179,605.8161,539.8171,574.8534,6551509
NVDA,2023-05-18,569.7333,572.6574,536.4129,555.2436,14119492
NVDA,2023-05-19,578.7594,584.6445,543.5101,568.7682,20473366
NVDA,2023-05-22,565.6355,601.0257,549.4744,578.4192,28661094
NVDA,2023-05-23,572.1679,614.2439,568.7903,586.7568,8364772
NVDA,2023-05-24,581.9293,587.8389,567.8492,577.4477,14102524
NVDA,2023-05-25,627.8555,633.9246,606.8797,612.0714,15749451
NVDA,2023-05-26,615.2031,616.0659,604.4224,606.5709,58334003
NVDA,2023-05-29,596.5182,623.7685,578.6776,589.4876,21912084
NVDA,2023-05-30,589.7342,598.291,587.473,595.3303,7534652
NVDA,2023-05-31,606.9634,636.7114,575.8574,603.1879,16613276
NVDA,2023-06-01,590.8075,598.4735,557.5637,590.1004,27594688
NVDA,2023-06-02,588.1929,588.8517,537.7754,563.1703,17474499
NVDA,2023-06-05,544.4574,565.6376,527.0572,558.9282,8030446
NVDA,2023-06-06,552.6393,573.5649,547.8929,556.0622,16139778
NVDA,2023-06-07,589.1925,627.3073,558.5942,590.1945,45278117
NVDA,2023-06-08,582.2442,599.7143,548.4876,578.0284,17371596
NVDA,2023-06-09,611.3739,612.8113,587.102,612.5916,33728650
NVDA,2023-06-12,583.5157,598.2413,565.4007,595.3629,10516138
NVDA,2023-06-13,624.6976,628.2895,593.6001,622.0476,3494810
NVDA,2023-06-14,610.432,626.1429,602.5303,623.107,14665748
NVDA,2023-06-15,673.0895,676.42,636.9831,639.1171,6063261
NVDA,2023-06-16,652.7623,674.7753,626.661,636.6696,19996464
NVDA,2023-06-19,662.9318,672.685,650.6632,653.303,17291650
NVDA,2023-06-20,682.7043,696.619,681.9319,695.1939,1915937
NVDA,2023-06-21,735.5547,767.4241,692.9326,725.2671,6468605
NVDA,2023-06-22,708.1932,737.9804,658.0923,698.6248,92601539
NVDA,2023-06-23,735.9461,777.5972,726.1417,754.6864,30615325
NVDA,2023-06-26,787.7157,832.6092,743.8176,792.82,5252587
NVDA,2023-06-27,768.4198,770.0101,751.7794,767.6076,15904668
NVDA,2023-06-28,757.6886,788.0182,757.4369,780.658,8036342
NVDA,2023-06-29,768.4403,799.0776,766.592,779.4035,24100805
NVDA,2023-06-30,785.7264,800.3181,740.3018,764.389,10454877
NVDA,2023-07-03,763.6499,789.5753,760.5794,773.1376,3885650
NVDA,2023-07-04,727.127,769.643,708.8964,746.1873,13158756
NVDA,2023-07-05,711.5708,726.4753,692.8811,709.3746,8855978
NVDA,2023-07-06,723.353,769.4266,698.0919,738.2153,10458670
NVDA,2023-07-07,696.5451,728.0767,677.1028,710.1166,15609211
NVDA,2023-07-10,726.9696,770.1951,722.6209,757.6591,9420306
NVDA,2023-07-11,768.0614,772.8826,709.1435,738.1657,130260539
NVDA,2023-07-12,741.36,766.057,713.5063,742.9518,3901519
NVDA,2023-07-13,750.6589,766.3514,748.4405,764.2511,19272532
NVDA,2023-07-14,712.8527,758.3012,703.0931,738.98,21050061
NVDA,2023-07-17,692.1702,735.1481,674.332,693.7464,13237640
NVDA,2023-07-18,685.6614,718.5962,671.8926,693.9651,33355427
NVDA,2023-07-19,733.9034,751.4688,713.3682,730.965,3987794
NVDA,2023-07-20,731.3794,748.4942,725.2189,728.7911,15303639
NVDA,2023-07-21,690.6763,710.1163,662.0013,703.2865,23459386
NVDA,2023-07-24,686.2869,707.6414,685.225,689.7776,7071134
NVDA,2023-07-25,677.625,724.3007,676.2163,690.2366,72749617
NVDA,2023-07-26,673.2675,717.2846,649.7878,687.4967,14720939
NVDA,2023-07-27,744.2734,746.7652,722.0639,722.3354,10838338
NVDA,2023-07-28,743.0111,756.811,734.9853,748.3715,8620051
NVDA,2023-07-31,730.6695,767.9286,695.9694,738.8336,16197739
NVDA,2023-08-01,767.15,770.096,759.3393,763.7821,18618030
NVDA,2023-08-02,799.1227,806.096,754.7711,769.2797,9099547
NVDA,2023-08-03,739.1664,800.8811,731.4807,770.0729,16469351
NVDA,2023-08-04,809.8605,842.0977,772.8098,804.3335,76627430
NVDA,2023-08-07,834.5483,850.6208,775.8143,826.4706,95200564
NVDA,2023-08-08,879.8781,889.1474,848.783,858.0026,20309334
NVDA,2023-08-09,837.6296,853.2927,823.9981,839.1468,35153519
NVDA,2023-08-10,889.6594,899.2311,830.5846,859.4637,8437435
NVDA,2023-08-11,883.41,920.1228,858.4201,877.3347,16048001
NVDA,2023-08-14,916.6266,925.8606,860.0461,902.2761,29940908
NVDA,2023-08-15,902.0244,915.3849,851.1127,887.9274,13096830
NVDA,2023-08-16,928.7039,933.0467,920.5035,923.2525,3911933
NVDA,2023-08-17,908.2516,931.1851,896.5919,918.0866,6153477
NVDA,2023-08-18,882.9031,890.0655,877.3184,884.1832,55375242
NVDA,2023-08-21,896.021,916.265,868.9062,877.2883,18271215
NVDA,2023-08-22,956.5007,963.4681,908.4018,931.6764,3344828
NVDA,2023-08-23,918.7504,956.6858,906.5419,953.4215,63991165
NVDA,2023-08-24,970.5941,989.8305,969.3529,978.2448,7037698
NVDA,2023-08-25,1004.2274,1013.3248,993.1273,996.0135,25914628
NVDA,2023-08-28,1019.6071,1042.0334,1002.044,1003.2031,13884405
NVDA,2023-08-29,1002.6115,1028.6932,954.2922,1015.6222,6279300
NVDA,2023-08-30,937.3464,1002.3392,921.0891,953.2649,7752798
NVDA,2023-08-31,1012.4709,1052.0609,942.1735,1004.316,4946075
NVDA,2023-09-01,996.8002,998.2276,962.4122,980.1446,19233970
NVDA,2023-09-04,1013.5203,1091.4713,990.0467,1041.9017,10152922
NVDA,2023-09-05,1067.01,1075.142,1031.9032,1046.749,14868562
NVDA,2023-09-06,1064.5779,1075.5853,1039.3396,1075.4965,4954968
NVDA,2023-09-07,1115.1209,1118.162,1096.0926,1115.4812,11073934
NVDA,2023-09-08,1112.8484,1144.1462,1100.5163,1100.8849,6428806
NVDA,2023-09-11,1193.3171,1222.9086,1105.6791,1175.84,3360723
NVDA,2023-09-12,1202.5938,1217.9322,1173.492,1182.9175,11427574
NVDA,2023-09-13,1151.8054,1198.5391,1145.8171,1165.1116,11763767
NVDA,2023-09-14,1215.3904,1245.4863,1164.019,1188.0152,45175675
NVDA,2023-09-15,1327.0986,1332.7195,1218.2437,1261.5896,23784804
NVDA,2023-09-18,1277.9606,1333.5257,1220.6016,1294.2133,10208991
NVDA,2023-09-19,1334.3688,1370.1887,1327.5503,1329.5907,14664997
NVDA,2023-09-20,1340.9872,1350.6915,1336.5301,1350.4645,26969255
NVDA,2023-09-21,1326.8828,1380.9437,1322.6277,1368.8683,29620339
NVDA,2023-09-22,1402.7228,1432.6098,1392.6062,1422.1224,3500700
NVDA,2023-09-25,1525.1542,1548.3073,1451.5257,1496.1995,29426811
NVDA,2023-09-26,1526.2285,1533.4682,1479.6599,1499.3302,12863213
NVDA,2023-09-27,1514.1097,1550.8495,1475.4268,1500.6896,9771252
NVDA,2023-09-28,1515.4044,1516.6643,1477.5684,1489.5012,19255961
NVDA,2023-09-29,1516.7339,1519.2373,1407.8034,1494.9139,14287421
NVDA,2023-10-02,1516.3376,1523.6924,1437.9729,1492.5505,6780449
NVDA,2023-10-03,1508.8288,1528.9043,1475.3743,1514.2124,59482045
NVDA,2023-10-04,1476.0857,1581.288,1438.1111,1526.3154,6802011
NVDA,2023-10-05,1591.4937,1595.564,1532.2889,1536.3578,35510800
NVDA,2023-10-06,1543.5624,1544.0766,1519.8668,1524.5185,9382406
NVDA,2023-10-09,1481.1861,1582.0932,1463.5586,1505.1775,21748101
NVDA,2023-10-10,1565.5697,1571.7508,1531.7907,1551.8488,3750527
NVDA,2023-10-11,1447.3455,1564.371,1438.6022,1534.1284,10980037
NVDA,2023-10-12,1521.2358,1601.491,1460.5245,1545.1717,33777903
NVDA,2023-10-13,1598.0761,1627.4477,1541.6191,1560.7875,33101883
NVDA,2023-10-16,1716.574,1744.7867,1609.0198,1671.8059,4300415
NVDA,2023-10-17,1685.7655,1714.3654,1598.0359,1635.9773,26671497
NVDA,2023-10-18,1497.1847,1591.561,1468.5614,1504.7208,4192366
NVDA,2023-10-19,1437.6125,1481.3846,1377.4281,1433.1647,2369859
NVDA,2023-10-20,1433.3114,1515.2379,1429.3279,1492.6844,5548651
NVDA,2023-10-23,1565.6356,1583.7584,1486.8778,1506.8294,27134339
NVDA,2023-10-24,1524.4478,1559.2157,1478.3607,1488.0764,5890450
NVDA,2023-10-25,1494.5509,1519.0957,1447.1248,1516.5073,14819433
NVDA,2023-10-26,1477.1636,1484.1982,1452.9636,1481.9343,14900021
NVDA,2023-10-27,1427.9445,1471.0765,1390.1076,1436.7266,11464482
NVDA,2023-10-30,1443.8841,1499.5681,1395.659,1463.7277,4993484
NVDA,2023-10-31,1405.4766,1449.587,1374.3997,1412.3561,16836263
NVDA,2023-11-01,1432.8348,1534.7509,1426.573,1444.1796,16159972
NVDA,2023-11-02,1467.0773,1479.0319,1376.9184,1394.5983,10536551
NVDA,2023-11-03,1418.8001,1452.7641,1371.7452,1444.2695,18588362
NVDA,2023-11-06,1431.979,1475.5997,1407.2354,1470.9319,32035338
NVDA,2023-11-07,1378.6559,1384.7004,1372.4395,1372.7145,11211749
NVDA,2023-11-08,1306.0877,1390.1043,1286.6201,1321.0755,5331517
NVDA,2023-11-09,1252.6468,1284.9786,1192.5568,1231.7799,23208777
NVDA,2023-11-10,1286.064,1315.1513,1268.3569,1269.2583,7350912
NVDA,2023-11-13,1308.8526,1366.4093,1245.5986,1301.4227,8564973
NVDA,2023-11-14,1359.2073,1369.2643,1294.4427,1320.3581,10500033
NVDA,2023-11-15,1305.1143,1308.5081,1260.7762,1286.9229,30503715
NVDA,2023-11-16,1197.3178,1280.4468,1181.8613,1228.0275,28046961
NVDA,2023-11-17,1231.4148,1263.7357,1182.0133,1216.9981,46509384
NVDA,2023-11-20,1219.4121,1281.8917,1196.9543,1238.3918,14970934
NVDA,2023-11-21,1275.5842,1302.4201,1204.683,1231.5051,4897478
NVDA,2023-11-22,1261.7731,1266.2338,1186.4034,1230.8724,39152879
NVDA,2023-11-23,1246.1985,1315.6058,1222.4444,1241.7405,7977092
NVDA,2023-11-24,1294.4114,1301.6057,1215.973,1271.3998,9709331
NVDA,2023-11-27,1250.9766,1261.3296,1229.96,1246.9705,8108252
NVDA,2023-11-28,1227.6295,1293.8743,1180.631,1238.9877,14572396
NVDA,2023-11-29,1340.7819,1376.8394,1277.9394,1326.2248,27338877
NVDA,2023-11-30,1249.4422,1352.0629,1248.5505,1308.2842,43124375
NVDA,2023-12-01,1290.0324,1311.058,1217.2184,1296.9259,6386827
NVDA,2023-12-04,1300.6335,1312.6952,1267.1876,1277.3847,3348702
NVDA,2023-12-05,1238.8269,1316.1953,1232.0722,1314.2808,7312537
NVDA,2023-12-06,1294.2466,1369.374,1271.1766,1324.2833,7390982
NVDA,2023-12-07,1327.6677,1329.6796,1254.9637,1323.1925,8604834
NVDA,2023-12-08,1306.565,1389.1424,1276.0071,1360.1629,27292636
NVDA,2023-12-11,1380.9151,1394.3398,1312.945,1333.6329,10238145
NVDA,2023-12-12,1228.9205,1319.9919,1225.2226,1283.6379,14951113
NVDA,2023-12-13,1264.5528,1284.7944,1241.9208,1252.562,5996541
NVDA,2023-12-14,1326.2768,1331.2051,1272.8841,1295.2605,2931858
NVDA,2023-12-15,1274.0718,1306.1908,1260.6769,1296.8021,16720309
NVDA,2023-12-18,1317.7563,1370.5557,1262.582,1320.6483,13516612
NVDA,2023-12-19,1305.3669,1356.4638,1278.6193,1304.5966,31703069
NVDA,2023-12-20,1292.5568,1348.4006,1255.0319,1320.6066,10204454
NVDA,2023-12-21,1272.5545,1385.3261,1250.751,1334.2975,22897239
NVDA,2023-12-22,1414.8169,1433.9612,1376.6074,1380.4049,13380189
NVDA,2023-12-25,1478.8483,1517.1847,1471.3475,1492.7559,59380544
NVDA,2023-12-26,1470.4401,1524.4882,1410.5554,1472.8018,2432388
NVDA,2023-12-27,1565.1898,1618.2006,1459.2912,1540.2416,13574444
NVDA,2023-12-28,1462.5758,1519.3722,1443.3513,1504.6677,8966538
NVDA,2023-12-29,1447.0247,1478.4124,1423.2757,1461.2255,5086952
NVDA,2024-01-01,1499.0669,1529.3462,1444.9029,1491.6251,19732530
NVDA,2024-01-02,1536.8694,1615.7791,1530.082,1595.5989,25818042
NVDA,2024-01-03,1561.0401,1584.3094,1554.0181,1568.4092,53391266
NVDA,2024-01-04,1464.5078,1526.7099,1453.6473,1523.6908,34745965
NVDA,2024-01-05,1389.1562,1519.7658,1384.2258,1442.0643,29387324
NVDA,2024-01-08,1499.2245,1504.6642,1446.1254,1449.4361,10834081
NVDA,2024-01-09,1465.8265,1473.4334,1427.4619,1463.6252,16591500
NVDA,2024-01-10,1446.1078,1462.5292,1403.8271,1431.8776,9925265
NVDA,2024-01-11,1511.1851,1534.6046,1373.9641,1453.5611,15977236
NVDA,2024-01-12,1535.9975,1554.0155,1479.0913,1507.3995,37970730
NVDA,2024-01-15,1429.228,1478.8884,1418.2606,1478.4927,3810954
NVDA,2024-01-16,1525.8233,1533.447,1418.0496,1470.9221,7198381
NVDA,2024-01-17,1387.52,1390.0331,1329.7874,1372.9513,23792829
NVDA,2024-01-18,1423.6975,1434.3273,1326.9779,1399.3459,29200426
NVDA,2024-01-19,1414.6786,1447.6168,1377.2037,1382.3517,12481158
NVDA,2024-01-22,1346.4099,1354.2951,1338.6904,1348.7111,4592037
NVDA,2024-01-23,1359.7802,1372.1224,1359.3521,1372.0421,81882947
NVDA,2024-01-24,1390.1521,1421.307,1367.5428,1408.2052,16017100
NVDA,2024-01-25,1461.14,1492.4695,1360.3969,1418.139,8185900
NVDA,2024-01-26,1373.669,1437.0465,1338.6141,1399.0565,18373241
NVDA,2024-01-29,1461.4026,1497.0637,1388.3702,1470.7108,2516546
NVDA,2024-01-30,1476.1491,1509.1094,1456.4564,1471.0012,20360682
NVDA,2024-01-31,1492.3596,1499.4362,1345.8596,1434.634,10530475
NVDA,2024-02-01,1378.7961,1417.0636,1329.9059,1385.7128,11765293
NVDA,2024-02-02,1485.1959,1505.1795,1432.8699,1438.2457,9073691
NVDA,2024-02-05,1372.1538,1411.6269,1327.7456,1397.2228,3390666
NVDA,2024-02-06,1478.5825,1488.5971,1415.9054,1420.3553,2564694
NVDA,2024-02-07,1378.5513,1400.0978,1336.9359,1338.6621,45186276
NVDA,2024-02-08,1267.3322,1292.755,1206.603,1245.4389,2152339
NVDA,2024-02-09,1243.975,1245.8946,1168.2886,1228.3098,55185711
NVDA,2024-02-12,1249.1977,1253.8778,1162.6484,1202.438,10018907
NVDA,2024-02-13,1192.6717,1313.1041,1185.825,1255.2644,7843167
NVDA,2024-02-14,1391.2097,1424.2468,1333.4131,1344.3784,14203941
NVDA,2024-02-15,1404.8145,1430.1027,1311.3248,1352.2845,4114173
NVDA,2024-02-16,1314.8313,1391.2405,1306.0789,1372.9834,3598782
NVDA,2024-02-19,1426.015,1442.1105,1318.0142,1387.2465,6654854
NVDA,2024-02-20,1487.9797,1489.0317,1422.0607,1448.6691,16971505
NVDA,2024-02-21,1460.4331,1481.2816,1423.9968,1429.9444,10696232
NVDA,2024-02-22,1430.8674,1459.5121,1415.5344,1447.9602,19937836
NVDA,2024-02-23,1342.2127,1361.5796,1278.6361,1357.2778,4031863
NVDA,2024-02-26,1317.9862,1347.0145,1292.2882,1346.8648,41732867
NVDA,2024-02-27,1362.2943,1396.6693,1262.7167,1332.2959,12578212
NVDA,2024-02-28,1369.8028,1372.1934,1310.4859,1342.5304,48369778
NVDA,2024-02-29,1260.2337,1285.3159,1251.1794,1267.5139,1842971
NVDA,2024-03-01,1305.5865,1405.8642,1303.5288,1347.1579,25517428
NVDA,2024-03-04,1379.7343,1447.8984,1346.3461,1366.9557,9387506
NVDA,2024-03-05,1402.0998,1429.2251,1303.9825,1349.891,9114920
NVDA,2024-03-06,1385.1449,1481.8914,1359.5403,1426.2435,6641198
NVDA,2024-03-07,1401.1124,1411.3208,1383.1848,1397.5825,3576677
NVDA,2024-03-08,1433.2814,1434.4199,1393.5799,1407.0694,8989500
NVDA,2024-03-11,1364.0263,1393.253,1327.7771,1370.5826,13965925
NVDA,2024-03-12,1316.2719,1362.4196,1272.359,1309.9659,7384340
NVDA,2024-03-13,1295.4218,1306.9722,1274.4069,1304.9058,16847302
NVDA,2024-03-14,1304.4462,1359.7271,1291.8559,1348.6701,16215950
NVDA,2024-03-15,1313.0176,1328.603,1201.4704,1271.4332,41656213
NVDA,2024-03-18,1313.8253,1322.3627,1285.4053,1285.674,32832634
NVDA,2024-03-19,1305.855,1336.3368,1273.6913,1276.9163,12447974
NVDA,2024-03-20,1394.0906,1401.0086,1309.2454,1346.6499,14499463
NVDA,2024-03-21,1225.9834,1300.3601,1208.445,1287.137,14786386
NVDA,2024-03-22,1299.6196,1318.387,1221.8772,1252.5551,9314686
NVDA,2024-03-25,1278.93,1288.7888,1258.0891,1266.6772,7820695
NVDA,2024-03-26,1213.7654,1293.4499,1147.9409,1218.1125,7902186
NVDA,2024-03-27,1189.7458,1250.0283,1179.3731,1209.8407,5299459
NVDA,2024-03-28,1198.5397,1258.176,1171.0293,1197.5769,11695986
NVDA,2024-03-29,1221.4167,1229.9235,1172.3432,1193.7035,7389033
NVDA,2024-04-01,1157.3335,1172.507,1130.0304,1137.1117,10281824
NVDA,2024-04-02,1104.1388,1150.9666,1066.4443,1136.3084,8696718
NVDA,2024-04-03,1168.4296,1220.0765,1146.4258,1162.0296,11886445
NVDA,2024-04-04,1089.1712,1148.3365,1045.7932,1088.0314,15439460
NVDA,2024-04-05,1121.3646,1147.1591,1118.0929,1121.6673,24196137
NVDA,2024-04-08,1111.1223,1133.3465,1094.7528,1130.261,14957999
NVDA,2024-04-09,1086.1583,1125.0439,1043.7266,1100.3146,4532439
NVDA,2024-04-10,1138.9974,1197.6276,1107.2835,1163.6114,6466243
NVDA,2024-04-11,1050.6482,1125.0398,1046.451,1109.158,3453326
NVDA,2024-04-12,1059.2384,1095.7697,1041.1715,1089.2134,7448840
NVDA,2024-04-15,1058.0959,1161.3748,1030.9402,1099.2353,36573684
NVDA,2024-04-16,1054.924,1135.5606,1038.669,1095.8302,6008066
NVDA,2024-04-17,1128.4884,1179.1892,1096.7756,1158.25,3452778
NVDA,2024-04-18,1155.1386,1212.0197,1128.7068,1173.8908,30733551
NVDA,2024-04-19,1236.649,1255.5532,1176.8996,1228.6261,29574570
NVDA,2024-04-22,1262.9508,1309.7226,1240.4134,1242.4709,35904368
NVDA,2024-04-23,1163.3948,1217.5636,1145.2328,1194.2067,6708619
NVDA,2024-04-24,1157.6157,1201.3258,1100.9616,1143.738,5844095
NVDA,2024-04-25,1148.5262,1176.7011,1059.4272,1128.4664,8140401
NVDA,2024-04-26,1112.0214,1135.6606,1102.9214,1117.1729,9766942
NVDA,2024-04-29,1226.8999,1259.9111,1194.7795,1205.495,9684474
NVDA,2024-04-30,1176.6539,1248.3681,1155.4116,1221.0806,13078135
NVDA,2024-05-01,1169.542,1192.5166,1158.7058,1192.1006,6990013
NVDA,2024-05-02,1189.4725,1257.5089,1180.3188,1230.4138,27674544
NVDA,2024-05-03,1233.9248,1308.8042,1222.6785,1257.0912,16181958
NVDA,2024-05-06,1296.6606,1304.7393,1273.4485,1296.1324,16013974
NVDA,2024-05-07,1198.0763,1220.2634,1183.135,1214.3599,40185348
NVDA,2024-05-08,1176.1141,1181.164,1173.5941,1180.4536,17850214
NVDA,2024-05-09,1119.4549,1249.9969,1119.3231,1176.2829,8268996
NVDA,2024-05-10,1187.3086,1225.1982,1170.7514,1199.347,42747379
NVDA,2024-05-13,1139.3986,1213.3376,1091.1628,1151.9474,45060385
NVDA,2024-05-14,1154.3169,1204.1714,1108.9188,1151.5699,2800364
NVDA,2024-05-15,1170.2757,1172.445,1167.9289,1168.1286,13879875
NVDA,2024-05-16,1127.1622,1178.1182,1110.7461,1121.4766,5761456
NVDA,2024-05-17,1068.8072,1160.9912,1047.7682,1100.5081,9488521
NVDA,2024-05-20,1061.4759,1088.7639,1058.5219,1087.1596,34479247
NVDA,2024-05-21,1020.7138,1058.0647,988.5285,1043.5822,42670989
NVDA,2024-05-22,1087.8358,1097.2271,1022.8429,1075.4148,4363049
NVDA,2024-05-23,1059.2572,1166.2484,1051.1668,1100.3345,37033100
NVDA,2024-05-24,1151.8909,1171.267,1125.6223,1130.0651,8653151
NVDA,2024-05-27,1169.1688,1182.6177,1087.4937,1121.329,10706235
NVDA,2024-05-28,1167.4468,1186.1083,1153.1685,1157.1472,18838431
NVDA,2024-05-29,1154.9292,1209.6553,1147.4931,1167.2875,11983646
NVDA,2024-05-30,1166.7817,1204.066,1108.7629,1142.5386,6128425
NVDA,2024-05-31,1143.2358,1177.5295,1115.9427,1136.3507,10494757
NVDA,2024-06-03,1078.1748,1139.5398,1055.3461,1093.1873,9243766
NVDA,2024-06-04,1089.7619,1093.3543,1041.9179,1083.2063,16948098
NVDA,2024-06-05,1082.9834,1144.2543,1055.3309,1092.5693,37567696
NVDA,2024-06-06,985.6697,1065.1055,971.3062,1030.1188,19785806
NVDA,2024-06-07,1051.062,1078.304,973.1989,1037.6642,6147254
NVDA,2024-06-10,1011.1425,1016.9958,943.2796,1005.7834,11991433
NVDA,2024-06-11,977.4777,1026.8091,975.6485,1026.0199,45823712
NVDA,2024-06-12,1010.5772,1045.5627,993.1147,1024.6208,11017797
NVDA,2024-06-13,1068.9072,1084.5401,1019.104,1031.7386,14493095
NVDA,2024-06-14,1024.0394,1120.8708,1014.7136,1063.4021,11016601
NVDA,2024-06-17,1051.9405,1133.8127,1046.1425,1081.7041,7461888
NVDA,2024-06-18,1114.9134,1140.4246,1037.416,1103.2628,15440512
NVDA,2024-06-19,1062.4463,1080.6744,984.1631,1038.6331,42035055
NVDA,2024-06-20,1008.3785,1063.2311,1005.1284,1057.9178,21922695
NVDA,2024-06-21,1062.2625,1094.7549,999.0024,1050.8076,45127650
NVDA,2024-06-24,1030.6137,1063.5295,992.1774,1022.3951,30737107
NVDA,2024-06-25,1018.6405,1070.7084,988.7662,1028.3637,9975757
NVDA,2024-06-26,1019.2913,1032.5021,965.3299,1017.042,14288706
NVDA,2024-06-27,1113.3425,1129.7499,1068.1467,1088.9918,19470979
NVDA,2024-06-28,1092.7568,1137.7972,1038.5169,1085.1618,26993440
NVDA,2024-07-01,1052.5653,1079.6149,1047.5765,1064.6762,38258312
NVDA,2024-07-02,1063.4922,1065.9633,958.3837,1002.8136,7945832
NVDA,2024-07-03,965.1553,996.6133,918.6455,970.0906,6289268
NVDA,2024-07-04,953.1648,1070.808,946.9756,1007.7412,16595755
NVDA,2024-07-05,908.0869,951.8105,890.0974,947.4764,34054008
NVDA,2024-07-08,951.7486,1008.087,915.9194,969.0969,7633066
NVDA,2024-07-09,986.127,1056.0923,959.1463,1012.416,33026353
NVDA,2024-07-10,1101.613,1103.4797,1043.1253,1046.4314,12584405
NVDA,2024-07-11,1018.0607,1089.3967,990.3009,1026.1357,32918505
NVDA,2024-07-12,1035.2847,1058.1843,985.6794,1016.7119,8430834
NVDA,2024-07-15,1027.9118,1078.2588,1027.569,1046.3459,13117721
NVDA,2024-07-16,1039.2411,1074.5615,1000.9888,1050.3772,24800996
NVDA,2024-07-17,995.8475,1059.2143,982.1188,1021.2901,22975555
NVDA,2024-07-18,1011.72,1058.5913,977.8698,1038.7161,25739925
NVDA,2024-07-19,995.9759,1048.4392,968.1911,1030.8745,10947501
NVDA,2024-07-22,1044.2447,1073.3614,1005.2381,1010.028,14346302
NVDA,2024-07-23,1017.6735,1082.0905,1000.3169,1026.4072,18167627
NVDA,2024-07-24,1128.2898,1152.4816,1054.9675,1085.2577,7825828
NVDA,2024-07-25,1098.8764,1110.1049,1035.0813,1074.141,6218186
NVDA,2024-07-26,1072.8653,1112.3252,1050.6296,1096.1134,33239707
NVDA,2024-07-29,1055.2615,1100.7849,1045.144,1081.8221,21558480
NVDA,2024-07-30,1089.7669,1093.9581,1064.5058,1085.9414,45436915
NVDA,2024-07-31,1033.4592,1093.4112,998.1499,1042.285,17097563
NVDA,2024-08-01,1101.159,1102.8333,1006.2134,1066.1845,13399330
NVDA,2024-08-02,1089.6941,1137.7595,1062.4672,1076.3522,8305469
NVDA,2024-08-05,1059.5456,1087.2186,1046.546,1054.3438,14434676
NVDA,2024-08-06,1035.888,1116.3209,1022.0039,1070.3741,26925495
NVDA,2024-08-07,1070.0275,1083.2889,1062.9044,1076.7769,50295172
NVDA,2024-08-08,1089.0178,1135.2109,1053.1372,1075.2107,3558607
NVDA,2024-08-09,1016.4317,1097.9718,1015.4149,1039.9007,10889389
NVDA,2024-08-12,1026.0437,1046.1108,1004.0237,1025.0794,3185015
NVDA,2024-08-13,1035.6148,1088.7823,1013.6227,1054.3432,14589148
NVDA,2024-08-14,995.7396,1017.4182,983.2618,1007.3139,17578548
NVDA,2024-08-15,994.1958,1000.3449,977.354,989.1478,29686379
NVDA,2024-08-16,970.8305,992.9045,931.6228,940.9422,22002821
NVDA,2024-08-19,1005.52,1038.4403,969.3414,993.1483,3454162
NVDA,2024-08-20,968.7534,1019.0381,960.3214,968.6125,30619236
NVDA,2024-08-21,972.6108,989.0545,958.5928,983.929,48568731
NVDA,2024-08-22,987.148,1014.9041,938.6699,991.782,11578537
NVDA,2024-08-23,1011.3341,1034.662,934.5521,986.4746,15491824
NVDA,2024-08-26,1072.0272,1078.6843,990.0731,1018.5503,3503080
NVDA,2024-08-27,1011.5002,1057.7712,977.7964,1022.6726,3078664
NVDA,2024-08-28,1033.9404,1086.381,959.1442,1022.774,10369537
NVDA,2024-08-29,1025.035,1039.5699,943.1663,986.0439,17323866
NVDA,2024-08-30,1045.3674,1045.712,953.282,987.5443,24412781
NVDA,2024-09-02,1043.3741,1044.7808,954.3094,1003.3973,4445954
NVDA,2024-09-03,1058.9358,1079.819,997.0301,1026.3108,8170320
NVDA,2024-09-04,1030.5848,1091.2865,1008.153,1058.8224,4795566
NVDA,2024-09-05,1010.6177,1097.9717,994.6324,1056.2997,21465379
NVDA,2024-09-06,1101.3271,1124.6182,1016.3248,1060.1898,16332700
NVDA,2024-09-09,1029.2911,1115.7401,1016.2006,1070.1288,3285584
NVDA,2024-09-10,1007.4801,1030.2446,989.0368,1022.3857,8686295
NVDA,2024-09-11,941.7077,986.1992,907.797,963.3759,8043353
NVDA,2024-09-12,916.8161,963.8239,913.0465,928.4278,7732355
NVDA,2024-09-13,949.4332,1003.8182,939.6878,971.4292,10283322
NVDA,2024-09-16,1027.6627,1052.7512,959.6122,991.8714,26873602
NVDA,2024-09-17,1045.6617,1074.0894,1017.7562,1042.2629,16413720
NVDA,2024-09-18,1054.7345,1076.6482,1016.7783,1060.2536,4112702
NVDA,2024-09-19,1025.9913,1075.5428,990.8151,1033.1519,33648145
NVDA,2024-09-20,1051.0026,1100.7763,1029.6626,1055.1409,39996062
NVDA,2024-09-23,1081.3725,1112.2979,1038.2368,1075.2396,25163849
NVDA,2024-09-24,1092.8142,1142.7197,1039.9446,1077.158,14012414
NVDA,2024-09-25,1057.4374,1137.4005,1049.3585,1085.2699,2260209
NVDA,2024-09-26,1130.9226,1137.1319,1064.8582,1117.2604,8530887
NVDA,2024-09-27,1103.9032,1146.2159,1059.6268,1128.8305,31828819
NVDA,2024-09-30,1082.9254,1137.3375,1063.701,1098.6934,14155568
NVDA,2024-10-01,1101.3275,1160.9325,1093.7394,1103.0736,8502159
NVDA,2024-10-02,1171.2351,1171.9128,1066.3497,1116.3379,32801353
NVDA,2024-10-03,1148.3303,1172.5171,1064.6478,1132.6282,9439040
NVDA,2024-10-04,1210.759,1228.2968,1140.153,1177.5619,23422693
NVDA,2024-10-07,1216.96,1239.7409,1184.0047,1187.4949,78438256
NVDA,2024-10-08,1081.9027,1118.9516,1042.9361,1096.2017,22022979
NVDA,2024-10-09,1138.1487,1141.1777,1063.9781,1102.6062,9018668
NVDA,2024-10-10,1135.7839,1197.4277,1123.5026,1143.6218,21681950
NVDA,2024-10-11,1226.7953,1291.2403,1214.5667,1222.6381,43063952
NVDA,2024-10-14,1168.8737,1217.2556,1155.4491,1184.3709,30324651
NVDA,2024-10-15,1171.8157,1213.6469,1166.4692,1203.5684,21984042
NVDA,2024-10-16,1192.6465,1220.2316,1188.1351,1206.721,12684729
NVDA,2024-10-17,1228.4952,1280.3336,1169.3157,1237.3537,6794061
NVDA,2024-10-18,1227.9811,1252.8998,1219.1478,1221.0174,10740874
NVDA,2024-10-21,1150.1015,1242.2647,1141.0498,1207.7596,19527081
NVDA,2024-10-22,1263.1685,1267.2249,1205.5911,1222.9437,11514102
NVDA,2024-10-23,1306.1387,1315.0594,1259.6814,1309.3317,17889382
NVDA,2024-10-24,1272.4378,1344.5557,1259.0977,1311.754,10944644
NVDA,2024-10-25,1270.7014,1323.5851,1268.9538,1305.8716,14063532
NVDA,2024-10-28,1298.6155,1436.9372,1284.7727,1360.8686,17768884
NVDA,2024-10-29,1348.3299,1433.2518,1294.4526,1359.1427,14002958
NVDA,2024-10-30,1313.1084,1316.4684,1264.2367,1297.166,41459603
NVDA,2024-10-31,1183.5794,1226.9428,1166.5197,1214.9483,15398247
NVDA,2024-11-01,1332.0248,1352.471,1275.0756,1275.6542,21418385
NVDA,2024-11-04,1322.7562,1401.3304,1297.8102,1327.1404,6962519
NVDA,2024-11-05,1330.7412,1411.5697,1271.9181,1331.4917,17559016
NVDA,2024-11-06,1282.4393,1352.1092,1256.3949,1326.0215,19145816
NVDA,2024-11-07,1349.2929,1376.1939,1295.7623,1373.1236,10342214
NVDA,2024-11-08,1398.1293,1423.2007,1394.5288,1414.2477,2407674
NVDA,2024-11-11,1347.9735,1380.9499,1301.2023,1376.1724,9142691
NVDA,2024-11-12,1459.1392,1477.6665,1450.8387,1450.8497,8466068
NVDA,2024-11-13,1418.2591,1484.141,1371.5468,1432.9536,9736289
NVDA,2024-11-14,1440.3973,1459.0273,1404.082,1438.8782,40935738
NVDA,2024-11-15,1351.2801,1373.8802,1316.663,1333.5152,11797747
NVDA,2024-11-18,1265.4476,1265.9544,1263.4775,1264.4065,6231465
NVDA,2024-11-19,1219.6569,1308.0302,1215.6089,1254.1749,31364438
NVDA,2024-11-20,1247.8681,1265.1875,1236.7331,1246.2542,6410528
NVDA,2024-11-21,1314.0832,1325.5769,1275.9198,1324.0929,15424847
NVDA,2024-11-22,1393.8059,1431.3984,1315.5442,1359.2887,9470722
NVDA,2024-11-25,1345.3586,1427.4783,1329.5609,1354.0909,7649590
NVDA,2024-11-26,1335.843,1428.2443,1320.7454,1372.4286,18212590
NVDA,2024-11-27,1423.7547,1468.8345,1374.4658,1383.6317,20019394
NVDA,2024-11-28,1331.8642,1455.2743,1316.2847,1390.1117,14082386
NVDA,2024-11-29,1385.3724,1390.8816,1322.7482,1352.0075,15592849
NVDA,2024-12-02,1324.6915,1382.6219,1272.6635,1349.4783,2376083
NVDA,2024-12-03,1341.4651,1379.9176,1270.8316,1345.8989,16690425
NVDA,2024-12-04,1298.7636,1389.7972,1262.6954,1314.6447,5291852
NVDA,2024-12-05,1362.7807,1371.4401,1299.4222,1335.1659,40939093
NVDA,2024-12-06,1435.317,1440.0192,1331.1356,1374.3399,6965131
NVDA,2024-12-09,1443.0535,1493.5219,1379.9286,1469.7195,16302461
NVDA,2024-12-10,1415.3385,1449.6661,1344.4874,1377.7678,16950172
NVDA,2024-12-11,1400.3304,1452.3475,1378.9319,1386.6526,36626123
NVDA,2024-12-12,1501.4112,1539.7944,1417.466,1460.6203,73289535
NVDA,2024-12-13,1440.2831,1446.5454,1400.6246,1420.1161,9594764
NVDA,2024-12-16,1347.5762,1395.5256,1345.0035,1394.1796,26176450
NVDA,2024-12-17,1418.6812,1435.4518,1395.26,1433.7841,35203301
NVDA,2024-12-18,1371.727,1453.856,1343.7227,1425.5564,24080070
NVDA,2024-12-19,1480.7638,1507.8107,1434.8712,1453.4696,4727860
NVDA,2024-12-20,1493.412,1537.7585,1484.9973,1535.3594,20400585
NVDA,2024-12-23,1491.4226,1517.69,1439.2765,1506.6399,41079917
NVDA,2024-12-24,1488.4847,1501.9219,1482.8457,1483.4093,17247798
NVDA,2024-12-25,1393.1342,1406.8237,1390.3343,1405.6943,15721592
NVDA,2024-12-26,1373.834,1421.3111,1357.6171,1364.5161,72248444
NVDA,2024-12-27,1479.6112,1492.2147,1355.9884,1404.2876,23275104
NVDA,2024-12-30,1329.1194,1391.5058,1327.085,1349.6928,65728254
NVDA,2024-12-31,1291.7217,1300.5623,1261.8964,1264.7784,60720348
NVDA,2025-01-01,1253.6292,1272.7325,1248.7284,1263.6884,23602604
NVDA,2025-01-02,1225.3067,1299.5045,1216.757,1267.0897,4882971
NVDA,2025-01-03,1324.2279,1347.0941,1231.9844,1275.6328,1940122
NVDA,2025-01-06,1166.1561,1253.2449,1152.3755,1225.9111,25278193
NVDA,2025-01-07,1311.947,1329.5074,1266.6003,1298.205,25974697
NVDA,2025-01-08,1420.3015,1433.8881,1359.8083,1400.7091,639961
NVDA,2025-01-09,1360.364,1377.675,1350.9196,1373.5445,23746442
NVDA,2025-01-10,1344.4319,1449.8109,1298.0329,1374.7345,10620423
NVDA,2025-01-13,1385.006,1449.5984,1349.2712,1399.0467,3458338
NVDA,2025-01-14,1484.0757,1523.504,1454.0965,1469.8961,4838437
NVDA,2025-01-15,1469.7571,1589.5965,1455.3876,1529.0451,15409601
NVDA,2025-01-16,1481.5602,1551.1123,1470.1478,1536.293,48554399
NVDA,2025-01-17,1573.9719,1606.3667,1470.6916,1541.0738,97035868
NVDA,2025-01-20,1541.9514,1561.7958,1418.9279,1510.7179,35318754
NVDA,2025-01-21,1415.6724,1431.9222,1397.3421,1428.743,8010773
NVDA,2025-01-22,1525.7007,1538.9269,1443.8638,1447.7586,41741704
NVDA,2025-01-23,1502.983,1537.4421,1407.92,1491.4991,108203002
NVDA,2025-01-24,1361.456,1432.7874,1332.3901,1412.5882,10070028
NVDA,2025-01-27,1448.5657,1495.7869,1379.915,1452.3517,24614359
NVDA,2025-01-28,1446.6417,1475.8962,1365.7285,1423.7278,3182225
NVDA,2025-01-29,1339.1495,1462.0696,1334.6908,1385.1819,57096431
NVDA,2025-01-30,1343.3337,1439.7424,1291.797,1356.7087,30456681
NVDA,2025-01-31,1392.5179,1393.1815,1275.2942,1355.8991,12340308
NVDA,2025-02-03,1360.9012,1422.2555,1344.8602,1382.6603,9965040
NVDA,2025-02-04,1331.0296,1430.605,1284.7224,1364.2831,9145534
NVDA,2025-02-05,1411.5382,1417.0193,1352.7654,1380.1044,6689509
NVDA,2025-02-06,1316.4015,1358.0501,1308.2273,1342.8192,7076126
NVDA,2025-02-07,1331.438,1341.4311,1300.4681,1319.4489,15762506
NVDA,2025-02-10,1402.9033,1404.0863,1303.037,1351.6533,64490070
NVDA,2025-02-11,1276.1082,1360.4298,1265.7705,1333.4537,30204625
NVDA,2025-02-12,1365.1931,1369.0638,1332.9619,1349.2119,13096311
NVDA,2025-02-13,1300.1306,1321.4139,1224.596,1302.4871,29493682
NVDA,2025-02-14,1255.0324,1278.2913,1185.7967,1235.6882,24236612
NVDA,2025-02-17,1273.1802,1331.284,1266.4885,1273.4475,17121186
NVDA,2025-02-18,1250.6264,1302.9932,1211.4812,1281.3586,9286419
NVDA,2025-02-19,1296.04,1338.4278,1247.4449,1284.8793,26861209
NVDA,2025-02-20,1385.0058,1434.1411,1365.2041,1388.1847,34982328
NVDA,2025-02-21,1435.9474,1466.2497,1412.3847,1423.0812,63581531
NVDA,2025-02-24,1338.2309,1388.2749,1318.0919,1382.5807,10724968
NVDA,2025-02-25,1309.387,1319.678,1300.5759,1317.5887,46428543
NVDA,2025-02-26,1226.6471,1266.2329,1221.1957,1248.2298,17268918
NVDA,2025-02-27,1280.3167,1293.5349,1191.2099,1265.7092,7797294
NVDA,2025-02-28,1181.2316,1195.1717,1132.2537,1180.7425,25608720
NVDA,2025-03-03,1140.3783,1162.4423,1120.5419,1149.6868,13894890
NVDA,2025-03-04,1173.3094,1213.1769,1112.395,1150.2687,12841006
NVDA,2025-03-05,1133.7657,1164.7682,1115.8754,1155.6988,24611174
NVDA,2025-03-06,1032.7407,1050.5257,1019.1273,1043.6849,13031837
NVDA,2025-03-07,941.6722,1016.698,914.6773,962.721,11398157
NVDA,2025-03-10,954.6468,1009.1475,946.5131,1006.7536,24317554
NVDA,2025-03-11,1028.815,1046.3149,966.1327,1001.1829,32366643
NVDA,2025-03-12,983.9199,986.7563,947.6307,970.7167,21228584
NVDA,2025-03-13,972.8837,1032.2221,957.8989,984.819,6455961
NVDA,2025-03-14,984.2793,990.372,979.2657,984.5613,24783047
NVDA,2025-03-17,1043.8419,1044.1875,965.1012,997.792,20619175
NVDA,2025-03-18,989.6219,1012.2353,949.0361,997.8279,15990945
NVDA,2025-03-19,994.0473,1040.3031,962.9729,1004.3854,8347358
NVDA,2025-03-20,975.1628,993.1461,952.1945,981.7102,15221645
NVDA,2025-03-21,1024.1421,1028.793,966.0777,1022.6242,12405312
NVDA,2025-03-24,1035.3948,1051.4937,966.8382,1007.1673,15654755
NVDA,2025-03-25,994.8955,1016.1273,989.3349,1011.3369,10155487
NVDA,2025-03-26,1014.4669,1017.6235,970.8427,986.318,10162218
NVDA,2025-03-27,1013.0304,1018.6181,1011.2802,1014.5623,22399581
NVDA,2025-03-28,998.2525,1049.4144,955.5262,1003.5214,14546463
NVDA,2025-03-31,1018.3726,1063.6096,977.921,1043.2518,15872487
NVDA,2025-04-01,970.3579,1018.1415,970.1756,1002.3015,27592812
NVDA,2025-04-02,968.0256,1001.04,965.3666,995.5166,8299240
NVDA,2025-04-03,952.9212,978.6672,914.0214,952.0259,11629507
NVDA,2025-04-04,923.6134,923.9916,839.1842,892.1093,9503273
NVDA,2025-04-07,937.0385,958.3372,858.274,903.39,2768791
NVDA,2025-04-08,863.8581,899.1954,852.0836,883.9441,6803092
NVDA,2025-04-09,843.5427,887.0251,835.9508,864.069,57660676
NVDA,2025-04-10,904.8788,913.3125,901.2555,910.8603,9273756
NVDA,2025-04-11,925.9355,937.4996,879.7453,899.0383,14263270
NVDA,2025-04-14,867.0524,918.5697,864.2274,877.0002,4224858
NVDA,2025-04-15,840.914,868.8041,830.0981,867.2003,6051968
NVDA,2025-04-16,788.1273,797.5413,735.2955,783.8658,16913629
NVDA,2025-04-17,724.5296,724.7822,693.6497,713.3094,5467965
NVDA,2025-04-18,737.896,769.365,715.1242,724.3203,10784526
NVDA,2025-04-21,710.3993,742.7061,701.5998,719.8607,34247357
NVDA,2025-04-22,686.0955,714.5827,659.8368,690.3949,21118597
NVDA,2025-04-23,700.6415,733.4181,678.1243,698.3243,60286769
NVDA,2025-04-24,676.029,690.3647,644.6245,682.2745,1844520
NVDA,2025-04-25,662.109,679.1315,638.3952,662.1288,5567828
NVDA,2025-04-28,627.1699,643.1712,603.7917,631.5629,27027970
NVDA,2025-04-29,652.635,667.6472,616.1712,632.2892,25723561
NVDA,2025-04-30,645.3385,655.6989,608.3788,622.9586,6510213
NVDA,2025-05-01,642.3888,657.8292,629.6077,643.4977,8631797
NVDA,2025-05-02,641.6443,649.461,629.4497,634.9735,2852020
NVDA,2025-05-05,664.0029,676.5815,637.1326,659.3851,11879524
NVDA,2025-05-06,674.5841,684.0257,663.4412,675.8576,2783656
NVDA,2025-05-07,653.9169,696.8363,627.9083,665.0558,12077486
NVDA,2025-05-08,672.603,676.1441,654.9898,662.6038,27236489
NVDA,2025-05-09,638.4426,647.1052,601.0244,640.8317,30392311
NVDA,2025-05-12,684.07,689.4692,627.42,650.167,27710004
NVDA,2025-05-13,671.6472,712.2947,639.9478,681.255,7271266
NVDA,2025-05-14,672.028,676.0602,651.7646,651.8695,30130067
NVDA,2025-05-15,628.0203,652.9251,604.0109,615.8045,13609740
NVDA,2025-05-16,646.8351,650.3504,593.8213,626.2486,18819252
NVDA,2025-05-19,612.459,620.4681,603.6419,608.2445,13784767
NVDA,2025-05-20,641.3044,642.2631,592.7266,610.5145,10167802
NVDA,2025-05-21,658.7541,666.7579,628.5166,636.8197,4619572
NVDA,2025-05-22,647.6082,656.0381,630.0001,631.2837,8647542
NVDA,2025-05-23,605.9871,646.7481,603.1087,639.4327,5259964
NVDA,2025-05-26,653.9685,673.7924,645.4206,658.6709,11043400
NVDA,2025-05-27,641.6299,660.9606,599.4985,638.6234,32194082
NVDA,2025-05-28,617.592,654.261,593.7217,624.5764,5231476
NVDA,2025-05-29,644.5304,650.4956,629.4115,637.8568,8670640
NVDA,2025-05-30,618.8947,646.5296,618.7103,641.8476,3199583
NVDA,2025-06-02,677.5567,680.0758,659.3245,664.1962,17062865
NVDA,2025-06-03,673.6925,707.3156,670.7971,679.0823,3269871
NVDA,2025-06-04,693.4502,706.3321,664.2868,676.7906,16412602
NVDA,2025-06-05,653.0682,685.4328,639.6327,660.8757,27355919
NVDA,2025-06-06,682.3837,702.567,649.4807,665.7126,49409773
NVDA,2025-06-09,649.368,679.1624,630.0616,644.7622,19105138
NVDA,2025-06-10,652.0283,683.2643,629.6014,671.9072,16303302
NVDA,2025-06-11,673.3912,683.9295,655.4748,662.0392,22307178
NVDA,2025-06-12,649.9103,659.1646,625.3979,641.5744,7500803
NVDA,2025-06-13,586.0402,645.4891,578.2913,609.5008,9783497
NVDA,2025-06-16,592.3401,614.8015,583.2046,593.9978,16986481
NVDA,2025-06-17,611.729,623.0921,602.6213,614.4582,16235027
NVDA,2025-06-18,624.0439,638.528,605.3262,609.9733,21366008
NVDA,2025-06-19,611.1694,614.112,605.5837,611.9332,35098312
NVDA,2025-06-20,605.436,624.0387,597.7926,623.1743,10446311
NVDA,2025-06-23,636.7787,661.508,630.7004,634.0863,93214838
NVDA,2025-06-24,668.566,681.1601,648.7985,667.2737,13928555
NVDA,2025-06-25,676.5727,682.0123,657.1009,674.1331,15311656
NVDA,2025-06-26,686.9623,697.2167,680.6348,691.505,6478497
NVDA,2025-06-27,683.4204,717.756,674.939,698.1096,32844256
NVDA,2025-06-30,650.0209,704.9116,646.973,688.8436,4908844
JPM,2022-01-03,143.1175,143.1337,138.1066,141.5097,23453571
JPM,2022-01-04,140.188,141.3571,136.8013,139.057,5988852
JPM,2022-01-05,138.5504,141.981,137.5934,138.9343,9636693
JPM,2022-01-06,140.1018,141.7182,137.8455,140.6071,21885455
JPM,2022-01-07,141.3454,144.3426,140.2705,141.3596,19544766
JPM,2022-01-10,140.884,145.0017,139.2999,142.4713,15736435
JPM,2022-01-11,143.9786,144.4776,141.3501,141.8443,38971082
JPM,2022-01-12,140.5197,143.0842,138.8894,139.7187,20608528
JPM,2022-01-13,136.7503,138.6082,133.9126,136.8124,16389518
JPM,2022-01-14,133.612,134.8793,132.2488,134.8516,8519612
JPM,2022-01-17,136.679,138.6963,134.3181,135.3309,84833314
JPM,2022-01-18,134.0679,138.0831,132.465,135.5358,42173563
JPM,2022-01-19,135.7862,137.9127,135.2995,136.9087,18117407
JPM,2022-01-20,136.9963,138.8957,136.6596,137.8531,16904995
JPM,2022-01-21,138.8947,139.4053,136.4499,137.3238,13149455
JPM,2022-01-24,141.4639,141.5582,136.8111,138.4027,31846773
JPM,2022-01-25,139.5376,139.8049,138.4828,139.3697,9506605
JPM,2022-01-26,136.4757,143.0265,136.2662,139.5744,39954858
JPM,2022-01-27,139.4259,140.885,136.3821,138.7925,35878512
JPM,2022-01-28,141.0505,142.7213,139.6327,141.3957,16778161
JPM,2022-01-31,142.8428,143.1181,142.3224,143.0121,8272690
JPM,2022-02-01,140.9135,142.7723,140.0294,140.6437,5009504
JPM,2022-02-02,144.7734,144.8173,139.0368,142.6182,12323498
JPM,2022-02-03,141.6529,144.5491,140.7139,142.1264,7753280
JPM,2022-02-04,141.1411,144.0811,140.49,142.3508,5892929
JPM,2022-02-07,139.2593,143.5249,138.9382,140.8098,23623276
JPM,2022-02-08,145.3647,146.2391,142.053,143.4713,6433244
JPM,2022-02-09,142.4232,144.4359,141.0241,143.7193,15849851
JPM,2022-02-10,143.3903,144.5384,141.5943,142.6843,59312735
JPM,2022-02-11,141.5672,144.2816,139.3237,141.3431,22742643
JPM,2022-02-14,141.7927,142.6796,138.1807,141.6199,8347383
JPM,2022-02-15,142.9956,145.9387,142.5482,143.5875,2198886
JPM,2022-02-16,140.755,142.8064,140.6885,142.6324,7717347
JPM,2022-02-17,143.5034,145.6098,142.7837,143.6871,18438282
JPM,2022-02-18,142.3004,144.801,138.7135,141.5303,13969819
JPM,2022-02-21,142.3964,145.4056,141.1743,142.3268,7477815
JPM,2022-02-22,139.0881,143.2498,138.9221,141.0498,31683741
JPM,2022-02-23,142.738,142.8415,141.7391,142.0594,18510170
JPM,2022-02-24,140.732,146.5592,139.916,143.1344,24197073
JPM,2022-02-25,143.711,144.2672,141.4647,142.4225,33070584
JPM,2022-02-28,143.126,143.8417,140.0593,140.3889,18390482
JPM,2022-03-01,138.3814,139.7784,134.3478,137.2597,17549253
JPM,2022-03-02,138.4413,138.5622,136.5918,137.7327,25714755
JPM,2022-03-03,133.625,135.07,133.1265,135.0023,4633680
JPM,2022-03-04,135.1426,135.6085,132.9265,134.3284,30193777
JPM,2022-03-07,134.4554,135.8081,131.0633,133.8676,9502960
JPM,2022-03-08,132.1668,133.0733,132.0903,132.1366,38970805
JPM,2022-03-09,133.75,134.4668,128.0812,131.3624,42535229
JPM,2022-03-10,130.2266,131.4706,129.7994,130.2607,5420592
JPM,2022-03-11,132.4873,134.8673,130.6956,131.8987,14591715
JPM,2022-03-14,136.6937,137.5281,134.0613,134.8099,26017732
JPM,2022-03-15,133.9359,135.5052,133.3836,133.9694,129705406
JPM,2022-03-16,133.4089,135.7456,130.9474,133.7173,11033704
JPM,2022-03-17,136.7268,139.1572,135.6848,136.0774,115263450
JPM,2022-03-18,135.8988,137.2444,133.5001,136.5151,29465992
JPM,2022-03-21,135.1254,139.7656,134.4603,137.2918,7632916
JPM,2022-03-22,137.3029,141.4213,137.2933,139.9304,13143666
JPM,2022-03-23,142.0254,142.1876,138.3848,139.2552,5970705
JPM,2022-03-24,133.8318,136.3115,133.6366,134.7677,13392678
JPM,2022-03-25,133.9502,134.8777,132.4469,134.7305,7916089
JPM,2022-03-28,130.9976,132.1057,129.7192,132.0443,14296044
JPM,2022-03-29,134.6356,134.7249,133.3771,134.5493,11611820
JPM,2022-03-30,135.0237,136.0046,134.3657,134.8112,6413330
JPM,2022-03-31,138.6406,138.7375,136.9168,137.2478,17235082
JPM,2022-04-01,135.1667,138.3494,134.5805,136.7835,3786596
JPM,2022-04-04,135.852,137.2533,134.9983,136.8436,15198787
JPM,2022-04-05,139.406,140.0116,136.3649,137.3041,56291697
JPM,2022-04-06,135.456,138.6884,135.2454,137.5776,16267613
JPM,2022-04-07,141.8482,143.2674,139.9281,140.675,13404394
JPM,2022-04-08,139.5249,142.9204,139.4729,141.24,13246047
JPM,2022-04-11,141.1,145.0171,139.8638,142.9217,5530509
JPM,2022-04-12,143.4168,144.8568,139.1872,142.5846,52945760
JPM,2022-04-13,142.8802,143.699,142.411,143.6081,28552487
JPM,2022-04-14,142.627,146.3279,140.3338,142.9445,4360464
JPM,2022-04-15,145.7715,146.4949,142.9375,144.288,31304657
JPM,2022-04-18,145.5986,146.65,141.1086,144.1387,6198941
JPM,2022-04-19,141.5238,144.9323,141.4203,142.1637,7986603
JPM,2022-04-20,142.9553,143.8477,140.1002,141.9185,10893908
JPM,2022-04-21,140.3185,140.5434,136.7807,139.885,11005552
JPM,2022-04-22,144.3626,144.6087,142.7292,143.3799,16970195
JPM,2022-04-25,142.5692,142.8445,140.9595,141.0026,13706801
JPM,2022-04-26,139.7216,141.8031,136.7445,138.9544,9981243
JPM,2022-04-27,139.3584,140.6533,136.4513,139.2351,5568158
JPM,2022-04-28,138.771,142.2533,138.1207,141.2132,16148823
JPM,2022-04-29,140.4925,142.289,140.0172,140.0297,48706532
JPM,2022-05-02,140.1291,142.4254,138.2711,140.5334,19870780
JPM,2022-05-03,137.2617,137.5451,135.3535,137.3601,12112809
JPM,2022-05-04,137.9314,138.3601,133.7873,137.18,12209182
JPM,2022-05-05,141.336,142.0522,135.7323,138.922,18418934
JPM,2022-05-06,139.146,140.2436,138.761,140.1699,13721426
JPM,2022-05-09,136.2836,139.9864,136.1235,138.2621,12137872
JPM,2022-05-10,134.7769,140.257,134.7045,137.4017,57030719
JPM,2022-05-11,135.9735,136.9954,134.767,135.0417,17175045
JPM,2022-05-12,133.4588,133.7047,132.6915,133.299,6319532
JPM,2022-05-13,133.0297,134.0459,131.151,133.4413,5808907
JPM,2022-05-16,134.8319,135.3907,130.1586,133.2744,4850071
JPM,2022-05-17,136.0121,138.7757,134.0085,135.425,25799368
JPM,2022-05-18,129.6926,131.9718,128.4837,130.3664,18914423
JPM,2022-05-19,126.6134,129.2599,126.5457,128.8211,19638446
JPM,2022-05-20,127.4901,131.851,126.4487,128.9237,106430036
JPM,2022-05-23,128.2809,129.854,126.5429,128.6023,11323251
JPM,2022-05-24,126.6125,132.5082,126.2401,129.2857,27938356
JPM,2022-05-25,130.8703,133.3099,129.3905,130.652,12143616
JPM,2022-05-26,130.1803,130.4493,129.0849,130.3255,8720807
JPM,2022-05-27,131.2934,133.1078,130.9973,132.3238,52046059
JPM,2022-05-30,137.1741,137.2298,133.3889,135.9216,88899551
JPM,2022-05-31,134.81,135.6696,134.1614,135.5049,15187942
JPM,2022-06-01,139.3418,139.9084,134.9583,136.7793,12629220
JPM,2022-06-02,138.3038,139.3959,137.3767,137.513,24845219
JPM,2022-06-03,139.2503,139.9965,136.07,137.704,12356445
JPM,2022-06-06,139.0375,141.672,136.8282,139.1254,4819013
JPM,2022-06-07,138.8217,139.8463,136.6644,138.8963,3759837
JPM,2022-06-08,137.9447,140.1128,136.1718,138.8174,5421146
JPM,2022-06-09,140.5499,142.6996,138.7101,140.1169,15811165
JPM,2022-06-10,141.1104,142.4757,136.5856,139.8319,4768318
JPM,2022-06-13,146.0996,147.395,144.2878,144.3632,5864286
JPM,2022-06-14,144.915,145.5802,141.7873,142.5685,6918038
JPM,2022-06-15,140.3916,143.7248,139.7461,141.177,15699491
JPM,2022-06-16,139.3087,142.5537,138.5297,141.523,5467437
JPM,2022-06-17,140.0266,144.0529,139.919,141.8657,12926592
JPM,2022-06-20,141.2183,141.5606,140.0772,141.477,15358860
JPM,2022-06-21,141.0315,141.9533,137.8413,140.7221,24288138
JPM,2022-06-22,137.3355,141.9381,136.106,139.4385,19124308
JPM,2022-06-23,140.7994,141.6172,137.069,139.9558,18852575
JPM,2022-06-24,139.0864,142.5919,138.3994,139.6271,12030039
JPM,2022-06-27,136.645,138.7269,132.1143,135.3777,20149033
JPM,2022-06-28,138.5219,139.9863,134.1595,136.8589,6922446
JPM,2022-06-29,137.7623,139.6094,134.5107,136.7058,93998271
JPM,2022-06-30,131.6554,136.6196,131.2291,134.2068,11188535
JPM,2022-07-01,135.0127,135.1458,134.0388,135.0753,28402398
JPM,2022-07-04,141.6772,142.075,136.9355,139.6767,33711729
JPM,2022-07-05,139.9103,141.8717,137.8147,140.2977,19050468
JPM,2022-07-06,141.5667,142.8861,139.011,142.5457,14722554
JPM,2022-07-07,140.8653,142.351,140.0022,140.829,18567903
JPM,2022-07-08,142.4911,143.2588,141.0434,141.7649,18525628
JPM,2022-07-11,141.9358,144.7716,138.6845,142.0344,15928563
JPM,2022-07-12,138.8688,141.7021,137.6129,140.2211,12755530
JPM,2022-07-13,138.2582,140.5733,137.2139,139.3447,73579441
JPM,2022-07-14,137.4799,140.1044,136.8813,137.8952,11753152
JPM,2022-07-15,141.2467,142.0938,136.9723,138.856,32083337
JPM,2022-07-18,137.9246,139.2937,135.0083,137.6209,7152779
JPM,2022-07-19,136.4599,139.1697,135.6752,137.0069,12590612
JPM,2022-07-20,138.8606,139.2965,136.7517,138.4274,40123923
JPM,2022-07-21,140.0366,140.6804,138.4411,140.6203,29662385
JPM,2022-07-22,142.4219,146.1866,140.3845,143.3121,11366628
JPM,2022-07-25,145.2095,146.4056,142.8091,144.1896,14504387
JPM,2022-07-26,144.2603,144.3784,143.0527,144.1678,9441134
JPM,2022-07-27,144.8275,147.4587,143.3385,145.9197,41195850
JPM,2022-07-28,149.1611,151.093,145.8865,148.4552,11497090
JPM,2022-07-29,149.023,150.8354,147.8468,148.9397,61442248
JPM,2022-08-01,156.6822,157.2139,151.3923,154.0453,4909636
JPM,2022-08-02,151.8941,156.5528,151.4497,154.4222,6298800
JPM,2022-08-03,154.5739,155.43,151.3226,153.8882,4115874
JPM,2022-08-04,157.8777,158.0228,155.5357,155.7633,106945255
JPM,2022-08-05,156.5483,158.5837,153.8783,154.9485,9559342
JPM,2022-08-08,155.3029,155.62,150.8995,153.5789,21581384
JPM,2022-08-09,149.0962,154.4835,147.3117,150.9867,14776046
JPM,2022-08-10,150.3864,152.1107,149.1151,149.4695,15456513
JPM,2022-08-11,147.2573,150.9058,146.0962,148.892,18458845
JPM,2022-08-12,146.2465,148.937,145.5695,147.8143,9424554
JPM,2022-08-15,146.7852,147.9349,145.0313,146.8182,21252916
JPM,2022-08-16,149.9608,151.1259,147.5737,147.9623,12579901
JPM,2022-08-17,146.196,147.7703,144.4474,145.7269,9881837
JPM,2022-08-18,145.8541,148.1142,145.5972,146.3559,21045797
JPM,2022-08-19,148.1302,148.2702,145.4132,147.9118,10521940
JPM,2022-08-22,145.2572,149.6632,145.226,146.0464,10517363
JPM,2022-08-23,145.7747,150.4687,144.1148,146.8616,5035702
JPM,2022-08-24,146.4448,151.5572,145.6872,148.875,13700494
JPM,2022-08-25,148.0194,148.7638,145.6291,146.8542,27807367
JPM,2022-08-26,145.874,147.6815,145.6635,145.9288,19047442
JPM,2022-08-29,143.9347,146.4217,143.0584,144.1373,34115127
JPM,2022-08-30,141.5164,144.4458,141.4474,141.4727,20946981
JPM,2022-08-31,144.4094,144.6339,139.646,142.187,6523843
JPM,2022-09-01,138.992,142.2866,138.5638,140.3951,15872622
JPM,2022-09-02,138.7097,139.7971,137.6422,139.1701,12342111
JPM,2022-09-05,140.0615,141.5235,137.4937,139.3927,8678267
JPM,2022-09-06,140.7622,140.9972,139.6455,140.0931,10875982
JPM,2022-09-07,140.1139,141.2985,137.7795,140.8772,5707804
JPM,2022-09-08,143.554,144.4162,141.5405,143.2997,5424806
JPM,2022-09-09,143.9885,145.1424,141.8945,142.2483,28158399
JPM,2022-09-12,143.1239,143.8809,140.5032,141.5478,12205592
JPM,2022-09-13,143.448,145.5163,139.936,143.1343,6713336
JPM,2022-09-14,142.6034,146.5777,140.7895,144.2076,6338097
JPM,2022-09-15,144.5544,147.5128,144.2292,144.2589,40840499
JPM,2022-09-16,144.7956,146.8401,140.0857,143.6312,15874578
JPM,2022-09-19,146.5374,147.0674,143.9934,145.2307,9784620
JPM,2022-09-20,141.4468,142.8782,140.9136,142.533,5945707
JPM,2022-09-21,138.1421,138.7898,136.9014,138.7408,6474960
JPM,2022-09-22,143.718,145.0667,140.0035,141.927,18984329
JPM,2022-09-23,142.7098,146.373,142.3168,143.2605,39176733
JPM,2022-09-26,141.4131,143.9882,140.9423,141.9993,8577852
JPM,2022-09-27,140.3403,141.1216,139.7839,140.2317,10268895
JPM,2022-09-28,139.5099,139.9299,139.4247,139.4748,32511247
JPM,2022-09-29,134.6644,139.3507,134.45,137.8922,11474799
JPM,2022-09-30,139.9102,140.1866,138.0791,138.1687,14777153
JPM,2022-10-03,140.6074,141.9854,140.1544,140.1789,5190554
JPM,2022-10-04,145.9406,146.0025,143.7844,144.3437,14728944
JPM,2022-10-05,146.9066,148.7046,143.4831,146.3822,5508711
JPM,2022-10-06,146.9045,148.8047,145.3225,146.0239,12168246
JPM,2022-10-07,148.3952,149.7299,146.618,149.4944,26580004
JPM,2022-10-10,149.9639,153.4041,147.8692,150.1019,22362692
JPM,2022-10-11,150.6114,150.8554,149.2156,149.4758,9946837
JPM,2022-10-12,147.6499,151.5579,147.6397,147.8614,1869461
JPM,2022-10-13,149.5878,150.3301,148.1264,148.6286,2757062
JPM,2022-10-14,147.6667,151.279,147.0057,150.1131,5011249
JPM,2022-10-17,147.3447,150.963,145.7466,148.9441,11980038
JPM,2022-10-18,151.3897,151.7004,148.7229,150.9388,61631747
JPM,2022-10-19,151.2894,154.4461,149.581,151.9384,6345989
JPM,2022-10-20,156.8902,157.2433,151.3445,154.2458,26132385
JPM,2022-10-21,153.7316,153.8552,150.1813,151.9252,48756491
JPM,2022-10-24,153.926,155.1816,151.6182,154.1618,7090042
JPM,2022-10-25,152.1115,156.2711,151.9972,154.5781,10516749
JPM,2022-10-26,153.8711,154.6801,151.9996,152.8002,71408645
JPM,2022-10-27,153.9862,155.0864,151.76,154.0312,28429570
JPM,2022-10-28,157.6956,160.017,154.069,157.335,24055557
JPM,2022-10-31,159.3964,160.7753,156.812,159.4584,20879664
JPM,2022-11-01,162.605,164.2744,158.0778,160.5666,39578305
JPM,2022-11-02,162.5744,163.2003,159.9131,162.1248,21952924
JPM,2022-11-03,158.6216,160.0843,157.0789,159.5977,9596692
JPM,2022-11-04,158.862,160.5433,156.4733,158.4038,33359045
JPM,2022-11-07,160.2151,162.5273,157.359,159.0457,15619501
JPM,2022-11-08,158.0032,161.5011,157.9241,160.1028,1824885
JPM,2022-11-09,163.151,166.4389,159.0096,162.3988,6768447
JPM,2022-11-10,164.3757,164.7224,161.132,161.4588,7739749
JPM,2022-11-11,160.3828,164.3145,158.5173,161.2162,25049352
JPM,2022-11-14,161.7054,164.4607,160.2615,160.7836,21990900
JPM,2022-11-15,161.6384,163.701,159.574,162.1743,4771894
JPM,2022-11-16,159.094,163.2058,159.0387,161.4792,5598276
JPM,2022-11-17,164.1261,166.3758,163.5242,164.0521,30974548
JPM,2022-11-18,165.8668,165.9299,162.5678,165.1507,8890073
JPM,2022-11-21,164.7793,164.8429,164.1267,164.6887,35923040
JPM,2022-11-22,168.3827,168.8042,164.407,167.1484,33228412
JPM,2022-11-23,165.5887,168.4026,164.0091,166.6184,26475931
JPM,2022-11-24,170.2024,173.6726,166.2472,169.8317,10952908
JPM,2022-11-25,164.0282,168.5826,163.7664,167.5574,15977176
JPM,2022-11-28,167.053,168.905,164.2375,167.0551,8803832
JPM,2022-11-29,170.3156,171.3265,167.7654,168.0058,12976817
JPM,2022-11-30,170.6437,171.5704,167.5357,168.8435,8602424
JPM,2022-12-01,166.1251,170.3539,165.9232,169.2275,15649095
JPM,2022-12-02,168.7922,171.4475,166.3731,170.093,22603184
JPM,2022-12-05,173.3973,173.454,165.7337,169.257,24216914
JPM,2022-12-06,169.1201,173.8574,166.2394,169.8734,3921999
JPM,2022-12-07,172.3953,173.4504,171.3019,171.903,12004815
JPM,2022-12-08,169.4792,170.9139,165.7022,167.2195,7484455
JPM,2022-12-09,166.6052,169.5482,163.3505,165.4389,20843043
JPM,2022-12-12,163.9079,168.5593,162.5639,164.5247,8230070
JPM,2022-12-13,164.9633,167.2897,164.1245,165.8175,17149498
JPM,2022-12-14,165.1855,168.6502,164.6391,166.7812,9054806
JPM,2022-12-15,165.3728,168.6957,165.3526,166.5606,44799431
JPM,2022-12-16,168.7956,169.285,167.8181,167.9672,4815633
JPM,2022-12-19,167.0097,167.3527,163.5623,165.343,35908148
JPM,2022-12-20,163.5416,165.1494,160.5775,163.003,4157321
JPM,2022-12-21,165.6271,167.5583,162.5182,164.0225,43572783
JPM,2022-12-22,161.463,164.0563,161.1646,163.3231,26056169
JPM,2022-12-23,166.1433,167.6379,163.7456,164.9459,68964636
JPM,2022-12-26,159.6066,165.6438,159.0746,162.009,5272102
JPM,2022-12-27,164.8927,165.901,161.2377,163.0515,14856565
JPM,2022-12-28,161.3767,163.6204,158.6837,162.0725,60563164
JPM,2022-12-29,165.7557,168.3977,163.6926,166.2207,11074376
JPM,2022-12-30,166.8851,169.5393,164.5283,167.7822,14379481
JPM,2023-01-02,168.3317,172.0016,165.981,169.2892,14591714
JPM,2023-01-03,169.9356,172.7912,169.6822,171.8721,10702278
JPM,2023-01-04,173.9496,175.2849,168.4312,171.3029,11329910
JPM,2023-01-05,166.6379,168.5588,164.386,167.2256,59657880
JPM,2023-01-06,169.5947,170.4487,167.3359,168.6879,54288961
JPM,2023-01-09,172.5614,173.1087,170.5254,170.6814,8987790
JPM,2023-01-10,167.4448,171.9285,167.3541,171.6483,9767091
JPM,2023-01-11,170.5604,171.2597,169.3788,169.9782,59760195
JPM,2023-01-12,170.713,172.4537,169.7022,171.1513,4106184
JPM,2023-01-13,172.0564,173.456,170.2365,171.6247,2178825
JPM,2023-01-16,173.0397,175.1742,172.9629,173.3581,5575349
JPM,2023-01-17,170.667,171.9702,167.6985,171.0662,13240301
JPM,2023-01-18,171.0299,172.6065,170.5431,171.2813,42057374
JPM,2023-01-19,171.1125,173.7975,170.5372,171.2814,7860636
JPM,2023-01-20,170.5075,173.7018,168.8061,169.58,29615317
JPM,2023-01-23,168.8228,170.5285,168.4505,170.0929,11128953
JPM,2023-01-24,170.2303,170.5177,169.1912,169.6301,8016921
JPM,2023-01-25,168.6523,169.3415,167.0379,167.603,8452490
JPM,2023-01-26,164.5571,169.3071,164.3935,168.2201,19809281
JPM,2023-01-27,170.025,171.5265,167.4538,167.4659,13956988
JPM,2023-01-30,165.7326,167.2527,165.1419,166.0113,15498139
JPM,2023-01-31,164.199,169.096,161.2562,164.9409,18951242
JPM,2023-02-01,167.2807,168.0639,165.3601,166.5255,12623360
JPM,2023-02-02,161.1057,167.0586,160.8723,164.7862,6461741
JPM,2023-02-03,162.8055,166.9181,162.408,165.4177,21904729
JPM,2023-02-06,163.8499,164.1534,161.7731,163.2166,2416351
JPM,2023-02-07,158.9889,163.0671,156.636,160.3656,17581233
JPM,2023-02-08,158.8065,162.8119,157.9892,160.1521,54674651
JPM,2023-02-09,162.1258,164.8228,161.2467,164.2364,24779612
JPM,2023-02-10,166.8729,167.3801,162.7019,163.7602,35235937
JPM,2023-02-13,164.7187,171.5932,164.3913,168.191,6473152
JPM,2023-02-14,166.6279,168.0457,166.6034,167.5563,17519538
JPM,2023-02-15,168.344,171.1547,166.7368,167.3068,46856516
JPM,2023-02-16,166.1018,166.6669,164.3882,166.4509,9862252
JPM,2023-02-17,162.0375,167.3236,160.5558,163.2905,29355205
JPM,2023-02-20,161.9404,163.0503,160.5571,162.0707,25689212
JPM,2023-02-21,161.1987,162.0312,160.1226,160.974,13596504
JPM,2023-02-22,156.6682,160.3021,156.5018,158.7439,21187846
JPM,2023-02-23,160.0752,160.5743,156.9177,157.7465,27344253
JPM,2023-02-24,160.1904,160.3654,154.6356,158.5246,37221623
JPM,2023-02-27,156.8497,159.2361,155.8075,156.9502,22782004
JPM,2023-02-28,151.7311,153.0018,151.1478,152.9007,23644430
JPM,2023-03-01,150.844,153.0132,148.5331,151.5178,41688301
JPM,2023-03-02,151.0907,154.6988,149.3687,151.8385,4738581
JPM,2023-03-03,155.9488,157.4008,152.3636,155.4547,7614543
JPM,2023-03-06,156.549,157.5419,156.2351,156.4011,21828789
JPM,2023-03-07,157.4269,158.0744,157.4019,157.8196,18293231
JPM,2023-03-08,158.3093,158.8697,155.189,155.5839,22774148
JPM,2023-03-09,155.808,156.8783,151.6065,154.5735,21919746
JPM,2023-03-10,158.7075,158.8545,152.7524,156.0288,21129901
JPM,2023-03-13,156.8202,157.7478,156.6465,157.2186,28448175
JPM,2023-03-14,153.5455,157.7765,153.5371,154.0052,33753520
JPM,2023-03-15,153.9742,158.0564,153.2783,154.4378,4746659
JPM,2023-03-16,154.6072,155.533,154.3284,154.4154,9202778
JPM,2023-03-17,156.2202,156.6034,156.1632,156.5439,36617389
JPM,2023-03-20,152.6232,156.094,151.3734,153.9811,12238811
JPM,2023-03-21,152.6076,156.3794,152.2076,154.1038,19454609
JPM,2023-03-22,158.6074,158.7509,153.4006,155.772,10856657
JPM,2023-03-23,159.939,163.3505,158.6078,159.3457,52309292
JPM,2023-03-24,158.596,160.8396,157.2449,159.2033,5581505
JPM,2023-03-27,162.8711,165.6034,158.8389,162.5173,23466406
JPM,2023-03-28,161.1951,161.4778,158.4987,160.0146,19744807
JPM,2023-03-29,161.3768,163.9999,161.2278,161.3894,14817452
JPM,2023-03-30,162.9993,163.1055,161.0472,161.5718,92602035
JPM,2023-03-31,164.8726,165.792,162.4603,164.4069,7378359
JPM,2023-04-03,162.1839,166.184,159.1746,162.3687,22748648
JPM,2023-04-04,161.716,164.2848,158.2803,160.9922,10347820
JPM,2023-04-05,157.7424,160.781,157.065,159.993,3126295
JPM,2023-04-06,157.7085,159.1594,157.4194,158.5354,92023143
JPM,2023-04-07,157.7778,159.9316,157.1594,159.287,22598699
JPM,2023-04-10,153.6586,156.6679,152.2068,155.8946,12066456
JPM,2023-04-11,155.962,158.0744,155.6051,155.7148,8439825
JPM,2023-04-12,157.6717,157.731,153.2456,154.3786,4199335
JPM,2023-04-13,154.8793,159.5482,152.885,156.8316,3925015
JPM,2023-04-14,155.8599,158.3817,155.3979,157.7441,27814380
JPM,2023-04-17,160.4012,161.2427,156.4578,158.5447,7023986
JPM,2023-04-18,155.5904,157.1332,152.798,156.2407,9533920
JPM,2023-04-19,157.5499,158.9299,154.4556,158.3066,17517364
JPM,2023-04-20,159.0898,161.1326,158.5894,160.0103,95788420
JPM,2023-04-21,155.8945,160.9461,154.3488,158.0492,50565900
JPM,2023-04-24,159.1728,160.2068,155.3349,157.6489,6259855
JPM,2023-04-25,162.3916,165.315,161.4567,161.5448,33748011
JPM,2023-04-26,163.3967,165.5917,162.1544,164.4811,18438740
JPM,2023-04-27,166.7317,167.2311,161.7358,163.1557,32185203
JPM,2023-04-28,163.3509,167.0074,163.33,164.1202,21159538
JPM,2023-05-01,167.6806,170.0871,164.0254,166.3626,14999755
JPM,2023-05-02,164.8915,166.7793,163.2415,165.1406,60123655
JPM,2023-05-03,165.3875,166.9586,163.485,163.8896,8522966
JPM,2023-05-04,163.8396,165.2014,162.1343,163.6312,2018206
JPM,2023-05-05,166.2817,166.7987,163.4753,164.0516,5218948
JPM,2023-05-08,165.3266,169.2562,164.7385,166.1322,6049532
JPM,2023-05-09,166.7027,167.3023,161.7343,164.6669,3927667
JPM,2023-05-10,167.5024,168.3207,161.8134,165.5346,18514976
JPM,2023-05-11,161.2044,166.9947,160.2395,164.29,28052332
JPM,2023-05-12,165.6006,166.8358,161.065,163.1509,7039663
JPM,2023-05-15,167.7061,170.7687,163.6724,166.7778,7978992
JPM,2023-05-16,163.9442,167.5038,163.2124,166.6623,17954256
JPM,2023-05-17,162.9045,169.0364,161.7721,165.8612,54953855
JPM,2023-05-18,167.3547,167.4402,163.4984,164.4303,19191687
JPM,2023-05-19,162.8881,164.2532,159.7704,163.345,8897889
JPM,2023-05-22,166.2055,170.8979,165.8458,166.7185,6217875
JPM,2023-05-23,165.9931,170.3233,165.7985,169.1872,50596689
JPM,2023-05-24,174.0508,176.279,169.9027,172.2178,23596296
JPM,2023-05-25,180.2196,180.3589,175.9956,177.0699,20451970
JPM,2023-05-26,183.1848,183.8226,181.3916,183.0682,44706339
JPM,2023-05-29,183.2543,185.4414,181.3645,183.3886,7750804
JPM,2023-05-30,179.8033,183.4488,179.0917,180.4122,23245111
JPM,2023-05-31,175.945,177.0024,173.9011,175.9704,38668611
JPM,2023-06-01,180.2619,182.0238,175.4208,178.716,17578253
JPM,2023-06-02,182.8878,184.0605,178.9314,180.2485,22364688
JPM,2023-06-05,177.8199,179.518,177.6047,178.1832,32180584
JPM,2023-06-06,177.0076,178.9483,176.2549,176.3426,14077639
JPM,2023-06-07,169.8488,175.7221,169.4624,172.8566,6881498
JPM,2023-06-08,171.1115,173.9285,169.9416,173.6162,23150084
JPM,2023-06-09,163.9125,167.5588,163.8522,166.3715,4049979
JPM,2023-06-12,168.0575,171.8798,167.7548,168.1174,12311689
JPM,2023-06-13,161.5188,166.3006,161.1309,165.1583,19939516
JPM,2023-06-14,165.7806,165.8914,165.484,165.8524,7053941
JPM,2023-06-15,163.0399,163.4683,161.5995,163.3083,13443238
JPM,2023-06-16,159.7827,162.4918,158.8065,159.8833,24031265
JPM,2023-06-19,161.0199,161.9471,160.518,160.6031,94523876
JPM,2023-06-20,160.6725,162.4123,160.3507,160.56,22361817
JPM,2023-06-21,160.0631,161.3835,159.3981,159.8198,23755148
JPM,2023-06-22,162.1249,164.9517,159.6092,163.1656,47388982
JPM,2023-06-23,163.8514,165.9211,163.5907,164.3894,19982478
JPM,2023-06-26,162.7317,163.8561,160.8024,162.1326,30092889
JPM,2023-06-27,165.3507,167.0081,164.8955,166.2258,9196768
JPM,2023-06-28,163.7197,167.4639,162.8591,166.6239,12288143
JPM,2023-06-29,170.9095,170.972,165.5603,167.8687,14937706
JPM,2023-06-30,165.1315,167.2196,162.5918,166.4779,46709148
JPM,2023-07-03,164.2391,166.1938,161.3913,163.1529,25299931
JPM,2023-07-04,160.024,164.4881,159.5327,161.1878,84901179
JPM,2023-07-05,164.7687,169.0691,163.4289,165.9933,17420969
JPM,2023-07-06,171.6624,174.0944,165.8454,169.886,30400207
JPM,2023-07-07,170.3244,173.3378,167.2492,169.8651,19323735
JPM,2023-07-10,168.3586,174.3832,167.6095,171.6824,43832636
JPM,2023-07-11,169.8113,175.0891,168.6154,172.0509,9649424
JPM,2023-07-12,168.7506,169.2203,167.6007,167.926,11926556
JPM,2023-07-13,168.9179,169.7026,167.5472,169.0635,9192541
JPM,2023-07-14,167.3421,168.7526,166.845,168.566,29058981
JPM,2023-07-17,170.9962,173.3634,167.5153,169.3653,24877626
JPM,2023-07-18,167.4999,168.8208,167.3803,167.6445,24923351
JPM,2023-07-19,162.893,165.8113,162.4349,165.0996,80409342
JPM,2023-07-20,166.4539,167.1509,165.9364,166.0168,10696003
JPM,2023-07-21,162.8376,164.2158,161.6694,163.2549,17943233
JPM,2023-07-24,163.2805,167.656,161.8108,165.526,21407572
JPM,2023-07-25,168.5588,169.2597,166.7931,168.3136,21082985
JPM,2023-07-26,170.2018,172.5106,168.9285,169.3427,9524892
JPM,2023-07-27,168.506,169.5424,167.7169,168.7756,12943536
JPM,2023-07-28,172.9651,174.5448,171.6923,171.7622,27609105
JPM,2023-07-31,172.2196,176.5967,171.6389,173.0578,13622528
JPM,2023-08-01,177.6795,178.9872,174.8753,175.131,35618431
JPM,2023-08-02,179.681,179.8175,173.7347,177.1991,9640808
JPM,2023-08-03,177.1615,178.7465,174.5223,177.5348,12874218
JPM,2023-08-04,176.7252,180.4679,173.3044,177.5368,8848624
JPM,2023-08-07,177.6067,180.7221,175.3745,178.8652,10496143
JPM,2023-08-08,183.6232,183.8143,177.4072,180.1099,10299604
JPM,2023-08-09,180.5447,184.2279,177.7864,182.3696,18213958
JPM,2023-08-10,182.0035,183.0816,180.0135,182.9903,7242957
JPM,2023-08-11,180.7861,183.3868,180.0606,180.3029,67329704
JPM,2023-08-14,177.3415,179.2708,174.5591,177.6561,25684026
JPM,2023-08-15,180.5684,181.5143,172.825,177.1246,14551726
JPM,2023-08-16,177.1977,179.2903,176.3516,178.9393,10834952
JPM,2023-08-17,179.8458,181.0422,179.7852,180.0839,17391819
JPM,2023-08-18,181.6612,184.4952,177.2282,181.5866,15258700
JPM,2023-08-21,183.5106,186.594,180.368,183.9005,18111598
JPM,2023-08-22,183.4338,186.5529,181.2388,183.7229,2636541
JPM,2023-08-23,177.3204,181.7543,176.8621,180.6753,12604782
JPM,2023-08-24,178.165,182.3121,177.6054,178.0252,21092385
JPM,2023-08-25,177.3477,177.3665,171.4315,175.7222,16472988
JPM,2023-08-28,179.239,179.9073,174.735,176.2404,7829150
JPM,2023-08-29,179.5507,179.865,174.6564,176.2302,10057985
JPM,2023-08-30,180.7131,182.1173,179.0755,179.3124,3969758
JPM,2023-08-31,176.583,184.514,176.0867,180.3904,7152694
JPM,2023-09-01,180.0487,180.7262,174.9611,178.792,19838757
JPM,2023-09-04,177.4031,177.6587,173.2135,176.7529,16752243
JPM,2023-09-05,177.3525,181.0837,173.7126,178.1153,9925598
JPM,2023-09-06,178.188,181.9985,177.4032,179.7499,86986792
JPM,2023-09-07,180.9391,182.8913,179.044,179.1603,15601376
JPM,2023-09-08,178.8008,179.3703,176.4912,179.3565,15062623
JPM,2023-09-11,180.8435,181.8207,176.602,180.7308,14886245
JPM,2023-09-12,177.5477,181.0397,175.688,178.2791,26866450
JPM,2023-09-13,178.6871,181.1294,177.0552,177.5643,5670813
JPM,2023-09-14,178.199,181.9554,176.8386,178.008,15841108
JPM,2023-09-15,178.5263,180.0954,175.3204,176.6062,10027665
JPM,2023-09-18,174.7784,178.7685,174.1218,178.4318,8825568
JPM,2023-09-19,173.1059,179.1564,172.1839,176.0955,1696187
JPM,2023-09-20,180.8952,181.2719,174.2295,177.7755,22887973
JPM,2023-09-21,180.8147,182.2767,178.1032,178.9151,29086679
JPM,2023-09-22,183.0753,183.6519,177.7172,180.3748,7550228
JPM,2023-09-25,178.9648,181.3797,177.3501,179.6457,5246686
JPM,2023-09-26,179.4162,182.319,178.7265,179.7101,133484613
JPM,2023-09-27,175.786,175.9838,170.5815,174.4354,4716272
JPM,2023-09-28,172.7072,175.5299,170.7407,173.1688,13253557
JPM,2023-09-29,174.098,174.7577,170.4395,173.642,7538820
JPM,2023-10-02,173.8495,175.8255,170.2733,171.9096,4424843
JPM,2023-10-03,176.7509,177.9076,176.1565,177.6303,23821878
JPM,2023-10-04,177.0564,179.5136,176.3791,178.1402,6047790
JPM,2023-10-05,173.5753,177.804,173.5064,176.6692,13252252
JPM,2023-10-06,180.1386,180.3253,177.3699,179.5745,69616975
JPM,2023-10-09,177.0318,178.5875,174.0321,177.268,53690800
JPM,2023-10-10,178.5556,179.7001,175.0193,175.7262,53102002
JPM,2023-10-11,172.9081,173.8125,171.5022,173.7927,21045719
JPM,2023-10-12,174.3195,178.4345,172.4066,174.2827,15306858
JPM,2023-10-13,173.8198,179.1654,173.025,176.1574,8266494
JPM,2023-10-16,172.5823,177.08,171.3246,174.6492,27015308
JPM,2023-10-17,177.2102,178.2352,175.2291,175.4125,8427502
JPM,2023-10-18,174.5469,175.0167,173.9132,174.9384,4854591
JPM,2023-10-19,172.3053,176.7867,169.5933,172.8445,26124195
JPM,2023-10-20,178.3041,178.31,172.6723,174.979,11374987
JPM,2023-10-23,177.2436,178.6822,173.7021,174.3057,37761114
JPM,2023-10-24,176.6175,176.9711,173.69,176.1574,1476161
JPM,2023-10-25,177.562,181.7763,177.4906,177.5898,8459737
JPM,2023-10-26,180.8058,181.2799,180.6108,180.8042,5969637
JPM,2023-10-27,178.8836,180.1728,178.1618,178.2646,12517873
JPM,2023-10-30,172.3575,178.096,170.5577,174.5694,12821155
JPM,2023-10-31,176.4142,179.007,175.9604,178.6898,14156119
JPM,2023-11-01,181.6173,184.1079,179.0462,182.5118,13685783
JPM,2023-11-02,183.8976,185.8372,182.0232,183.4297,35662428
JPM,2023-11-03,188.445,189.2798,185.0473,185.1576,10005793
JPM,2023-11-06,183.0317,184.8252,180.3987,184.2085,36494892
JPM,2023-11-07,186.211,187.9644,184.398,184.6563,11421842
JPM,2023-11-08,180.7407,181.8784,180.2032,180.3603,24721460
JPM,2023-11-09,183.2774,186.0587,178.4948,182.4028,12948260
JPM,2023-11-10,184.3669,187.0197,182.1759,183.9955,4643683
JPM,2023-11-13,182.7417,185.7905,180.0189,184.5391,31878591
JPM,2023-11-14,188.327,190.3966,182.5992,186.5043,21430967
JPM,2023-11-15,188.1088,189.7554,187.4835,187.7882,25741874
JPM,2023-11-16,188.4538,194.2987,186.3526,190.9758,5564230
JPM,2023-11-17,189.6294,192.8006,189.0165,191.1532,28837449
JPM,2023-11-20,190.6421,191.4324,188.105,189.0719,18551324
JPM,2023-11-21,194.7269,195.4858,193.1882,193.5785,28718725
JPM,2023-11-22,189.9472,195.4813,189.5927,193.9828,5020587
JPM,2023-11-23,196.1225,197.161,192.2139,195.5477,5672574
JPM,2023-11-24,198.8134,203.3552,195.434,198.7125,7449335
JPM,2023-11-27,199.8634,204.0991,196.0485,200.9303,29258375
JPM,2023-11-28,198.715,198.7837,197.6589,198.7829,16126443
JPM,2023-11-29,195.9682,199.3276,193.2006,197.612,15768243
JPM,2023-11-30,194.9436,198.1717,194.3132,197.536,13567794
JPM,2023-12-01,199.1592,202.7201,197.3097,199.4788,3993529
JPM,2023-12-04,193.4658,196.4391,192.8187,194.5934,6895605
JPM,2023-12-05,193.2031,196.6829,192.1379,193.3974,22854396
JPM,2023-12-06,191.6776,194.7802,187.524,192.3081,42591847
JPM,2023-12-07,191.3187,192.2994,189.4427,190.5801,9207551
JPM,2023-12-08,187.4852,192.9228,185.5548,189.6454,10303308
JPM,2023-12-11,189.2984,192.7855,187.3534,191.5309,16673432
JPM,2023-12-12,195.0061,197.2779,189.4998,194.2899,6147418
JPM,2023-12-13,194.3519,198.0348,192.0455,195.2686,13766950
JPM,2023-12-14,197.5953,198.2202,193.831,194.1364,5287029
JPM,2023-12-15,191.8395,195.5339,187.8457,192.0369,13914724
JPM,2023-12-18,195.899,200.5473,194.1673,196.7337,27458632
JPM,2023-12-19,201.4828,202.2354,200.4307,201.0968,11529812
JPM,2023-12-20,199.3348,203.7347,197.3513,200.1202,6378012
JPM,2023-12-21,202.4937,202.7216,200.5094,201.2999,10246678
JPM,2023-12-22,203.8453,204.6774,201.9141,201.9518,3365682
JPM,2023-12-25,201.2262,203.189,196.3917,199.5485,13564452
JPM,2023-12-26,195.121,199.0456,194.1437,196.3772,9846001
JPM,2023-12-27,197.2996,201.2554,195.5444,197.9771,10124001
JPM,2023-12-28,196.575,200.2078,195.7032,198.4528,10304982
JPM,2023-12-29,200.2618,200.8665,197.1128,199.1534,5538560
JPM,2024-01-01,198.6401,200.9218,196.5864,198.4773,17311344
JPM,2024-01-02,202.483,205.8014,201.1159,202.1217,28806253
JPM,2024-01-03,203.3375,204.5006,197.0697,199.9372,1721197
JPM,2024-01-04,198.0937,201.8006,197.3365,197.9364,24069286
JPM,2024-01-05,199.4119,201.0186,195.2187,197.9396,4517798
JPM,2024-01-08,200.3231,200.7281,194.4282,196.3742,7531037
JPM,2024-01-09,197.5826,199.2107,194.8203,197.6567,17909503
JPM,2024-01-10,200.0717,200.566,193.6624,198.5408,25673064
JPM,2024-01-11,200.7721,201.3939,197.4559,197.9672,16334043
JPM,2024-01-12,201.0384,203.0514,197.8941,199.7021,20687448
JPM,2024-01-15,198.6479,201.6708,197.2549,198.2152,34534965
JPM,2024-01-16,203.0343,204.9617,199.8866,200.0171,31632648
JPM,2024-01-17,200.3856,203.7582,198.6396,199.844,19667283
JPM,2024-01-18,198.0082,205.5798,197.2052,201.357,23549010
JPM,2024-01-19,205.9401,208.9358,205.2793,206.2443,28163033
JPM,2024-01-22,207.3678,210.4536,207.0549,207.4954,17167586
JPM,2024-01-23,208.2798,211.7498,205.1759,207.4486,14216105
JPM,2024-01-24,200.7507,205.0916,199.6001,204.0764,24709164
JPM,2024-01-25,206.5948,209.3056,203.2338,204.848,6799647
JPM,2024-01-26,205.1735,207.6742,205.153,206.8333,70694465
JPM,2024-01-29,207.0706,208.6035,202.5363,207.3336,30887201
JPM,2024-01-30,211.9719,212.6407,211.6315,212.1674,10784345
JPM,2024-01-31,207.2906,213.1594,206.8556,211.4147,31755236
JPM,2024-02-01,209.2079,209.9266,205.0564,208.0489,8299410
JPM,2024-02-02,203.2047,207.8993,203.1959,207.4013,15776981
JPM,2024-02-05,201.8749,204.7097,201.2245,204.0621,24355701
JPM,2024-02-06,206.6963,210.7864,204.285,205.9966,18941559
JPM,2024-02-07,208.6071,211.9454,203.2502,207.8314,3250965
JPM,2024-02-08,204.1565,208.2462,201.0259,203.2638,12719042
JPM,2024-02-09,199.1565,200.5207,195.6597,199.0148,31281196
JPM,2024-02-12,201.8203,202.0937,198.1397,201.4993,8279832
JPM,2024-02-13,200.6085,204.1463,199.763,202.0462,21857492
JPM,2024-02-14,200.7566,206.6963,198.5064,202.5085,16924283
JPM,2024-02-15,202.2662,205.6247,201.7188,204.8668,6717466
JPM,2024-02-16,208.9111,209.0513,205.7902,208.1339,24390766
JPM,2024-02-19,205.7491,207.0924,203.098,205.3272,4854209
JPM,2024-02-20,203.4921,206.8489,200.0996,203.8904,12920427
JPM,2024-02-21,205.1498,205.5454,204.7355,204.8311,19788325
JPM,2024-02-22,205.1686,205.3057,200.4216,204.3174,4925338
JPM,2024-02-23,208.0428,209.1867,203.9631,208.6355,4331613
JPM,2024-02-26,211.7935,214.4883,210.6492,212.5201,10145996
JPM,2024-02-27,214.7405,216.6947,209.6369,213.6859,14189811
JPM,2024-02-28,220.7129,222.1857,216.7829,216.9913,12764235
JPM,2024-02-29,219.8422,222.5869,213.5289,217.2633,13658367
JPM,2024-03-01,216.6256,220.0765,215.7598,219.6379,7227014
JPM,2024-03-04,220.9449,223.4712,220.9424,222.2881,3071898
JPM,2024-03-05,217.47,222.0472,216.9174,221.0127,23821799
JPM,2024-03-06,224.7501,226.502,219.786,223.271,9884088
JPM,2024-03-07,221.186,222.9226,218.6322,222.463,10466570
JPM,2024-03-08,227.1296,231.0899,220.6252,226.2863,11872190
JPM,2024-03-11,222.2912,224.6444,222.1255,224.2688,5899367
JPM,2024-03-12,226.3338,226.758,222.1078,222.8312,8471660
JPM,2024-03-13,227.1343,228.2782,222.9287,226.5506,2059969
JPM,2024-03-14,225.6294,230.4927,225.2378,230.3343,17244022
JPM,2024-03-15,234.9242,235.038,228.6647,230.6425,13018526
JPM,2024-03-18,224.3039,228.5011,222.5729,226.1288,1860130
JPM,2024-03-19,224.5852,228.8928,223.0181,224.1228,9071058
JPM,2024-03-20,220.0557,223.045,217.9434,222.7149,10408173
JPM,2024-03-21,227.1697,227.2702,220.8029,225.3692,11330180
JPM,2024-03-22,226.9745,227.1627,221.7486,226.1424,7065139
JPM,2024-03-25,225.562,229.8848,220.3467,226.0281,2350737
JPM,2024-03-26,223.3043,232.6896,223.1377,228.722,5977618
JPM,2024-03-27,231.3467,234.5582,230.1207,231.666,1264092
JPM,2024-03-28,233.296,235.8094,227.8768,233.7113,9074466
JPM,2024-03-29,233.254,236.1745,231.7959,231.9806,11586929
JPM,2024-04-01,235.2534,237.0818,228.7052,232.6458,2722899
JPM,2024-04-02,238.9925,241.4228,235.8127,238.0295,41185414
JPM,2024-04-03,238.2005,240.4346,233.1428,236.5956,9644884
JPM,2024-04-04,240.1481,240.5195,237.7193,237.8785,6962674
JPM,2024-04-05,237.9971,245.6447,234.1916,239.7115,13982223
JPM,2024-04-08,229.4103,234.7882,227.5094,231.6902,13812276
JPM,2024-04-09,236.656,236.6592,235.718,235.8012,14206751
JPM,2024-04-10,234.0473,235.0113,230.752,231.5861,13137805
JPM,2024-04-11,230.9355,234.8732,229.9517,232.9686,3401974
JPM,2024-04-12,229.3056,231.7034,228.6514,231.4405,2011889
JPM,2024-04-15,226.3321,227.6682,224.6873,226.7915,18584702
JPM,2024-04-16,221.8997,227.3008,220.5048,223.4287,10320433
JPM,2024-04-17,226.9945,228.1206,222.3815,225.5138,18438188
JPM,2024-04-18,222.5076,228.9471,221.6494,225.5792,17369702
JPM,2024-04-19,223.9425,229.5189,222.1549,225.2974,29326182
JPM,2024-04-22,226.883,229.7888,226.7707,226.9622,7608471
JPM,2024-04-23,226.4087,227.9228,222.4423,226.1878,63148036
JPM,2024-04-24,226.9899,230.7929,223.0893,226.8937,3978265
JPM,2024-04-25,228.9272,235.0709,227.7095,231.6696,39326227
JPM,2024-04-26,233.4044,234.0648,229.8886,230.7381,25046482
JPM,2024-04-29,229.2612,229.3189,227.8406,228.7361,19119359
JPM,2024-04-30,226.6476,234.8875,226.11,229.2412,3661877
JPM,2024-05-01,230.0552,231.2924,229.4366,230.186,12650150
JPM,2024-05-02,228.9805,233.7591,228.4717,229.1044,11966227
JPM,2024-05-03,231.7914,232.6291,229.8047,231.2645,6748763
JPM,2024-05-06,230.7954,232.7657,226.6701,227.4468,6749736
JPM,2024-05-07,230.3335,230.3589,223.5995,228.1285,9900302
JPM,2024-05-08,220.8584,230.2482,220.2554,225.0489,10069503
JPM,2024-05-09,221.2243,227.832,221.0692,226.6496,18316111
JPM,2024-05-10,222.7447,225.6185,217.9419,223.47,24368472
JPM,2024-05-13,221.8018,222.5125,219.9095,221.1432,25886853
JPM,2024-05-14,223.091,225.8612,221.9405,223.6731,1621567
JPM,2024-05-15,218.3937,223.7254,218.2703,222.7719,30961748
JPM,2024-05-16,218.0983,222.32,217.0448,218.7746,16169930
JPM,2024-05-17,215.1343,219.4775,212.8694,216.3624,3585302
JPM,2024-05-20,220.0814,220.3554,211.1849,216.1972,13743378
JPM,2024-05-21,217.6316,220.7441,217.072,218.3453,38797548
JPM,2024-05-22,219.7585,221.9937,217.6069,221.5148,11150415
JPM,2024-05-23,215.5426,215.6007,214.6652,214.9383,22067540
JPM,2024-05-24,213.8537,214.6833,205.9352,209.8543,6029078
JPM,2024-05-27,207.0663,209.9246,205.5966,206.0331,8165075
JPM,2024-05-28,205.4724,209.8842,202.9029,208.0115,21309205
JPM,2024-05-29,206.3049,209.9175,205.9211,206.653,9542806
JPM,2024-05-30,206.0301,208.5329,203.7241,207.7917,38273269
JPM,2024-05-31,203.5603,209.6642,203.4198,206.8767,9976658
JPM,2024-06-03,206.2227,212.4024,202.3711,207.5431,19060154
JPM,2024-06-04,206.9296,209.5008,206.8425,208.2208,4634740
JPM,2024-06-05,207.4012,207.4384,204.2036,204.7775,4947198
JPM,2024-06-06,209.103,210.7589,204.8095,206.7882,23486479
JPM,2024-06-07,206.065,211.7449,205.6679,207.1326,25552089
JPM,2024-06-10,207.809,209.6146,207.0264,208.5064,15232707
JPM,2024-06-11,207.1787,209.5045,204.8326,208.2017,20032250
JPM,2024-06-12,212.6165,213.1874,206.9589,208.7251,12808792
JPM,2024-06-13,211.9576,212.2474,207.213,209.7192,20301732
JPM,2024-06-14,210.4909,212.0345,207.9406,210.4133,17699044
JPM,2024-06-17,208.6122,212.2347,205.6498,208.3702,5996397
JPM,2024-06-18,208.1126,212.6566,206.1117,209.5328,30804315
JPM,2024-06-19,214.6731,216.4362,208.1875,211.8766,19537752
JPM,2024-06-20,208.9887,210.9326,207.6771,210.0441,8632056
JPM,2024-06-21,210.5032,210.8155,210.4633,210.6759,32806802
JPM,2024-06-24,217.5211,217.6727,214.7107,214.9692,39282247
JPM,2024-06-25,214.1638,214.2333,213.6319,213.9881,21873836
JPM,2024-06-26,216.0179,219.2009,214.768,214.8125,5996767
JPM,2024-06-27,215.9816,222.9342,213.8402,217.8193,35926301
JPM,2024-06-28,218.5532,221.7932,217.1344,217.6044,9553692
JPM,2024-07-01,223.6379,223.7256,217.9415,218.3507,32409571
JPM,2024-07-02,218.1166,221.8169,216.4743,218.1642,4817420
JPM,2024-07-03,220.7585,221.0985,220.2406,220.8777,7026218
JPM,2024-07-04,216.5132,218.4492,216.2741,216.645,11814076
JPM,2024-07-05,213.3253,216.847,213.1004,214.3963,30453190
JPM,2024-07-08,214.2751,218.4261,209.8536,214.9213,21383131
JPM,2024-07-09,216.0745,218.4813,215.5542,217.7667,15453160
JPM,2024-07-10,217.1598,222.0164,215.2182,219.2023,7934656
JPM,2024-07-11,216.7527,217.8349,216.3295,216.7073,30696183
JPM,2024-07-12,212.2328,219.5505,212.0601,214.8709,6935085
JPM,2024-07-15,212.5641,213.4912,208.3652,213.1396,7238373
JPM,2024-07-16,211.1929,212.7908,210.8972,211.1583,14781092
JPM,2024-07-17,208.9575,211.8741,207.8446,209.1913,15391883
JPM,2024-07-18,212.5638,216.3276,209.7502,211.9182,10511333
JPM,2024-07-19,216.0612,218.2692,209.9491,214.1902,18286099
JPM,2024-07-22,216.5461,217.1993,216.4134,216.784,28518146
JPM,2024-07-23,212.1203,215.1387,209.511,213.9512,15484158
JPM,2024-07-24,213.0547,214.3484,210.0322,211.5873,9325822
JPM,2024-07-25,211.9005,215.0014,206.3858,209.7805,16778308
JPM,2024-07-26,208.3682,211.4384,206.1867,206.7313,4578847
JPM,2024-07-29,204.0352,210.072,201.7191,205.8221,26161155
JPM,2024-07-30,205.885,208.0925,204.0289,206.3068,4752602
JPM,2024-07-31,207.3862,211.0085,204.0932,207.86,4405752
JPM,2024-08-01,205.4496,208.7301,203.7792,207.1188,16130199
JPM,2024-08-02,209.2407,209.5557,208.148,209.1803,158381414
JPM,2024-08-05,207.7796,210.0547,207.2956,209.1477,23137890
JPM,2024-08-06,208.3977,209.9083,205.0252,207.0173,6590004
JPM,2024-08-07,206.8283,208.7522,203.6014,206.969,31442105
JPM,2024-08-08,205.4306,207.3313,203.2719,204.7616,56726035
JPM,2024-08-09,202.6685,206.8162,201.9036,203.483,17815038
JPM,2024-08-12,206.5237,207.3057,204.246,205.044,9468069
JPM,2024-08-13,203.8228,205.8965,203.8155,205.2387,12341055
JPM,2024-08-14,203.9563,204.649,203.5987,204.4328,39966892
JPM,2024-08-15,203.9425,207.5713,202.5411,203.0879,2116664
JPM,2024-08-16,200.5999,204.4953,197.5502,202.3982,15553383
JPM,2024-08-19,201.2973,203.0909,201.0592,201.8771,17742100
JPM,2024-08-20,202.3762,203.9264,196.5716,199.7022,10305721
JPM,2024-08-21,203.4114,205.7934,201.8434,203.6257,23493336
JPM,2024-08-22,199.1333,199.2129,195.0368,198.6447,7050183
JPM,2024-08-23,200.2599,202.7366,199.5718,201.3539,8958822
JPM,2024-08-26,196.9716,201.7986,196.8364,201.4322,83761957
JPM,2024-08-27,205.3673,207.6731,203.982,206.784,20741039
JPM,2024-08-28,202.8316,206.6057,202.1978,206.3017,16512441
JPM,2024-08-29,208.4467,209.3864,203.8491,207.4907,12982317
JPM,2024-08-30,207.9032,208.6226,202.0486,206.1665,39701809
JPM,2024-09-02,206.3277,206.5011,203.0792,204.2856,21801927
JPM,2024-09-03,205.418,208.2102,202.6782,203.5991,8907984
JPM,2024-09-04,205.8475,206.1175,202.16,205.7097,17719027
JPM,2024-09-05,206.8912,207.18,202.9839,204.2904,16641905
JPM,2024-09-06,202.9313,205.0709,201.5037,202.4858,9689961
JPM,2024-09-09,205.6954,207.7041,203.7951,203.9646,12024027
JPM,2024-09-10,200.0435,203.1436,196.5506,199.9139,41823845
JPM,2024-09-11,203.4356,209.271,202.6543,205.3236,9061269
JPM,2024-09-12,210.1559,210.4389,206.1349,207.0328,18114096
JPM,2024-09-13,204.304,209.3283,203.3155,208.1612,22808530
JPM,2024-09-16,208.4038,209.2325,207.4906,208.9996,36205718
JPM,2024-09-17,214.1017,216.2564,211.4655,212.8814,18217682
JPM,2024-09-18,209.2886,212.538,208.8885,210.366,7719142
JPM,2024-09-19,209.6924,212.4966,208.0706,211.9368,12072188
JPM,2024-09-20,212.4661,214.1795,210.0209,211.0653,10752780
JPM,2024-09-23,210.5766,214.4569,208.1895,209.7637,15917534
JPM,2024-09-24,211.4125,213.5789,209.4635,209.6473,4876014
JPM,2024-09-25,210.9511,214.1969,204.5941,209.1114,17472845
JPM,2024-09-26,205.5021,205.9513,204.1672,204.5927,2178876
JPM,2024-09-27,201.4658,207.2949,200.2975,204.7703,7823868
JPM,2024-09-30,202.9112,207.8314,201.6379,203.3293,6929196
JPM,2024-10-01,199.1632,200.1877,194.5735,199.3419,31783978
JPM,2024-10-02,204.6852,204.8155,197.511,201.4274,13540092
JPM,2024-10-03,199.6797,204.364,197.0757,201.6341,13206913
JPM,2024-10-04,204.2271,204.7829,202.5351,204.6212,25351346
JPM,2024-10-07,204.2799,205.4811,202.4386,204.5219,8934851
JPM,2024-10-08,203.7018,207.2054,202.9343,204.6712,10644818
JPM,2024-10-09,203.1392,205.8215,199.4089,203.4931,10905631
JPM,2024-10-10,202.3548,202.5285,201.0768,201.8185,21244329
JPM,2024-10-11,197.5326,198.656,196.1487,197.4284,4729754
JPM,2024-10-14,196.4799,199.8827,193.211,195.1299,58890535
JPM,2024-10-15,193.8261,194.0017,191.9655,193.2233,28172501
JPM,2024-10-16,194.247,195.3153,186.6591,191.3696,30454501
JPM,2024-10-17,193.8791,193.8904,190.031,191.0724,15443412
JPM,2024-10-18,190.1861,194.0803,186.7062,190.5603,37528018
JPM,2024-10-21,190.1775,192.1114,187.547,191.5689,67520696
JPM,2024-10-22,190.1278,195.1186,190.0072,193.1436,7542270
JPM,2024-10-23,194.3792,197.6821,194.2022,195.86,10714449
JPM,2024-10-24,201.0786,202.7245,198.4393,200.2792,22907151
JPM,2024-10-25,196.6967,199.1207,196.6827,199.0416,4895072
JPM,2024-10-28,197.8136,203.9976,197.2244,199.4996,17515353
JPM,2024-10-29,203.4375,204.4087,198.8901,200.3475,19831590
JPM,2024-10-30,198.1627,200.0544,194.0443,197.1787,14763734
JPM,2024-10-31,199.2161,204.3143,196.7307,201.161,13479587
JPM,2024-11-01,204.2921,207.6496,203.1944,203.8414,50949481
JPM,2024-11-04,205.526,205.6952,200.7207,203.667,8067234
JPM,2024-11-05,204.3364,204.858,202.2733,204.7044,53887935
JPM,2024-11-06,201.0479,203.4665,198.6065,200.3514,12839826
JPM,2024-11-07,194.7803,202.4825,194.5791,197.8941,6149567
JPM,2024-11-08,198.7574,199.5414,196.7024,199.3866,3583821
JPM,2024-11-11,197.6501,200.3438,195.5542,199.1838,44759884
JPM,2024-11-12,204.1439,205.3525,203.0106,203.6625,14059912
JPM,2024-11-13,203.0909,205.1294,198.5642,202.635,11303681
JPM,2024-11-14,202.6065,202.9448,201.2495,202.0013,5997785
JPM,2024-11-15,202.1859,205.6126,199.9733,203.9675,14470953
JPM,2024-11-18,208.9766,209.6646,202.2186,205.148,9952884
JPM,2024-11-19,207.7938,208.8464,203.1625,205.203,21010156
JPM,2024-11-20,207.831,212.0644,206.9424,209.8327,13268994
JPM,2024-11-21,212.079,219.0534,210.0572,214.8137,9972611
JPM,2024-11-22,215.8406,216.2844,207.3409,212.4223,9712528
JPM,2024-11-25,212.068,214.4251,210.5284,213.6233,7846671
JPM,2024-11-26,209.828,211.7669,207.7934,211.417,98705199
JPM,2024-11-27,211.5612,216.3713,210.4085,212.8405,76752778
JPM,2024-11-28,209.1203,210.2322,208.3803,209.7709,9151793
JPM,2024-11-29,213.541,218.7951,209.5346,214.6028,7217471
JPM,2024-12-02,208.453,214.7131,208.0296,212.8881,3312899
JPM,2024-12-03,208.4752,213.5895,205.5901,209.0071,46092793
JPM,2024-12-04,204.4281,207.5907,199.7442,204.5982,4009664
JPM,2024-12-05,207.5193,209.6698,207.0351,207.3561,14513754
JPM,2024-12-06,208.6243,209.7269,204.401,208.1204,26866874
JPM,2024-12-09,205.1602,209.0098,205.1427,207.4971,19915569
JPM,2024-12-10,207.4119,208.2458,206.1235,206.9321,77055407
JPM,2024-12-11,207.0218,208.9539,205.3128,207.919,10085764
JPM,2024-12-12,207.7966,208.0141,206.4838,207.2417,80482208
JPM,2024-12-13,208.5339,210.0964,202.5129,206.7328,9983229
JPM,2024-12-16,209.6472,210.4271,204.2432,207.7407,9451399
JPM,2024-12-17,205.612,208.7816,205.2443,207.5652,12304077
JPM,2024-12-18,205.6128,208.2653,202.4934,207.3424,17516711
JPM,2024-12-19,206.6666,209.7566,206.0413,207.1152,7235232
JPM,2024-12-20,204.4765,210.0653,203.9401,208.9739,21850369
JPM,2024-12-23,211.0585,213.6999,204.624,209.8304,45605881
JPM,2024-12-24,212.3271,213.2241,210.475,210.8886,14548846
JPM,2024-12-25,214.3587,215.6209,209.1012,210.3214,11799432
JPM,2024-12-26,212.9576,213.8631,206.8088,210.5305,7870865
JPM,2024-12-27,216.3685,216.8294,208.4465,211.8293,9698404
JPM,2024-12-30,213.597,215.656,210.8516,213.0535,26368641
JPM,2024-12-31,211.3755,215.8791,210.6849,215.7019,37003233
JPM,2025-01-01,220.6156,223.2616,217.3678,219.2517,10296371
JPM,2025-01-02,224.4609,230.8629,223.6003,225.5701,23565657
JPM,2025-01-03,224.1356,226.0552,221.6505,222.2103,10183902
JPM,2025-01-06,219.8869,220.0807,216.7712,217.7368,2718869
JPM,2025-01-07,219.5292,221.3604,214.587,216.3436,10833727
JPM,2025-01-08,211.3577,220.4657,210.2207,215.4672,23067494
JPM,2025-01-09,215.553,217.6494,213.9645,216.0662,35435094
JPM,2025-01-10,216.4086,217.2719,214.5574,215.7891,15413393
JPM,2025-01-13,212.9621,215.5993,210.6271,211.8921,16494210
JPM,2025-01-14,216.3055,217.5117,212.6304,214.8916,35677773
JPM,2025-01-15,220.7564,223.7118,218.3047,219.2665,2872073
JPM,2025-01-16,215.8937,216.4062,214.7665,214.7687,11477883
JPM,2025-01-17,217.9121,218.0185,210.442,212.7265,7984874
JPM,2025-01-20,213.9645,217.1088,213.201,214.1166,8824611
JPM,2025-01-21,208.493,212.107,204.0409,208.7156,3374191
JPM,2025-01-22,209.4413,214.9308,206.0029,210.9788,8210119
JPM,2025-01-23,207.0801,210.7999,206.5871,210.7241,115550048
JPM,2025-01-24,210.7087,214.2851,207.7462,212.4409,5229743
JPM,2025-01-27,208.1902,211.4789,205.6638,210.0998,50353142
JPM,2025-01-28,207.3877,214.1123,204.8771,209.645,25672809
JPM,2025-01-29,209.4042,211.1797,208.5045,210.513,73146602
JPM,2025-01-30,209.7397,212.1425,208.7378,209.0402,29109414
JPM,2025-01-31,210.0142,212.4753,208.6736,208.9991,30993304
JPM,2025-02-03,209.6275,210.6881,207.6892,210.39,45628987
JPM,2025-02-04,212.5803,213.8595,212.24,212.8616,45635028
JPM,2025-02-05,208.7847,209.4329,205.7711,206.8982,2758428
JPM,2025-02-06,203.573,207.5688,201.2785,204.8038,83252057
JPM,2025-02-07,198.9834,202.6764,196.4246,200.338,6774898
JPM,2025-02-10,196.8562,199.3743,193.4412,197.4252,13610542
JPM,2025-02-11,201.0086,203.5059,198.6308,199.9902,39125706
JPM,2025-02-12,195.6625,198.7648,195.4043,197.8841,23239802
JPM,2025-02-13,202.4262,202.6544,196.0963,200.4461,2158815
JPM,2025-02-14,197.9593,199.9385,197.2297,198.205,45144410
JPM,2025-02-17,197.1468,201.0685,195.1545,197.7524,17592695
JPM,2025-02-18,198.6424,199.3793,196.0022,198.0634,9695332
JPM,2025-02-19,201.4599,203.5282,200.4248,201.1876,21671994
JPM,2025-02-20,202.2782,202.8284,199.5381,200.571,7999144
JPM,2025-02-21,195.5237,196.9596,192.0953,196.538,4511971
JPM,2025-02-24,197.5049,197.9225,194.6294,196.1617,84495275
JPM,2025-02-25,197.9223,200.8579,196.5955,198.5435,6929812
JPM,2025-02-26,202.1862,204.3805,201.2039,202.5395,69027695
JPM,2025-02-27,206.1099,208.8055,201.3873,204.96,11471141
JPM,2025-02-28,199.2742,199.4283,197.48,199.3292,21816059
JPM,2025-03-03,197.8993,198.0773,193.0315,194.1639,32066744
JPM,2025-03-04,194.1401,197.2925,191.1295,195.1215,4696554
JPM,2025-03-05,199.5865,201.27,196.3818,198.3572,25011786
JPM,2025-03-06,194.954,199.6066,194.8439,199.1127,1846760
JPM,2025-03-07,199.0013,202.5424,196.5594,201.3831,51440494
JPM,2025-03-10,199.4025,201.5813,197.2322,200.982,17498454
JPM,2025-03-11,197.8895,198.531,194.9084,197.8373,13437121
JPM,2025-03-12,203.0606,204.3702,201.2134,201.2356,28126402
JPM,2025-03-13,200.5601,204.47,199.2097,200.7466,18419926
JPM,2025-03-14,198.3924,199.4853,195.7387,198.6021,3700777
JPM,2025-03-17,200.9655,202.1182,198.3486,200.9,14600006
JPM,2025-03-18,207.2277,209.1607,202.6688,204.4457,17758986
JPM,2025-03-19,205.9098,206.6552,202.4033,203.8598,31008350
JPM,2025-03-20,207.6753,208.9949,200.1456,204.1415,25312825
JPM,2025-03-21,197.8799,203.6573,194.8684,199.2182,8023502
JPM,2025-03-24,200.8755,202.2023,195.8238,198.6339,13245789
JPM,2025-03-25,197.4752,197.8071,196.1909,196.7735,11493287
JPM,2025-03-26,190.5988,194.5933,189.1738,193.3525,31573437
JPM,2025-03-27,194.3695,195.1015,189.2725,192.0108,11259101
JPM,2025-03-28,193.2446,195.3089,187.3909,190.6717,88455604
JPM,2025-03-31,187.4364,190.9954,186.3509,189.6349,10093382
JPM,2025-04-01,193.6435,194.3059,186.3667,189.7302,4738188
JPM,2025-04-02,183.8002,190.7954,183.0241,186.9431,19534039
JPM,2025-04-03,190.827,191.6309,184.6667,187.8404,10013671
JPM,2025-04-04,190.531,190.8758,186.0456,186.3604,5993174
JPM,2025-04-07,183.7622,185.6321,180.1094,183.2266,19256180
JPM,2025-04-08,188.663,189.0129,184.3199,184.6024,5980221
JPM,2025-04-09,184.8015,186.0627,183.0797,184.9396,39633248
JPM,2025-04-10,185.6369,187.8997,181.0401,184.7539,14819236
JPM,2025-04-11,181.4074,184.3284,179.2652,182.8702,34676246
JPM,2025-04-14,180.4479,183.1558,179.8158,182.8356,19544128
JPM,2025-04-15,180.8559,185.0453,179.4668,181.8652,56207540
JPM,2025-04-16,184.7416,186.2667,181.7336,185.5069,12511130
JPM,2025-04-17,186.5028,190.5384,185.3279,186.0023,50483362
JPM,2025-04-18,183.5863,184.3075,182.4715,183.9584,16447005
JPM,2025-04-21,183.5766,184.5099,180.5024,183.6251,13203123
JPM,2025-04-22,185.3639,189.7939,183.9988,186.8944,53649379
JPM,2025-04-23,192.2781,195.1494,190.4962,190.9274,9576224
JPM,2025-04-24,189.7269,191.6819,188.1616,190.6583,8354183
JPM,2025-04-25,191.6867,193.8701,189.1212,192.8187,12854336
JPM,2025-04-28,194.1931,195.8091,192.4344,194.3403,17229846
JPM,2025-04-29,193.5461,197.768,191.3214,193.0836,11732168
JPM,2025-04-30,189.5189,192.7634,189.1101,192.4074,22818400
JPM,2025-05-01,187.3185,191.864,184.7154,188.573,3373958
JPM,2025-05-02,188.0941,189.7392,185.6809,187.143,52804826
JPM,2025-05-05,189.8686,190.8476,185.2966,189.1016,14881659
JPM,2025-05-06,182.4987,183.3086,182.3727,183.2443,7660107
JPM,2025-05-07,183.4073,188.1556,183.1328,186.017,29464214
JPM,2025-05-08,189.2538,189.2799,182.3124,185.0969,24264164
JPM,2025-05-09,184.2812,189.7075,184.2471,185.2216,20058761
JPM,2025-05-12,184.1555,185.7953,182.461,184.7269,52019831
JPM,2025-05-13,190.8442,195.5544,186.9296,191.1751,38782577
JPM,2025-05-14,188.9487,189.735,182.9198,187.6168,6370458
JPM,2025-05-15,189.1284,191.8048,186.5169,189.5915,25643317
JPM,2025-05-16,184.6299,190.8708,182.9924,186.4917,6224287
JPM,2025-05-19,187.4874,189.6932,185.8273,188.0398,15760785
JPM,2025-05-20,188.013,190.6531,185.4856,189.8195,5613276
JPM,2025-05-21,188.9101,189.9386,187.5066,188.9487,17537843
JPM,2025-05-22,191.1427,191.4291,183.9004,188.3957,5359664
JPM,2025-05-23,189.0282,190.9955,186.1026,190.6883,10725291
JPM,2025-05-26,188.2803,190.2076,185.7585,190.0501,3184260
JPM,2025-05-27,189.706,192.2304,189.0429,190.7951,11713209
JPM,2025-05-28,189.4946,190.1568,183.028,186.6055,26133454
JPM,2025-05-29,190.6193,192.6903,183.6999,188.1331,13727157
JPM,2025-05-30,185.9398,188.1571,184.3493,186.6906,28693117
JPM,2025-06-02,182.3574,187.7431,182.3332,184.5943,36738917
JPM,2025-06-03,184.7552,188.1499,182.5267,186.4335,25411152
JPM,2025-06-04,183.0301,185.1531,181.9505,183.2436,6552710
JPM,2025-06-05,185.4772,185.8453,182.9354,185.8208,27271625
JPM,2025-06-06,186.3713,189.3895,185.7719,187.2364,7365287
JPM,2025-06-09,188.5911,189.2038,185.1706,186.852,108692120
JPM,2025-06-10,183.8691,184.3856,181.1723,183.005,9866823
JPM,2025-06-11,182.1796,182.9471,178.7089,181.9368,5112342
JPM,2025-06-12,182.9724,186.2072,182.4361,182.9072,29635834
JPM,2025-06-13,180.1917,186.6372,180.0087,182.9555,14678576
JPM,2025-06-16,182.3685,182.7384,181.0916,181.9372,10503894
JPM,2025-06-17,180.6043,184.7328,178.9852,182.0681,16605765
JPM,2025-06-18,185.1056,185.9584,177.5957,181.4449,6943499
JPM,2025-06-19,178.1798,183.3262,176.0403,180.0642,23941821
JPM,2025-06-20,178.4816,179.3101,176.7967,177.2057,18613366
JPM,2025-06-23,180.2004,180.8144,177.6581,179.3287,32404543
JPM,2025-06-24,177.6111,178.8703,175.4479,176.442,6921893
JPM,2025-06-25,179.6871,181.7138,176.5291,177.8434,8567714
JPM,2025-06-26,181.7997,183.487,179.3678,179.6691,5182293
JPM,2025-06-27,181.7134,183.5536,177.1571,180.0965,30383098
JPM,2025-06-30,179.2643,184.1324,178.8458,181.9615,32337114
JNJ,2022-01-03,161.2242,162.1372,160.3237,162.002,13852118
JNJ,2022-01-04,161.269,162.1468,161.1931,161.3861,39489924
JNJ,2022-01-05,161.8977,163.3175,160.0571,162.6721,8711040
JNJ,2022-01-06,161.2121,164.8327,161.2015,162.1654,11643294
JNJ,2022-01-07,162.3851,162.8403,159.814,160.9991,4502859
JNJ,2022-01-10,159.0651,161.7599,158.9875,159.8004,8083610
JNJ,2022-01-11,158.3746,160.3449,157.6761,159.2404,5055253
JNJ,2022-01-12,158.097,160.4819,157.864,158.6814,8154159
JNJ,2022-01-13,159.6591,160.5416,155.8061,158.5167,9190694
JNJ,2022-01-14,157.8943,161.1175,156.3738,159.2302,10214176
JNJ,2022-01-17,156.8878,158.3211,156.1852,156.7007,7671514
JNJ,2022-01-18,155.9445,157.3659,153.7562,156.3771,7540574
JNJ,2022-01-19,157.3027,157.3896,152.722,154.9449,9861501
JNJ,2022-01-20,157.7182,160.3257,156.1264,157.8544,12306103
JNJ,2022-01-21,162.8205,163.5996,161.2357,161.5186,3787708
JNJ,2022-01-24,159.2485,163.2191,158.4246,160.9067,11955194
JNJ,2022-01-25,158.913,160.0315,157.2287,158.3657,10145759
JNJ,2022-01-26,162.7109,162.7996,159.9014,161.0105,12104536
JNJ,2022-01-27,160.0694,160.6563,156.8317,158.579,16653718
JNJ,2022-01-28,160.5213,162.3139,159.4477,159.7811,8504503
JNJ,2022-01-31,158.3981,158.4931,157.6571,157.7424,9224298
JNJ,2022-02-01,158.6891,160.5377,158.669,159.0429,5794732
JNJ,2022-02-02,158.9135,158.9631,158.3198,158.7323,7085766
JNJ,2022-02-03,158.6829,161.8301,156.7232,158.85,7903574
JNJ,2022-02-04,161.7538,163.1851,159.5988,161.7504,51206727
JNJ,2022-02-07,162.1658,166.0817,161.1841,163.2213,7273074
JNJ,2022-02-08,161.3116,162.844,159.0857,161.2837,17043783
JNJ,2022-02-09,163.3575,165.7246,160.7017,163.4527,28385327
JNJ,2022-02-10,164.3987,165.5978,162.0468,163.999,11024247
JNJ,2022-02-11,165.6188,165.842,164.7461,165.4668,5638154
JNJ,2022-02-14,162.7316,165.928,162.4009,163.0432,5149290
JNJ,2022-02-15,164.0317,165.1251,161.8202,163.1838,27769463
JNJ,2022-02-16,165.0954,165.5565,163.5353,165.1055,5731447
JNJ,2022-02-17,164.1915,165.7022,161.7652,164.1208,19810051
JNJ,2022-02-18,164.2388,166.1695,163.8373,165.9544,18699402
JNJ,2022-02-21,165.3501,168.6657,165.1602,165.7272,3263019
JNJ,2022-02-22,165.7923,168.0388,164.7445,165.4927,28171354
JNJ,2022-02-23,164.14,166.747,162.2877,164.0292,8172854
JNJ,2022-02-24,163.8143,164.3505,161.6531,164.0052,30905684
JNJ,2022-02-25,164.4113,167.3861,164.3597,166.3152,11932330
JNJ,2022-02-28,164.7116,166.0153,164.5114,165.4326,3158984
JNJ,2022-03-01,166.9876,167.8408,163.9417,165.6294,5746603
JNJ,2022-03-02,166.5738,170.5274,165.3351,167.8257,1924238
JNJ,2022-03-03,167.227,167.3942,165.878,166.5837,15119634
JNJ,2022-03-04,167.4418,170.0738,166.1331,167.9549,19116593
JNJ,2022-03-07,167.9595,168.9328,167.4413,168.2232,10562455
JNJ,2022-03-08,169.0396,169.9971,168.9544,169.4741,25216576
JNJ,2022-03-09,171.2199,173.7884,168.7864,171.7975,4927477
JNJ,2022-03-10,170.0456,171.4006,169.9076,170.4736,21331989
JNJ,2022-03-11,170.5351,170.8763,170.1741,170.7036,14207476
JNJ,2022-03-14,173.9239,174.4588,172.0809,173.5802,8845453
JNJ,2022-03-15,174.1419,174.7232,171.5434,172.6457,23104850
JNJ,2022-03-16,168.6059,170.7543,167.9078,170.3427,38461606
JNJ,2022-03-17,170.7879,173.0371,169.9523,170.2898,11567845
JNJ,2022-03-18,173.9673,174.6946,168.5358,171.7121,10246069
JNJ,2022-03-21,171.4787,171.8352,169.5807,171.4058,13386560
JNJ,2022-03-22,168.9814,171.4141,167.6368,169.5383,12498036
JNJ,2022-03-23,166.8168,169.1994,166.4264,168.3151,4802055
JNJ,2022-03-24,166.3779,169.5795,165.0775,167.4944,64238506
JNJ,2022-03-25,167.7257,170.646,165.3578,167.5069,66788369
JNJ,2022-03-28,167.0076,167.6095,166.793,166.799,22862772
JNJ,2022-03-29,166.1864,167.1733,165.4698,166.2824,18722838
JNJ,2022-03-30,167.4273,168.5087,164.3615,166.8788,6108761
JNJ,2022-03-31,167.7442,170.1659,164.9676,167.3593,21069095
JNJ,2022-04-01,168.3154,168.7827,167.72,167.7744,7697716
JNJ,2022-04-04,168.5293,168.602,167.5855,167.8463,17506742
JNJ,2022-04-05,169.9435,170.6769,167.3902,167.7005,19916582
JNJ,2022-04-06,166.7888,168.6633,166.2638,167.0868,5071589
JNJ,2022-04-07,169.6233,170.3484,167.0941,167.5136,35993628
JNJ,2022-04-08,164.7696,167.9291,164.1533,166.7879,16972692
JNJ,2022-04-11,167.5565,173.868,167.547,170.736,84115617
JNJ,2022-04-12,169.4622,172.0129,168.8792,171.3312,37416369
JNJ,2022-04-13,172.9815,173.4896,167.5977,170.3518,15863823
JNJ,2022-04-14,170.5061,171.909,170.1184,171.6856,17570852
JNJ,2022-04-15,166.7933,168.075,166.547,167.9102,19186072
JNJ,2022-04-18,166.3646,166.724,163.0322,164.9872,5231462
JNJ,2022-04-19,168.9773,169.0045,165.5055,166.0052,11894117
JNJ,2022-04-20,161.604,163.2209,160.6718,162.6394,10381703
JNJ,2022-04-21,162.5466,164.2726,161.3219,161.8701,5861460
JNJ,2022-04-22,164.0344,164.0647,161.5823,162.4454,100011249
JNJ,2022-04-25,162.4415,165.0222,161.0721,162.7849,2853141
JNJ,2022-04-26,160.6155,162.1772,157.473,160.4236,13822828
JNJ,2022-04-27,156.5278,159.5641,155.4033,157.1905,10787148
JNJ,2022-04-28,155.1776,158.2232,153.9618,155.6095,10296835
JNJ,2022-04-29,156.2922,156.4018,155.0614,155.6511,13928036
JNJ,2022-05-02,155.4889,156.5198,155.0285,155.5814,2699965
JNJ,2022-05-03,157.0117,157.6715,156.0391,156.3309,37971086
JNJ,2022-05-04,155.4123,156.6679,153.7807,156.5185,16054279
JNJ,2022-05-05,157.4014,157.8741,155.1265,157.4328,12259721
JNJ,2022-05-06,160.3024,160.363,160.1923,160.2663,11134375
JNJ,2022-05-09,158.6348,160.0171,158.3048,158.6394,2225471
JNJ,2022-05-10,159.8067,160.1269,158.5548,160.1154,34663884
JNJ,2022-05-11,155.4727,157.2394,154.9175,156.336,15039737
JNJ,2022-05-12,153.7416,157.4752,153.4012,156.0422,13458833
JNJ,2022-05-13,157.6559,159.0747,155.6305,157.2341,9535235
JNJ,2022-05-16,160.4409,161.397,160.3209,161.2451,5812186
JNJ,2022-05-17,163.2974,166.2322,162.7266,164.1873,13222542
JNJ,2022-05-18,162.5378,164.8914,160.6836,163.7773,45789446
JNJ,2022-05-19,162.019,162.0824,161.4081,161.8466,9040190
JNJ,2022-05-20,162.536,164.4055,160.6154,162.0347,20518716
JNJ,2022-05-23,161.8829,162.1493,158.2764,161.0588,28354077
JNJ,2022-05-24,160.5687,162.5677,160.5262,161.4315,12320334
JNJ,2022-05-25,160.7097,162.6529,160.4284,162.4714,28763302
JNJ,2022-05-26,162.139,165.7836,162.0475,163.182,18809581
JNJ,2022-05-27,163.6759,166.9318,161.9319,164.2613,16468072
JNJ,2022-05-30,167.4192,167.4537,161.9506,165.0251,9308969
JNJ,2022-05-31,166.6333,167.6437,162.121,165.1532,27582151
JNJ,2022-06-01,166.2072,168.0595,164.3331,167.208,28515149
JNJ,2022-06-02,167.553,168.1398,167.4293,167.9892,9543582
JNJ,2022-06-03,169.1136,169.294,168.0645,168.6819,5763914
JNJ,2022-06-06,170.2101,170.4831,169.6712,170.1192,12931877
JNJ,2022-06-07,170.4025,173.2637,170.1318,172.5932,8621017
JNJ,2022-06-08,172.9735,174.5944,171.9648,173.1524,21421345
JNJ,2022-06-09,172.3267,174.2195,171.3056,171.8721,17700992
JNJ,2022-06-10,172.8744,173.0327,171.5947,172.5119,10350704
JNJ,2022-06-13,169.507,171.8185,167.2475,169.4001,50229145
JNJ,2022-06-14,169.604,171.4646,168.5849,169.5361,20079770
JNJ,2022-06-15,166.5781,167.687,165.9677,167.0357,6164307
JNJ,2022-06-16,165.1089,167.9106,164.3908,167.0201,3057034
JNJ,2022-06-17,169.0565,170.8096,167.9638,169.4106,93631251
JNJ,2022-06-20,168.7651,172.9103,168.4344,169.9822,9816315
JNJ,2022-06-21,169.4571,169.4701,166.8553,169.4321,33012918
JNJ,2022-06-22,167.1262,169.4218,166.6537,168.9658,22176732
JNJ,2022-06-23,168.6084,172.4593,167.9431,171.0795,19570860
JNJ,2022-06-24,170.3057,170.8474,169.801,170.6778,34227530
JNJ,2022-06-27,168.9306,169.951,166.6099,167.873,4047219
JNJ,2022-06-28,171.2276,171.6261,167.0703,169.0587,62246196
JNJ,2022-06-29,169.1721,169.3665,168.1054,169.2182,21372079
JNJ,2022-06-30,169.2053,171.4986,168.9731,169.5663,76525678
JNJ,2022-07-01,172.1912,172.9565,168.8904,169.9114,4727238
JNJ,2022-07-04,168.0588,169.9884,167.5344,169.9149,20875139
JNJ,2022-07-05,168.2688,171.0458,166.2916,168.533,6298682
JNJ,2022-07-06,167.5549,168.3094,165.6313,166.6974,10931217
JNJ,2022-07-07,163.7781,167.3004,162.759,165.7261,25291765
JNJ,2022-07-08,166.2942,167.4272,164.5002,165.6682,27327744
JNJ,2022-07-11,163.5535,165.5036,162.506,163.3083,7878801
JNJ,2022-07-12,163.5862,164.8822,160.0604,163.0917,23181134
JNJ,2022-07-13,162.6095,165.3755,161.2679,163.7349,9325652
JNJ,2022-07-14,160.8445,163.2414,159.6757,161.7293,13246608
JNJ,2022-07-15,163.7643,164.2743,160.2267,162.8796,3034611
JNJ,2022-07-18,163.4864,164.9479,163.3985,164.3846,8853631
JNJ,2022-07-19,162.9402,163.0376,160.375,163.02,13902697
JNJ,2022-07-20,160.005,163.1076,159.6281,160.421,12055624
JNJ,2022-07-21,164.3571,165.0543,160.2015,162.2849,3617408
JNJ,2022-07-22,161.9946,163.0508,160.6355,162.8323,6720806
JNJ,2022-07-25,160.289,161.9542,160.0926,161.4323,8931447
JNJ,2022-07-26,164.5983,165.4651,161.2982,163.219,5980459
JNJ,2022-07-27,165.147,165.3392,164.5164,164.746,6313083
JNJ,2022-07-28,165.1128,165.7778,164.9657,165.6039,7967531
JNJ,2022-07-29,162.4683,164.785,162.4207,164.5477,11633039
JNJ,2022-08-01,163.2947,164.7459,160.9091,163.8985,59937897
JNJ,2022-08-02,159.8375,164.0565,159.5152,161.5191,16836226
JNJ,2022-08-03,161.6529,164.0705,160.1228,163.0594,19733339
JNJ,2022-08-04,164.2164,165.4821,160.9112,163.2937,8397464
JNJ,2022-08-05,164.0242,164.4888,163.9851,164.2688,9883266
JNJ,2022-08-08,162.3313,165.2172,162.2483,164.4451,17806009
JNJ,2022-08-09,161.3763,163.9005,161.2235,162.6338,18712695
JNJ,2022-08-10,160.2039,160.6981,159.3367,159.9902,19988227
JNJ,2022-08-11,163.6768,165.1679,161.3482,162.7242,11665244
JNJ,2022-08-12,161.3062,161.3146,161.0391,161.1705,15404351
JNJ,2022-08-15,157.8095,161.4738,157.6104,159.0248,3836877
JNJ,2022-08-16,157.3332,157.8555,157.026,157.6678,8904920
JNJ,2022-08-17,155.9687,157.6512,153.9601,156.5234,4208412
JNJ,2022-08-18,158.2043,159.1537,154.1364,156.4618,15320139
JNJ,2022-08-19,160.4321,160.6566,157.8778,158.1775,18623418
JNJ,2022-08-22,157.4739,158.5522,156.1038,158.2033,9564951
JNJ,2022-08-23,160.4649,160.8998,158.0963,159.0541,129157545
JNJ,2022-08-24,164.4613,164.9838,160.0921,162.4292,21928677
JNJ,2022-08-25,165.1724,166.3267,162.1096,164.5656,7226374
JNJ,2022-08-26,167.5101,169.5625,165.303,166.6776,36182232
JNJ,2022-08-29,167.6172,168.7673,165.7888,166.1338,15285703
JNJ,2022-08-30,166.8693,171.6148,165.4568,168.619,28844172
JNJ,2022-08-31,168.9979,169.5196,168.6766,169.0347,22115164
JNJ,2022-09-01,169.578,172.5078,166.5666,169.569,2556609
JNJ,2022-09-02,168.6926,168.776,168.1119,168.312,25613904
JNJ,2022-09-05,171.339,173.7471,170.3,171.1188,17419908
JNJ,2022-09-06,171.6026,172.8418,168.6252,171.7808,7049373
JNJ,2022-09-07,173.272,174.9859,169.8944,172.6498,11806815
JNJ,2022-09-08,174.6686,176.3793,172.7788,173.643,2632872
JNJ,2022-09-09,171.3079,173.8996,170.0389,172.7722,32034641
JNJ,2022-09-12,173.9592,174.2599,172.9675,173.7947,13900738
JNJ,2022-09-13,173.3038,173.973,172.0078,172.7494,19629487
JNJ,2022-09-14,172.5892,173.2919,168.7916,171.8543,9080771
JNJ,2022-09-15,172.7372,173.2989,171.4859,172.7942,13122648
JNJ,2022-09-16,170.9516,171.1366,170.7479,171.0902,6871991
JNJ,2022-09-19,167.9896,170.7387,166.7705,168.2402,23445800
JNJ,2022-09-20,169.3125,171.3931,167.2402,169.0117,10506364
JNJ,2022-09-21,169.9189,172.1761,166.3566,169.23,19172716
JNJ,2022-09-22,171.9231,172.4909,168.2229,169.5605,50050200
JNJ,2022-09-23,169.8686,171.4892,169.5676,169.669,6221266
JNJ,2022-09-26,171.1232,171.6666,168.1756,170.2695,5086613
JNJ,2022-09-27,168.6697,169.4771,166.6464,167.4598,5342244
JNJ,2022-09-28,170.672,171.2822,166.7653,168.663,26125581
JNJ,2022-09-29,173.7392,175.037,170.1779,172.9519,12394203
JNJ,2022-09-30,172.2668,175.7679,171.13,174.2471,9854914
JNJ,2022-10-03,174.7228,175.5741,174.5517,175.2057,5181849
JNJ,2022-10-04,174.8969,175.1382,172.4887,173.0594,14458877
JNJ,2022-10-05,173.9447,175.0265,169.4554,171.9802,16583866
JNJ,2022-10-06,171.606,173.2376,169.7341,172.1949,6336392
JNJ,2022-10-07,172.155,172.7416,169.8231,171.7512,36488959
JNJ,2022-10-10,173.4698,175.3854,173.3506,174.2567,12645093
JNJ,2022-10-11,174.3604,174.693,172.4786,174.6009,12943981
JNJ,2022-10-12,174.9246,177.303,171.8547,174.803,33431224
JNJ,2022-10-13,174.2669,174.3274,170.7174,172.5208,58024675
JNJ,2022-10-14,173.4012,174.5467,170.4075,173.5442,130535517
JNJ,2022-10-17,173.6545,175.5834,173.3599,173.892,31853368
JNJ,2022-10-18,174.0907,176.4929,172.7108,174.0773,4983972
JNJ,2022-10-19,173.1578,174.5133,170.4726,172.5412,15802394
JNJ,2022-10-20,175.0072,179.8757,175.0037,177.0607,10119600
JNJ,2022-10-21,178.9652,179.5684,176.6639,177.9984,58854364
JNJ,2022-10-24,176.6355,180.9965,176.1547,179.447,20980232
JNJ,2022-10-25,181.3464,182.3358,177.9959,179.202,20193416
JNJ,2022-10-26,180.4737,181.0491,180.2887,180.5246,23943329
JNJ,2022-10-27,180.344,180.6237,178.3807,180.2382,39764906
JNJ,2022-10-28,181.848,183.6039,181.4036,181.6239,10301913
JNJ,2022-10-31,178.6549,180.0449,177.5665,178.8138,5551396
JNJ,2022-11-01,180.6841,181.2714,178.2979,178.7057,3848791
JNJ,2022-11-02,178.4816,183.0793,178.1771,181.0145,23196412
JNJ,2022-11-03,179.0795,179.9823,178.9336,178.9848,4244337
JNJ,2022-11-04,177.3519,178.1419,176.8319,178.0943,15135441
JNJ,2022-11-07,177.0606,179.064,177.0434,177.677,34070910
JNJ,2022-11-08,179.1256,179.8994,173.8856,177.0108,10163380
JNJ,2022-11-09,175.7797,178.4375,175.5241,177.6776,6761810
JNJ,2022-11-10,178.3763,179.3077,176.9981,177.7664,55133334
JNJ,2022-11-11,180.0275,181.7083,179.8223,180.0891,4246837
JNJ,2022-11-14,180.2584,184.2269,179.6442,182.7355,2757183
JNJ,2022-11-15,184.2746,185.6479,180.5514,183.3258,59313395
JNJ,2022-11-16,184.5866,185.127,181.8769,184.4342,9637569
JNJ,2022-11-17,183.6243,184.1919,182.2434,183.9721,2938336
JNJ,2022-11-18,185.3375,187.5313,184.3489,185.4458,30873999
JNJ,2022-11-21,188.4266,189.863,186.6159,187.5358,20001490
JNJ,2022-11-22,186.7754,186.9796,183.003,185.7996,9190081
JNJ,2022-11-23,183.5144,184.8504,181.4499,182.6015,16963213
JNJ,2022-11-24,186.371,186.5698,183.8914,184.5138,8601221
JNJ,2022-11-25,184.9713,185.193,181.6319,184.1659,29952213
JNJ,2022-11-28,183.7821,184.7972,182.1872,184.4043,16772257
JNJ,2022-11-29,186.4983,189.5658,185.0433,186.6145,36653312
JNJ,2022-11-30,187.6595,189.0222,184.1329,186.419,25087809
JNJ,2022-12-01,185.398,185.5056,180.9327,184.182,22041619
JNJ,2022-12-02,183.6045,185.9455,182.4071,183.2275,18060832
JNJ,2022-12-05,185.3829,186.3706,183.3624,183.4752,92201699
JNJ,2022-12-06,185.7103,188.0973,182.2056,185.5092,7159899
JNJ,2022-12-07,185.5993,188.5051,184.8447,186.2538,9910152
JNJ,2022-12-08,189.4965,190.0482,187.0313,187.405,6766103
JNJ,2022-12-09,186.7478,190.9134,186.6103,188.3527,27665631
JNJ,2022-12-12,189.4002,191.427,188.3037,188.5264,20820068
JNJ,2022-12-13,185.527,187.2181,185.247,185.9361,15721356
JNJ,2022-12-14,184.7795,185.9664,184.1686,185.3487,39446938
JNJ,2022-12-15,183.3511,185.9761,180.9705,184.0519,10535939
JNJ,2022-12-16,183.204,184.5715,181.0778,183.4494,15859638
JNJ,2022-12-19,183.3679,183.6964,179.9213,181.9309,40057433
JNJ,2022-12-20,184.6102,185.5279,181.429,184.5561,7130931
JNJ,2022-12-21,186.3246,187.9684,183.7437,185.4396,31245828
JNJ,2022-12-22,185.1967,188.464,182.7273,185.7306,8714664
JNJ,2022-12-23,186.6957,187.8674,185.2672,185.7629,14421100
JNJ,2022-12-26,183.153,186.8779,182.4793,184.4254,5403108
JNJ,2022-12-27,183.7446,184.1315,183.0024,183.7742,6187904
JNJ,2022-12-28,184.7198,185.9879,180.9433,183.9373,11516275
JNJ,2022-12-29,182.2409,183.2931,179.9627,182.0016,48218182
JNJ,2022-12-30,178.903,180.2377,175.1391,178.3952,1779576
JNJ,2023-01-02,176.3477,177.1902,176.0109,176.2731,13039965
JNJ,2023-01-03,175.9092,177.8235,175.009,175.2865,11562369
JNJ,2023-01-04,172.9505,176.4775,172.2273,175.4242,4183794
JNJ,2023-01-05,176.2335,177.1603,174.1396,175.4432,9686765
JNJ,2023-01-06,175.3387,178.54,174.684,176.0442,4246298
JNJ,2023-01-09,172.797,176.8048,172.1194,174.9865,4396183
JNJ,2023-01-10,174.7887,175.2372,173.7655,174.0723,7195103
JNJ,2023-01-11,175.8506,178.4432,173.0915,175.7469,20306403
JNJ,2023-01-12,173.2319,174.5233,172.6205,173.5689,22759559
JNJ,2023-01-13,173.5233,173.7583,173.0949,173.1079,88571062
JNJ,2023-01-16,174.7644,176.2524,170.5713,173.7461,3475661
JNJ,2023-01-17,172.775,174.5547,171.4856,172.4421,16666609
JNJ,2023-01-18,174.0989,175.2599,173.7903,174.1202,4167956
JNJ,2023-01-19,173.5764,173.8259,172.0516,173.2528,19994000
JNJ,2023-01-20,175.0286,175.8762,174.3159,174.4469,12256609
JNJ,2023-01-23,171.8638,175.6214,171.6418,172.9619,38747864
JNJ,2023-01-24,174.8021,177.0239,172.936,174.043,14633054
JNJ,2023-01-25,175.4451,175.9598,174.5272,175.8116,13784004
JNJ,2023-01-26,174.2451,175.7871,174.1076,174.5959,31113672
JNJ,2023-01-27,177.5076,177.8925,175.3708,176.5255,19398646
JNJ,2023-01-30,179.5789,180.2414,175.3104,176.9707,31442101
JNJ,2023-01-31,176.3382,176.8291,175.3216,176.2275,8899804
JNJ,2023-02-01,177.9127,178.2883,175.884,176.8315,9347943
JNJ,2023-02-02,176.7704,176.9252,175.6144,175.638,52708294
JNJ,2023-02-03,171.7863,173.3134,171.6059,173.288,9896842
JNJ,2023-02-06,172.6778,173.7523,170.0352,171.9604,7081777
JNJ,2023-02-07,169.8487,171.5042,168.1534,169.9727,8348083
JNJ,2023-02-08,170.5019,171.6801,168.6563,168.9942,11313502
JNJ,2023-02-09,165.9642,167.1849,165.8326,166.8811,17036612
JNJ,2023-02-10,167.6546,168.6132,164.862,166.2969,13956339
JNJ,2023-02-13,167.0526,168.2806,164.3984,166.6432,16560397
JNJ,2023-02-14,167.1283,167.6186,165.3627,166.3252,21315186
JNJ,2023-02-15,164.8905,167.0712,164.6282,165.1527,41990370
JNJ,2023-02-16,167.8093,168.7599,164.9656,166.023,3427086
JNJ,2023-02-17,164.2935,164.4864,163.9862,164.2452,15757078
JNJ,2023-02-20,165.7187,167.1615,165.0203,165.382,2892095
JNJ,2023-02-21,165.3993,166.2951,161.8139,164.7727,3677377
JNJ,2023-02-22,164.1965,167.0213,162.125,165.0967,7136362
JNJ,2023-02-23,165.1341,166.2656,164.2548,164.6517,18955065
JNJ,2023-02-24,166.397,167.3118,165.0467,166.2512,6708371
JNJ,2023-02-27,166.0001,166.9725,163.8027,164.586,18754000
JNJ,2023-02-28,161.0486,165.6473,159.933,162.9726,24457737
JNJ,2023-03-01,164.6119,165.0315,164.3295,164.9583,38591307
JNJ,2023-03-02,166.3498,166.5235,162.0473,164.6788,7476219
JNJ,2023-03-03,164.2551,165.1263,162.2237,163.1355,20075745
JNJ,2023-03-06,162.9784,163.2033,161.1803,162.7653,26046739
JNJ,2023-03-07,162.3655,166.9077,161.8285,163.8709,14345832
JNJ,2023-03-08,164.4993,165.8816,163.1732,164.8659,24466440
JNJ,2023-03-09,161.8303,164.8274,160.9951,162.0712,19161403
JNJ,2023-03-10,161.6925,163.5712,160.5728,162.6175,16483755
JNJ,2023-03-13,160.4798,161.4631,159.2147,160.4828,10507890
JNJ,2023-03-14,157.0722,159.8939,155.9019,158.2623,25957284
JNJ,2023-03-15,159.2997,159.6628,158.243,158.739,11826501
JNJ,2023-03-16,157.9827,159.6954,154.9363,157.6219,6920191
JNJ,2023-03-17,156.8474,157.482,156.3095,157.4061,65895275
JNJ,2023-03-20,160.9663,161.2508,156.1424,159.0715,7563135
JNJ,2023-03-21,158.5635,159.0587,157.3327,157.8009,21243019
JNJ,2023-03-22,159.5774,160.8378,159.1874,159.3358,18280087
JNJ,2023-03-23,157.7786,159.6704,155.9827,158.5443,10371339
JNJ,2023-03-24,158.5421,158.5609,156.2586,158.4607,68943406
JNJ,2023-03-27,158.5425,158.9437,157.1837,157.5469,12064533
JNJ,2023-03-28,156.6496,160.4092,155.6025,158.3013,20420234
JNJ,2023-03-29,160.5575,161.2447,158.6311,159.3706,10644183
JNJ,2023-03-30,157.2734,159.7316,154.9525,157.6927,13745912
JNJ,2023-03-31,154.8118,158.8481,153.7313,156.4371,2771968
JNJ,2023-04-03,155.6766,156.8111,152.9998,155.6505,7015511
JNJ,2023-04-04,160.5362,161.4191,157.2013,158.6249,44080268
JNJ,2023-04-05,155.6048,157.2506,153.8782,155.4231,14912259
JNJ,2023-04-06,154.807,156.3089,152.3646,154.4822,64158877
JNJ,2023-04-07,156.0189,157.4064,155.4459,155.6969,7918608
JNJ,2023-04-10,154.1371,157.2083,151.9428,154.4015,8753186
JNJ,2023-04-11,155.5127,155.9181,151.5169,153.2222,6078823
JNJ,2023-04-12,151.7984,155.7899,151.3724,153.705,24456802
JNJ,2023-04-13,153.7414,154.1552,149.4622,151.7019,11069308
JNJ,2023-04-14,153.109,155.9967,151.2434,154.0444,9502468
JNJ,2023-04-17,155.3746,157.1388,153.4234,155.2021,6691833
JNJ,2023-04-18,155.64,155.9591,154.2776,155.4091,16693605
JNJ,2023-04-19,155.633,156.565,155.4815,156.4181,18139678
JNJ,2023-04-20,157.9205,157.9267,155.241,157.4257,20888327
JNJ,2023-04-21,156.8818,159.3761,156.3425,156.9833,18901104
JNJ,2023-04-24,156.1139,156.561,155.0085,155.1641,9657470
JNJ,2023-04-25,153.7703,156.4031,153.6881,153.8936,6856177
JNJ,2023-04-26,154.3948,155.2465,151.7678,153.4124,125822777
JNJ,2023-04-27,155.1435,155.2655,152.4348,153.0306,12694728
JNJ,2023-04-28,150.6525,152.066,149.5023,151.6548,11827917
JNJ,2023-05-01,149.2346,153.5656,148.1777,150.8577,15040300
JNJ,2023-05-02,151.2461,152.6284,147.6695,150.4936,28610574
JNJ,2023-05-03,152.9532,153.3548,148.5659,151.2369,14179205
JNJ,2023-05-04,149.4672,150.6133,147.423,149.7524,6144346
JNJ,2023-05-05,148.7447,152.3284,148.4899,151.2915,5759267
JNJ,2023-05-08,152.605,153.584,151.2697,153.4915,4051452
JNJ,2023-05-09,152.7685,156.2189,151.4289,153.9533,15651724
JNJ,2023-05-10,153.9581,156.1941,153.4562,155.5623,12917919
JNJ,2023-05-11,155.7126,156.3846,155.4261,155.6544,37090852
JNJ,2023-05-12,153.3321,155.6869,152.999,154.8315,8762939
JNJ,2023-05-15,153.7021,154.2642,150.637,151.7657,12799212
JNJ,2023-05-16,151.9941,153.2879,149.4902,151.9411,3622656
JNJ,2023-05-17,151.9589,153.6927,148.8524,151.6081,2119541
JNJ,2023-05-18,152.0229,152.0968,151.4101,151.7996,17752543
JNJ,2023-05-19,152.6627,153.1067,148.5329,151.0837,13103496
JNJ,2023-05-22,152.1198,153.634,150.1334,151.5376,1471823
JNJ,2023-05-23,152.308,152.436,151.4781,151.6511,25876377
JNJ,2023-05-24,153.374,155.7947,151.6229,153.4273,9531954
JNJ,2023-05-25,151.2873,152.451,151.0461,152.1862,6014816
JNJ,2023-05-26,153.3813,153.4833,152.1051,153.334,21988211
JNJ,2023-05-29,152.8561,153.4257,149.9547,151.2002,11537346
JNJ,2023-05-30,151.6602,153.5748,150.1029,152.1044,11317749
JNJ,2023-05-31,155.158,155.9536,154.0806,154.6005,37768870
JNJ,2023-06-01,154.8091,155.7749,151.2248,153.7579,11680892
JNJ,2023-06-02,152.0359,152.8478,149.5725,151.4786,15541167
JNJ,2023-06-05,150.7149,151.6496,149.4378,151.2867,14768185
JNJ,2023-06-06,150.374,151.3473,149.6017,150.5601,18219519
JNJ,2023-06-07,149.7853,152.3259,149.758,151.7639,14078443
JNJ,2023-06-08,152.2616,152.2855,150.36,150.4738,8190989
JNJ,2023-06-09,151.1477,154.6975,149.5713,151.965,12327893
JNJ,2023-06-12,151.4207,152.6991,149.0926,150.27,7494850
JNJ,2023-06-13,150.3286,152.6903,149.4473,150.8342,7965432
JNJ,2023-06-14,148.556,150.3354,148.2634,150.3135,4408367
JNJ,2023-06-15,148.5911,149.4525,147.0042,148.3239,43913595
JNJ,2023-06-16,148.9884,151.431,146.6311,148.7048,30627074
JNJ,2023-06-19,147.4759,147.7711,144.9045,146.8617,47052734
JNJ,2023-06-20,149.125,149.2345,146.8894,147.6165,10193954
JNJ,2023-06-21,147.2605,148.9856,146.9559,147.5765,16995429
JNJ,2023-06-22,146.555,146.7756,146.5119,146.7227,30458773
JNJ,2023-06-23,146.1381,146.8376,143.9185,144.9415,33633119
JNJ,2023-06-26,142.2594,143.4805,140.0225,142.6309,7515679
JNJ,2023-06-27,144.0418,144.1476,141.6752,142.0798,16622460
JNJ,2023-06-28,141.4418,143.1971,140.1259,141.4391,18100346
JNJ,2023-06-29,139.6616,144.1342,139.3792,141.9731,38709291
JNJ,2023-06-30,142.5645,142.8466,141.6065,142.4576,13695845
JNJ,2023-07-03,142.4165,143.2021,141.7477,142.0516,4522536
JNJ,2023-07-04,141.2333,142.7626,138.9101,140.5371,8331991
JNJ,2023-07-05,140.8761,141.4216,138.7546,139.3441,4747218
JNJ,2023-07-06,139.4076,139.9793,138.9472,139.4636,8057354
JNJ,2023-07-07,137.8229,139.5043,135.9867,138.0648,22088521
JNJ,2023-07-10,136.5771,139.615,135.7676,138.2751,9430447
JNJ,2023-07-11,138.3049,140.6744,136.8595,139.2572,7882299
JNJ,2023-07-12,140.0904,140.4643,138.2912,139.5869,21885400
JNJ,2023-07-13,139.4956,139.5672,136.7106,137.9619,6843709
JNJ,2023-07-14,137.6407,138.529,136.6676,138.1815,45096669
JNJ,2023-07-17,135.655,139.4737,135.5349,137.0811,28737129
JNJ,2023-07-18,137.7712,138.1435,135.8493,137.3923,24572729
JNJ,2023-07-19,137.91,137.9162,135.3236,136.52,8902928
JNJ,2023-07-20,138.4939,138.7502,136.2312,137.6216,38739054
JNJ,2023-07-21,137.536,138.2267,135.1732,136.3177,19169282
JNJ,2023-07-24,139.1614,140.098,137.7461,138.3446,2875700
JNJ,2023-07-25,143.9587,144.9211,142.1552,142.2773,48982290
JNJ,2023-07-26,140.5774,140.9354,137.5353,139.6126,28468349
JNJ,2023-07-27,138.4786,140.2508,138.3992,139.6818,17988040
JNJ,2023-07-28,136.7261,136.9194,136.2546,136.5574,39455153
JNJ,2023-07-31,135.9128,138.0694,135.4141,136.6335,27982092
JNJ,2023-08-01,135.5577,136.4281,134.1725,135.7259,32364878
JNJ,2023-08-02,136.5198,136.9212,136.3469,136.7118,4418247
JNJ,2023-08-03,135.1452,136.7056,133.7775,134.2404,45279166
JNJ,2023-08-04,135.6037,136.1503,133.3034,135.2601,6067763
JNJ,2023-08-07,133.9738,134.5416,133.2721,134.4539,6426679
JNJ,2023-08-08,133.8976,134.5744,132.3587,134.0005,8004296
JNJ,2023-08-09,131.2488,131.5234,130.0641,131.5028,11399077
JNJ,2023-08-10,132.9236,134.9058,130.3127,132.6512,9433662
JNJ,2023-08-11,132.3927,135.0276,131.1922,133.4019,1734157
JNJ,2023-08-14,134.1497,136.7577,132.9754,134.5425,15764475
JNJ,2023-08-15,133.9989,135.5137,133.0912,134.6366,3887347
JNJ,2023-08-16,135.2198,136.8418,134.2184,134.8167,28077600
JNJ,2023-08-17,134.4416,134.6473,134.2363,134.3925,39588757
JNJ,2023-08-18,135.8051,137.0708,135.5628,135.9287,8562349
JNJ,2023-08-21,134.0774,137.9196,133.7224,135.5942,7656090
JNJ,2023-08-22,138.6482,139.2535,138.5433,138.6327,13032415
JNJ,2023-08-23,140.9034,141.0751,139.9545,140.113,15587122
JNJ,2023-08-24,143.0765,144.0829,139.8188,141.4535,4370787
JNJ,2023-08-25,139.4052,141.4016,139.3248,140.7546,4628019
JNJ,2023-08-28,140.2479,140.9873,138.8802,140.3499,25472764
JNJ,2023-08-29,137.9692,141.2317,137.7222,140.0806,10237741
JNJ,2023-08-30,138.1899,141.6247,137.9913,140.3044,2779980
JNJ,2023-08-31,140.3554,140.559,136.4093,138.1959,36383925
JNJ,2023-09-01,137.0003,137.3149,134.9565,136.4218,50655302
JNJ,2023-09-04,136.698,137.4072,136.3661,137.0352,10969699
JNJ,2023-09-05,138.1031,138.7199,137.834,138.1661,11394310
JNJ,2023-09-06,140.4748,142.8147,139.9276,141.9851,9826102
JNJ,2023-09-07,142.8888,143.5724,142.3358,142.5658,5457630
JNJ,2023-09-08,141.3745,144.2764,141.1251,141.764,11891689
JNJ,2023-09-11,140.7122,143.124,139.418,140.6986,19523547
JNJ,2023-09-12,137.6838,141.0824,137.639,139.5066,4664896
JNJ,2023-09-13,138.1127,138.4043,137.0465,137.3371,27136586
JNJ,2023-09-14,138.916,139.1806,137.8104,137.9173,5929400
JNJ,2023-09-15,138.3349,139.8086,135.1027,137.6561,11604743
JNJ,2023-09-18,136.4485,138.2718,135.7556,136.1293,8797796
JNJ,2023-09-19,138.1128,139.6767,135.7423,137.0881,27712016
JNJ,2023-09-20,135.8889,135.9998,134.1765,135.6538,8890084
JNJ,2023-09-21,137.6042,138.958,137.3755,137.5221,15457462
JNJ,2023-09-22,138.06,138.1326,137.0039,137.1391,14594448
JNJ,2023-09-25,136.419,137.4852,136.0391,137.0972,5178324
JNJ,2023-09-26,136.8162,139.5485,135.495,136.9632,6979204
JNJ,2023-09-27,137.0727,137.154,135.051,135.7484,7559103
JNJ,2023-09-28,134.4604,137.3869,132.8623,134.9795,10509408
JNJ,2023-09-29,135.2619,136.7923,132.5237,134.8283,19453983
JNJ,2023-10-02,136.0571,137.64,135.359,136.6772,9492405
JNJ,2023-10-03,136.3062,136.5267,134.9753,135.5518,16636423
JNJ,2023-10-04,135.424,136.8846,133.3701,135.9302,13113798
JNJ,2023-10-05,136.7129,137.9921,136.6993,136.979,14608003
JNJ,2023-10-06,140.2906,141.4296,137.2762,139.044,35316695
JNJ,2023-10-09,139.2153,140.4807,138.4524,139.4406,12850549
JNJ,2023-10-10,141.5052,142.9934,140.7077,140.7851,3889030
JNJ,2023-10-11,142.295,143.3651,141.3916,142.3943,16599484
JNJ,2023-10-12,141.1891,143.152,139.4038,141.6146,35022908
JNJ,2023-10-13,140.6228,141.5782,139.7139,141.3212,8245855
JNJ,2023-10-16,142.0596,142.975,139.8726,141.4594,23069259
JNJ,2023-10-17,141.2917,142.9807,139.0843,141.1299,22056442
JNJ,2023-10-18,140.8548,144.6224,140.7506,142.3444,10359842
JNJ,2023-10-19,140.0826,140.2961,139.3907,139.5786,23675268
JNJ,2023-10-20,139.7709,141.9712,139.5778,140.1815,10055738
JNJ,2023-10-23,141.2583,142.0187,140.7154,141.8868,24377149
JNJ,2023-10-24,142.3975,142.6604,138.8053,141.4573,8718390
JNJ,2023-10-25,143.3576,144.5103,141.539,142.2091,20919381
JNJ,2023-10-26,142.8319,145.9302,142.2308,143.2323,13737846
JNJ,2023-10-27,140.715,142.3468,139.6896,140.239,16265999
JNJ,2023-10-30,140.8066,141.4161,139.7551,140.9349,4220980
JNJ,2023-10-31,140.931,142.4886,139.0083,141.4105,6682506
JNJ,2023-11-01,141.6471,142.0076,137.4921,140.0284,24328194
JNJ,2023-11-02,140.5824,141.4154,138.9827,140.459,15628649
JNJ,2023-11-03,142.407,142.8796,141.9893,142.3008,8100342
JNJ,2023-11-06,139.3598,142.7817,138.097,140.3602,49307325
JNJ,2023-11-07,138.319,140.7802,136.272,138.8222,1671623
JNJ,2023-11-08,142.7374,142.8626,139.1093,140.3134,29664019
JNJ,2023-11-09,141.5577,142.5396,137.6522,140.0871,7864770
JNJ,2023-11-10,144.3037,145.1825,142.5217,142.8306,3167777
JNJ,2023-11-13,143.7025,147.2879,142.369,144.9862,2191377
JNJ,2023-11-14,142.0183,144.4135,141.7207,142.6402,37145617
JNJ,2023-11-15,142.245,145.0136,140.2807,142.7593,15221517
JNJ,2023-11-16,142.9089,144.7992,142.135,143.6368,27325099
JNJ,2023-11-17,143.7723,144.7233,141.7043,144.0835,4593489
JNJ,2023-11-20,145.0519,146.0576,143.5149,144.7005,90205059
JNJ,2023-11-21,144.8965,146.3141,144.3574,146.1883,7198089
JNJ,2023-11-22,146.4584,149.0646,146.1615,148.4112,7519097
JNJ,2023-11-23,148.5281,148.8277,146.8791,147.6307,18323981
JNJ,2023-11-24,147.68,148.9539,146.8827,147.1516,11403071
JNJ,2023-11-27,147.7596,149.2043,146.0807,148.074,33103096
JNJ,2023-11-28,149.4162,149.9455,149.1175,149.3622,19466071
JNJ,2023-11-29,148.4491,151.7533,148.0253,148.9981,11596930
JNJ,2023-11-30,149.2318,150.2199,148.8291,150.2062,25385889
JNJ,2023-12-01,149.897,153.4792,149.0489,150.6939,27587998
JNJ,2023-12-04,152.1413,153.339,148.6013,151.1402,22680836
JNJ,2023-12-05,148.8537,151.508,147.0295,149.7809,15957751
JNJ,2023-12-06,151.6189,151.7488,149.297,150.2657,22149833
JNJ,2023-12-07,153.3416,154.413,153.0474,153.6194,12908452
JNJ,2023-12-08,151.9088,155.2672,151.8573,153.293,7517234
JNJ,2023-12-11,151.3752,151.9114,150.5363,151.8322,19431985
JNJ,2023-12-12,152.3196,153.3334,151.6229,153.0316,36648374
JNJ,2023-12-13,151.4235,153.5894,151.1149,151.2737,21803427
JNJ,2023-12-14,152.3895,153.9537,152.2417,153.1937,6685247
JNJ,2023-12-15,155.301,155.4237,154.2221,154.4495,17247733
JNJ,2023-12-18,154.8569,154.9175,153.4682,153.8443,8336109
JNJ,2023-12-19,153.5988,154.0362,151.2162,154.0186,39967211
JNJ,2023-12-20,155.2235,158.0264,153.501,155.4103,23122255
JNJ,2023-12-21,154.6116,155.7561,154.2393,154.8607,11426288
JNJ,2023-12-22,154.3864,154.9014,154.0974,154.3785,7360985
JNJ,2023-12-25,155.285,156.2449,153.1988,153.5155,9633437
JNJ,2023-12-26,154.2312,155.9181,152.7039,153.3645,19865225
JNJ,2023-12-27,153.3396,154.8023,152.9703,154.7812,8126156
JNJ,2023-12-28,155.5051,156.5471,154.516,156.3438,21967358
JNJ,2023-12-29,154.8599,155.1587,152.0589,154.8598,9717247
JNJ,2024-01-01,156.1138,156.7369,154.7233,156.4452,27528614
JNJ,2024-01-02,154.3137,155.8754,153.8919,155.3194,31428123
JNJ,2024-01-03,151.4823,153.2307,150.1829,151.8902,7994080
JNJ,2024-01-04,154.5399,154.6342,153.7383,154.4893,31268494
JNJ,2024-01-05,153.5263,156.376,153.0627,153.9675,14145043
JNJ,2024-01-08,153.1354,153.6884,150.561,153.123,16131721
JNJ,2024-01-09,151.8761,151.9356,150.9907,151.8854,8563178
JNJ,2024-01-10,150.773,152.3771,149.7995,151.7003,30113115
JNJ,2024-01-11,153.6138,155.1719,151.1282,153.0782,14830591
JNJ,2024-01-12,149.827,151.733,149.771,150.3706,13104655
JNJ,2024-01-15,147.7755,148.4378,144.9922,147.7699,15646560
JNJ,2024-01-16,147.5567,149.1558,146.3665,146.9831,16665573
JNJ,2024-01-17,148.6675,149.6225,146.9018,147.3087,11773412
JNJ,2024-01-18,147.5118,148.4357,146.9997,148.301,9286531
JNJ,2024-01-19,148.8235,149.1332,145.6582,147.9634,21633188
JNJ,2024-01-22,147.3569,150.6241,145.6438,147.9255,25198971
JNJ,2024-01-23,148.8745,150.1606,148.3095,148.8435,102914320
JNJ,2024-01-24,148.3858,150.0825,145.9702,148.2375,21546770
JNJ,2024-01-25,148.4532,149.6137,145.5417,147.8438,32652717
JNJ,2024-01-26,147.3398,147.6406,145.0807,146.3726,7189986
JNJ,2024-01-29,147.8153,148.0214,145.5426,146.2123,10529287
JNJ,2024-01-30,144.2516,145.9677,144.0839,145.778,18409428
JNJ,2024-01-31,146.7082,147.0652,146.0709,146.2073,30341441
JNJ,2024-02-01,144.7991,148.937,143.9315,146.3803,4260340
JNJ,2024-02-02,148.1686,149.2985,145.9862,147.7902,18054419
JNJ,2024-02-05,148.0712,149.2289,146.2663,148.6568,34003345
JNJ,2024-02-06,146.0838,149.0461,144.8105,147.3836,7557139
JNJ,2024-02-07,148.658,149.1557,147.7696,148.6858,7113117
JNJ,2024-02-08,148.2161,148.9113,147.6583,148.4178,36330257
JNJ,2024-02-09,147.5204,147.9044,146.183,147.6194,26765351
JNJ,2024-02-12,142.9627,146.6017,142.0424,144.7652,12771017
JNJ,2024-02-13,143.4596,146.5542,143.2683,145.3908,34611250
JNJ,2024-02-14,144.3215,145.9713,143.785,145.5103,15115219
JNJ,2024-02-15,145.3449,146.1917,142.2341,143.5718,3396362
JNJ,2024-02-16,142.3645,143.0074,142.1054,142.3035,5747427
JNJ,2024-02-19,140.0846,140.7321,138.0584,139.8447,13175617
JNJ,2024-02-20,140.3282,141.3985,138.5158,139.9075,6077871
JNJ,2024-02-21,136.9617,140.4479,136.4536,137.9182,4740836
JNJ,2024-02-22,138.2614,140.0464,137.8365,139.4793,54058771
JNJ,2024-02-23,138.6612,140.9431,138.505,138.959,24343188
JNJ,2024-02-26,139.6647,142.384,137.6958,139.782,17967959
JNJ,2024-02-27,141.7141,142.8147,140.231,141.6567,3147502
JNJ,2024-02-28,138.504,142.3459,137.1837,139.7512,8864171
JNJ,2024-02-29,140.0031,142.8465,139.6681,140.7727,22983681
JNJ,2024-03-01,138.706,139.1225,136.8184,138.9208,10493680
JNJ,2024-03-04,140.6682,142.2929,139.8377,140.3939,61387628
JNJ,2024-03-05,140.4977,142.1457,138.7684,139.872,21425298
JNJ,2024-03-06,140.1323,141.3358,139.7056,140.3937,20766489
JNJ,2024-03-07,140.8898,143.1544,139.3001,140.9729,20629095
JNJ,2024-03-08,142.3318,142.4823,140.8371,141.6925,14617570
JNJ,2024-03-11,143.5538,143.9586,142.8993,143.2367,29937969
JNJ,2024-03-12,139.3538,141.9092,139.2687,140.5973,16434992
JNJ,2024-03-13,140.7071,141.2087,139.9371,140.8768,11031172
JNJ,2024-03-14,140.9708,142.0594,140.7401,141.2625,32921941
JNJ,2024-03-15,141.2455,141.8924,140.2302,140.946,9080679
JNJ,2024-03-18,141.9635,142.8493,139.8396,141.8124,16717869
JNJ,2024-03-19,144.994,146.5226,142.9876,144.1988,34155023
JNJ,2024-03-20,144.1091,145.7304,143.2712,144.2362,25008899
JNJ,2024-03-21,146.5864,149.189,144.5659,146.587,71867585
JNJ,2024-03-22,146.5611,146.9725,146.4483,146.9542,4826040
JNJ,2024-03-25,147.636,148.587,146.0677,146.713,15746985
JNJ,2024-03-26,146.6018,148.2536,144.127,146.8416,5461149
JNJ,2024-03-27,146.0475,147.3014,144.3923,145.757,28242367
JNJ,2024-03-28,145.7693,145.9353,142.5678,144.3903,28170634
JNJ,2024-03-29,148.4512,149.6919,146.8189,149.3439,14283699
JNJ,2024-04-01,146.5298,148.8698,146.2176,146.9756,8364055
JNJ,2024-04-02,145.4815,148.862,145.3548,147.1967,47139990
JNJ,2024-04-03,145.4168,147.213,144.5446,146.899,30586854
JNJ,2024-04-04,145.6261,149.6198,144.5597,147.1213,2581786
JNJ,2024-04-05,148.3215,148.6998,147.0173,147.3809,23255960
JNJ,2024-04-08,148.1201,148.8919,144.8449,146.2312,9360481
JNJ,2024-04-09,146.1586,148.9797,145.3972,147.4765,10811145
JNJ,2024-04-10,147.7224,148.3903,146.2073,148.2026,18843686
JNJ,2024-04-11,145.183,146.8071,144.6327,146.5738,50146336
JNJ,2024-04-12,145.3621,146.7979,142.2482,144.2493,20495366
JNJ,2024-04-15,143.5823,144.0932,143.0809,144.0436,24615180
JNJ,2024-04-16,143.2369,144.2647,139.7463,142.4334,3000184
JNJ,2024-04-17,139.7092,140.8717,138.3123,140.7614,18879979
JNJ,2024-04-18,138.9606,140.7475,138.544,139.736,10445814
JNJ,2024-04-19,137.1509,139.5073,136.6041,138.972,34137216
JNJ,2024-04-22,137.4446,139.7908,136.9681,138.9155,27838896
JNJ,2024-04-23,138.1324,139.4657,137.9172,138.0356,1984141
JNJ,2024-04-24,138.4835,139.8147,136.8462,138.1837,14427236
JNJ,2024-04-25,138.5133,139.534,135.7697,138.036,11665604
JNJ,2024-04-26,137.6656,139.7085,136.7818,138.8766,5752508
JNJ,2024-04-29,137.5502,141.0345,137.4998,138.9662,15123061
JNJ,2024-04-30,139.8791,140.5532,138.1865,139.8496,19469124
JNJ,2024-05-01,140.9221,144.3042,139.7666,141.8674,11678608
JNJ,2024-05-02,142.049,143.6311,141.3036,142.5216,10687582
JNJ,2024-05-03,141.2241,143.9905,140.1193,142.4429,25638529
JNJ,2024-05-06,141.3329,144.2762,140.9067,143.1996,87194686
JNJ,2024-05-07,145.5063,147.834,144.6169,146.5776,20284164
JNJ,2024-05-08,146.5512,147.4911,143.9807,145.916,22651532
JNJ,2024-05-09,146.4124,147.8775,145.2029,146.9405,6644809
JNJ,2024-05-10,149.3256,150.1506,148.2391,148.7364,1292749
JNJ,2024-05-13,147.5084,147.5354,146.2231,147.0755,10849546
JNJ,2024-05-14,147.0162,147.2867,146.1255,146.5675,19241229
JNJ,2024-05-15,149.0345,149.041,149.0139,149.0365,20823519
JNJ,2024-05-16,146.3176,148.602,145.044,146.9156,18804530
JNJ,2024-05-17,147.7194,151.1342,147.4433,149.1992,6733418
JNJ,2024-05-20,148.862,149.0213,148.5375,148.6917,23320127
JNJ,2024-05-21,148.2769,149.5533,146.8295,148.1566,22666257
JNJ,2024-05-22,151.4918,151.717,148.8654,151.0443,25215502
JNJ,2024-05-23,150.0558,151.2592,148.8888,150.2151,12524473
JNJ,2024-05-24,150.2855,151.5809,150.2758,150.9237,15988322
JNJ,2024-05-27,153.6517,154.4929,150.1149,151.7652,11601263
JNJ,2024-05-28,153.8677,154.0817,151.267,151.4592,56287515
JNJ,2024-05-29,151.437,152.7931,150.0636,151.7697,89017061
JNJ,2024-05-30,147.2716,150.6834,146.632,148.576,3255997
JNJ,2024-05-31,146.719,147.5734,146.4888,147.3314,22884336
JNJ,2024-06-03,145.2275,145.2513,144.6046,145.1707,6350395
JNJ,2024-06-04,147.4107,147.5071,146.9686,147.1802,9580415
JNJ,2024-06-05,147.2187,148.8927,145.5704,146.621,9738533
JNJ,2024-06-06,146.4479,149.4076,144.9987,146.959,28326740
JNJ,2024-06-07,146.7416,147.4273,145.5282,146.9586,7440477
JNJ,2024-06-10,147.4996,149.5682,145.3334,147.6514,73021661
JNJ,2024-06-11,148.0267,149.2822,146.0435,147.2873,23309125
JNJ,2024-06-12,148.0453,149.9321,146.5741,147.5649,26617182
JNJ,2024-06-13,146.5401,148.96,146.2124,147.1763,25226224
JNJ,2024-06-14,148.9592,149.0826,146.3635,147.1818,14536149
JNJ,2024-06-17,148.2379,149.6023,144.3931,147.0194,22581383
JNJ,2024-06-18,147.8523,148.4818,147.3155,148.0465,19769479
JNJ,2024-06-19,148.189,150.1654,147.9521,148.892,71930187
JNJ,2024-06-20,149.0819,149.5163,148.9217,149.4572,35554276
JNJ,2024-06-21,149.3826,150.0197,148.9915,149.9729,18731437
JNJ,2024-06-24,148.7456,151.1853,147.712,148.8751,8940484
JNJ,2024-06-25,146.6799,148.3175,145.5595,148.11,16224322
JNJ,2024-06-26,151.1569,152.8238,149.578,150.1532,9820711
JNJ,2024-06-27,146.0658,148.1443,144.1566,146.8097,13035990
JNJ,2024-06-28,147.4906,148.6542,145.775,146.289,34568319
JNJ,2024-07-01,145.9336,148.0054,145.3061,145.5509,19512105
JNJ,2024-07-02,147.7687,148.0021,143.8354,145.866,36403309
JNJ,2024-07-03,144.2006,145.4444,143.944,145.1848,12820604
JNJ,2024-07-04,146.6395,148.4991,145.4763,147.1533,10157607
JNJ,2024-07-05,145.6993,148.3579,144.2562,146.6313,41491557
JNJ,2024-07-08,146.3915,147.2716,145.765,146.1051,33563964
JNJ,2024-07-09,147.7437,147.8303,144.4076,147.0435,16878748
JNJ,2024-07-10,147.854,148.4302,144.8139,147.2648,17156183
JNJ,2024-07-11,148.2935,149.6919,147.6745,148.8106,12456646
JNJ,2024-07-12,150.389,151.5847,147.9347,149.012,15552044
JNJ,2024-07-15,148.9929,150.9233,148.0102,148.4536,20969687
JNJ,2024-07-16,149.1291,150.2481,148.5654,150.1177,10778435
JNJ,2024-07-17,151.2456,151.3047,151.1053,151.262,8408396
JNJ,2024-07-18,153.0017,153.5762,150.053,151.4343,7642229
JNJ,2024-07-19,150.7159,151.3448,150.6158,151.1414,3825801
JNJ,2024-07-22,153.0936,153.6585,149.2009,151.794,63593905
JNJ,2024-07-23,149.8396,151.0751,146.9259,149.2741,3484430
JNJ,2024-07-24,150.5901,150.6302,148.457,150.2347,4820400
JNJ,2024-07-25,149.486,151.619,148.8031,151.0566,16206419
JNJ,2024-07-26,150.9403,151.6484,149.4645,151.0082,9299894
JNJ,2024-07-29,155.7909,155.8281,151.247,153.0591,24417490
JNJ,2024-07-30,150.649,152.3052,148.6964,150.9655,7473300
JNJ,2024-07-31,148.7411,151.2137,147.1601,149.9695,5829822
JNJ,2024-08-01,148.2613,148.8224,147.286,148.3839,21367819
JNJ,2024-08-02,149.5216,149.8701,147.1355,148.2088,8931650
JNJ,2024-08-05,148.6045,149.3543,148.3408,149.0612,7502214
JNJ,2024-08-06,148.0756,148.5666,147.7442,147.8102,14062042
JNJ,2024-08-07,148.5446,148.5994,146.5224,148.4183,7201610
JNJ,2024-08-08,147.5457,148.9148,145.595,147.3387,11563714
JNJ,2024-08-09,145.665,147.6196,145.497,147.138,9603480
JNJ,2024-08-12,148.468,149.2128,147.1035,147.7671,53990545
JNJ,2024-08-13,143.6776,145.4763,141.4817,143.0475,2861136
JNJ,2024-08-14,143.452,145.6818,141.9012,143.0857,10673087
JNJ,2024-08-15,143.7401,144.2408,143.3228,143.3264,13214846
JNJ,2024-08-16,143.599,145.9731,142.6625,145.0418,10745771
JNJ,2024-08-19,143.6611,145.811,143.2329,145.5447,9804510
JNJ,2024-08-20,142.344,143.7347,141.8005,143.7185,9662239
JNJ,2024-08-21,144.5087,147.2914,142.58,144.7581,12146100
JNJ,2024-08-22,145.5971,146.6058,141.3271,143.9428,5655876
JNJ,2024-08-23,145.8373,145.9121,141.8122,143.8971,19272558
JNJ,2024-08-26,146.0325,147.8868,145.4453,146.0876,44516367
JNJ,2024-08-27,147.645,150.1158,145.3387,147.3891,25733847
JNJ,2024-08-28,146.2745,147.8038,145.9859,147.1285,11135317
JNJ,2024-08-29,145.5453,146.8825,144.8977,145.2331,28420695
JNJ,2024-08-30,142.287,144.9217,142.0464,143.4736,51708379
JNJ,2024-09-02,140.2363,143.8194,139.7541,142.4277,19573740
JNJ,2024-09-03,142.3819,143.8899,140.8712,141.9727,56804656
JNJ,2024-09-04,141.8307,142.7245,140.3737,142.2137,10259640
JNJ,2024-09-05,142.3043,142.5565,141.9198,142.3981,10270579
JNJ,2024-09-06,144.0038,145.5018,140.9051,143.4086,22547414
JNJ,2024-09-09,142.1676,143.3254,142.0653,143.0592,20612800
JNJ,2024-09-10,144.5785,145.7189,144.4056,145.4611,55055479
JNJ,2024-09-11,146.354,148.0647,143.8713,145.6156,6809921
JNJ,2024-09-12,145.2284,146.6064,144.717,144.9838,19525690
JNJ,2024-09-13,145.4351,146.0371,144.9832,145.6502,16468811
JNJ,2024-09-16,145.5887,148.4594,145.1102,146.2022,6943343
JNJ,2024-09-17,147.4743,148.2005,146.2222,147.6978,26099056
JNJ,2024-09-18,144.723,146.4987,143.2111,145.0932,8387396
JNJ,2024-09-19,145.3934,147.2734,143.2582,145.5795,17376874
JNJ,2024-09-20,146.0649,146.0986,144.7588,144.884,44653685
JNJ,2024-09-23,147.3826,149.5158,146.7361,147.4481,16469463
JNJ,2024-09-24,147.1009,149.5274,146.6228,149.4409,14824952
JNJ,2024-09-25,149.7414,150.2635,149.1954,150.0406,18249930
JNJ,2024-09-26,148.6083,149.2219,146.8803,148.9619,68746892
JNJ,2024-09-27,151.0749,152.2466,149.7402,151.3623,17489605
JNJ,2024-09-30,150.1612,151.6365,149.528,150.7034,11543925
JNJ,2024-10-01,153.1017,155.1009,150.216,152.9027,8434893
JNJ,2024-10-02,151.0945,152.6573,150.2165,150.9202,27138995
JNJ,2024-10-03,150.2397,152.607,149.6549,151.5643,16862362
JNJ,2024-10-04,149.7717,154.1343,149.4406,151.9064,15404962
JNJ,2024-10-07,153.1123,154.4917,152.1853,154.182,15135176
JNJ,2024-10-08,153.8698,154.8177,151.9063,153.9137,3068190
JNJ,2024-10-09,154.4606,155.4064,153.5564,155.3155,34664629
JNJ,2024-10-10,153.0057,155.55,150.3374,152.8956,11248606
JNJ,2024-10-11,151.1064,152.8123,150.4404,151.0866,11697096
JNJ,2024-10-14,152.4432,152.5548,151.0887,151.4958,12438703
JNJ,2024-10-15,149.7988,150.1703,149.305,149.9353,14777052
JNJ,2024-10-16,152.3256,152.36,151.1332,151.2063,5821323
JNJ,2024-10-17,152.4159,153.2785,150.6077,151.3873,15318107
JNJ,2024-10-18,151.2646,153.3226,150.7701,151.2204,21217071
JNJ,2024-10-21,150.7857,152.7715,149.5141,151.5149,13010103
JNJ,2024-10-22,151.391,154.385,150.927,153.296,13664093
JNJ,2024-10-23,154.1367,154.7559,150.8291,152.4889,3816826
JNJ,2024-10-24,149.4929,153.4859,149.2783,151.4266,13911085
JNJ,2024-10-25,152.7348,154.2362,149.3322,151.9984,6173690
JNJ,2024-10-28,154.0782,155.107,153.4252,154.6425,35943970
JNJ,2024-10-29,153.725,155.0373,152.7416,153.0332,53577164
JNJ,2024-10-30,151.8128,152.1421,150.5535,151.8691,24429103
JNJ,2024-10-31,152.4612,152.6911,152.2366,152.3488,18180918
JNJ,2024-11-01,153.6856,154.1756,153.1408,154.1241,30907978
JNJ,2024-11-04,152.286,153.5348,150.4913,151.8994,8416195
JNJ,2024-11-05,154.1994,154.4866,152.2534,153.3008,87767846
JNJ,2024-11-06,154.5139,154.6032,154.2926,154.3751,28769707
JNJ,2024-11-07,155.4402,156.6672,153.542,156.1139,3817144
JNJ,2024-11-08,153.8952,156.2369,152.2148,154.6716,6385569
JNJ,2024-11-11,153.4805,154.4568,150.6955,152.5279,14219373
JNJ,2024-11-12,152.0401,153.3547,151.817,152.6254,16288748
JNJ,2024-11-13,149.5322,152.6025,148.6818,150.2153,5981591
JNJ,2024-11-14,150.9076,152.5383,150.3914,150.575,10168622
JNJ,2024-11-15,152.0602,154.4296,152.0273,152.0549,8168786
JNJ,2024-11-18,152.4347,155.8627,150.6315,153.1641,15064713
JNJ,2024-11-19,154.2002,154.9032,150.6982,152.3312,49378938
JNJ,2024-11-20,154.8568,155.8584,152.0677,153.3213,22319441
JNJ,2024-11-21,155.3062,155.7508,154.045,154.1535,26627067
JNJ,2024-11-22,154.9127,155.266,154.1543,154.3185,11591385
JNJ,2024-11-25,151.7606,152.4541,151.308,152.4341,19071758
JNJ,2024-11-26,153.9076,156.2633,151.3927,154.043,4995279
JNJ,2024-11-27,155.369,157.2639,153.1375,154.6887,36387299
JNJ,2024-11-28,154.0054,156.2618,152.4178,153.6216,25643433
JNJ,2024-11-29,153.7259,156.8597,153.5028,154.8933,94135673
JNJ,2024-12-02,156.74,156.8757,155.1142,156.3286,9435088
JNJ,2024-12-03,155.6665,157.2065,154.7035,155.2313,10970447
JNJ,2024-12-04,157.5717,159.7182,155.7274,157.6114,36674950
JNJ,2024-12-05,156.4411,157.2927,154.5441,155.3213,10634188
JNJ,2024-12-06,155.1459,157.5406,153.0025,155.2089,66338202
JNJ,2024-12-09,155.6463,155.8983,152.192,153.5632,43319171
JNJ,2024-12-10,154.3477,155.8602,152.6126,155.0821,18179195
JNJ,2024-12-11,154.0503,154.1516,149.1539,151.6612,8600229
JNJ,2024-12-12,149.1523,150.19,147.6483,149.1039,10807077
JNJ,2024-12-13,149.3685,149.5482,147.2977,148.9129,16730081
JNJ,2024-12-16,150.0732,150.6493,148.6258,149.4119,34203108
JNJ,2024-12-17,149.0607,149.4617,148.3969,149.1764,23275896
JNJ,2024-12-18,148.8251,149.097,146.683,148.2296,6409150
JNJ,2024-12-19,148.1959,151.8198,146.5628,149.2008,41887966
JNJ,2024-12-20,149.6266,150.3261,147.7576,148.9894,23702961
JNJ,2024-12-23,150.5426,152.3978,149.2504,149.774,3364042
JNJ,2024-12-24,151.2131,152.1156,150.0144,151.4499,66811549
JNJ,2024-12-25,151.3937,152.3867,150.4007,151.537,29493838
JNJ,2024-12-26,153.9961,154.1036,149.5205,151.9181,8272545
JNJ,2024-12-27,154.8213,154.9698,151.4079,152.3346,13470263
JNJ,2024-12-30,151.384,152.6173,148.9325,151.225,25214991
JNJ,2024-12-31,155.1834,155.813,154.1545,154.1632,26900652
JNJ,2025-01-01,153.5361,155.1721,150.7121,153.4013,4398758
JNJ,2025-01-02,156.0596,156.5898,151.7283,154.128,3510943
JNJ,2025-01-03,152.3639,154.291,151.2212,152.9459,24247181
JNJ,2025-01-06,154.5474,155.384,152.2959,153.3131,16603403
JNJ,2025-01-07,155.3348,155.363,154.0027,154.2037,32099192
JNJ,2025-01-08,154.0829,154.3505,153.8608,153.9359,5056814
JNJ,2025-01-09,154.6207,157.7115,154.5448,155.6437,8519690
JNJ,2025-01-10,157.278,157.5502,155.718,156.7381,18039755
JNJ,2025-01-13,155.9965,158.2,154.678,157.491,7422787
JNJ,2025-01-14,157.6174,157.7982,156.2355,156.6938,16978232
JNJ,2025-01-15,156.7137,157.2681,155.9841,156.9311,12967850
JNJ,2025-01-16,158.0676,159.477,157.7286,157.7938,5823068
JNJ,2025-01-17,160.985,162.2026,158.1112,160.2581,18649853
JNJ,2025-01-20,165.0602,165.2981,163.8697,163.8846,20689027
JNJ,2025-01-21,166.3865,166.9822,163.4595,165.359,42399681
JNJ,2025-01-22,166.8858,169.6312,165.3033,166.8217,35834630
JNJ,2025-01-23,165.2692,165.5403,163.527,164.6969,15533079
JNJ,2025-01-24,161.5333,164.2489,160.4049,163.3927,56106570
JNJ,2025-01-27,165.9653,166.0991,161.2253,163.0879,33110779
JNJ,2025-01-28,162.996,164.0296,161.2088,162.6729,2795157
JNJ,2025-01-29,161.6399,163.7131,160.0177,162.0907,58498764
JNJ,2025-01-30,159.822,161.2682,157.8104,160.1583,42787004
JNJ,2025-01-31,160.031,160.6356,158.7378,159.904,34626829
JNJ,2025-02-03,161.1501,162.8402,160.0304,161.1365,5915830
JNJ,2025-02-04,161.2184,164.0653,159.8399,162.5583,37306014
JNJ,2025-02-05,165.6945,165.7092,163.3192,164.065,23300003
JNJ,2025-02-06,165.3325,168.0672,163.1723,165.2495,19214700
JNJ,2025-02-07,163.8327,164.3875,162.3986,163.7783,19337606
JNJ,2025-02-10,168.3817,169.6673,167.3763,169.0499,6627042
JNJ,2025-02-11,172.2013,172.7364,168.5003,170.099,665473
JNJ,2025-02-12,174.5567,177.0671,171.9903,174.1871,7544861
JNJ,2025-02-13,173.5239,174.7994,170.068,172.6215,13153085
JNJ,2025-02-14,174.5688,174.9886,172.6496,172.7489,16137038
JNJ,2025-02-17,172.5577,172.8289,171.2975,171.8674,35454475
JNJ,2025-02-18,171.7133,172.163,170.5499,170.849,20782065
JNJ,2025-02-19,172.4302,173.7498,172.3404,172.6206,5009678
JNJ,2025-02-20,174.4132,175.3378,172.848,174.5677,6895710
JNJ,2025-02-21,172.8427,173.4758,169.7328,171.4554,14398256
JNJ,2025-02-24,170.2615,170.7513,169.3945,169.7411,21973751
JNJ,2025-02-25,167.0699,168.4238,165.7473,168.2551,20140235
JNJ,2025-02-26,168.87,170.8957,167.1227,169.0849,4216141
JNJ,2025-02-27,173.5763,174.0326,170.5998,171.7998,42429425
JNJ,2025-02-28,172.7904,174.7931,171.5322,172.3889,27468620
JNJ,2025-03-03,173.7462,175.871,170.5445,173.6128,9601202
JNJ,2025-03-04,171.2924,176.3851,170.0536,173.2228,5354689
JNJ,2025-03-05,173.2272,173.3736,172.5771,172.5957,29884943
JNJ,2025-03-06,175.9078,176.8233,174.1886,174.4607,59174697
JNJ,2025-03-07,173.6098,174.1795,172.9954,173.9092,14638136
JNJ,2025-03-10,177.4552,178.4797,175.2192,176.6979,19206668
JNJ,2025-03-11,176.6058,178.8243,175.6992,177.3275,7575155
JNJ,2025-03-12,174.0631,177.3746,173.8204,176.7718,10218317
JNJ,2025-03-13,180.9713,181.895,176.667,178.5218,34145458
JNJ,2025-03-14,179.0921,181.3843,175.2932,178.6437,32425773
JNJ,2025-03-17,178.4501,180.8508,176.915,178.6858,42490792
JNJ,2025-03-18,176.0385,176.6077,174.0014,175.9218,12813310
JNJ,2025-03-19,177.9579,180.0462,176.0746,177.507,8059731
JNJ,2025-03-20,178.5424,178.599,177.9349,178.4192,10821056
JNJ,2025-03-21,177.5108,177.5741,174.7679,176.6507,29128982
JNJ,2025-03-24,173.3649,177.6066,173.2423,176.3416,5006541
JNJ,2025-03-25,173.9418,179.0137,173.0674,175.7794,37256438
JNJ,2025-03-26,178.6175,178.9837,175.4728,176.5794,8454697
JNJ,2025-03-27,176.6001,180.2708,175.2568,178.5844,8859338
JNJ,2025-03-28,179.7574,180.7175,177.1894,177.4648,77048358
JNJ,2025-03-31,178.4561,178.5854,176.1526,176.2955,3960643
JNJ,2025-04-01,174.4071,176.4544,171.4745,174.1977,19262483
JNJ,2025-04-02,174.9831,175.2454,174.1882,174.7883,17514941
JNJ,2025-04-03,173.1158,174.8688,172.1554,174.4124,19826718
JNJ,2025-04-04,174.0813,175.0327,173.9659,174.9267,36960472
JNJ,2025-04-07,172.2281,177.0997,172.2221,173.827,23345900
JNJ,2025-04-08,170.9381,172.0181,169.2165,170.4138,9768124
JNJ,2025-04-09,168.1854,170.9565,168.1097,170.4462,8513482
JNJ,2025-04-10,169.1388,172.1076,168.2022,170.6106,56518803
JNJ,2025-04-11,167.1271,169.8625,166.1042,167.0817,35748379
JNJ,2025-04-14,164.7239,166.8855,164.1532,166.6906,11497749
JNJ,2025-04-15,168.8451,169.8825,164.3938,166.9431,25898311
JNJ,2025-04-16,165.8148,170.1101,165.5642,167.0834,51996413
JNJ,2025-04-17,166.4814,166.7675,164.2702,166.2208,26108263
JNJ,2025-04-18,165.3252,169.0096,164.6825,165.9987,30099030
JNJ,2025-04-21,164.0457,166.3582,163.8448,165.9311,20803219
JNJ,2025-04-22,164.0339,166.1737,161.7186,163.267,85756521
JNJ,2025-04-23,161.9866,163.8419,161.7348,163.2066,9031154
JNJ,2025-04-24,167.0343,168.3403,164.4653,165.9308,46944993
JNJ,2025-04-25,165.8593,166.9965,163.5011,165.4388,15949677
JNJ,2025-04-28,166.4663,169.7697,165.0497,167.7173,12004225
JNJ,2025-04-29,169.1445,171.0672,167.447,170.1014,6041921
JNJ,2025-04-30,167.1701,168.0165,167.0653,167.7964,2682493
JNJ,2025-05-01,168.4795,170.0211,167.0191,168.6974,4645692
JNJ,2025-05-02,168.4784,170.0214,167.8306,169.0677,17129808
JNJ,2025-05-05,166.2796,169.5895,164.9939,166.7966,6218861
JNJ,2025-05-06,166.5338,167.2706,163.444,165.6629,19571743
JNJ,2025-05-07,165.5593,168.4562,164.0337,165.7717,12861643
JNJ,2025-05-08,165.9605,166.1936,165.0111,165.5977,9635438
JNJ,2025-05-09,163.9257,165.3967,163.6567,163.8764,50422083
JNJ,2025-05-12,163.502,163.6657,162.9172,163.645,21074686
JNJ,2025-05-13,162.5772,166.6821,162.4458,165.0715,2691516
JNJ,2025-05-14,166.3981,168.0261,162.3327,165.1125,130022704
JNJ,2025-05-15,163.4726,163.8479,161.7115,163.7184,101123795
JNJ,2025-05-16,160.2745,164.0867,159.7694,161.8594,8630468
JNJ,2025-05-19,164.3054,165.385,162.1902,162.8693,5063954
JNJ,2025-05-20,162.5223,162.9938,160.7675,162.5528,7168241
JNJ,2025-05-21,166.7078,166.7737,161.363,164.1004,64548263
JNJ,2025-05-22,164.3632,164.7548,161.6949,161.8175,18189299
JNJ,2025-05-23,163.6719,164.9364,163.4187,163.8251,125520944
JNJ,2025-05-26,164.1775,164.9695,161.5799,162.7594,12584607
JNJ,2025-05-27,161.5181,161.8273,159.776,160.9408,12255041
JNJ,2025-05-28,165.3618,165.8467,162.2988,163.1808,41460972
JNJ,2025-05-29,164.8793,166.9442,161.5967,164.383,54955847
JNJ,2025-05-30,165.8814,166.5705,163.2803,165.0511,18603343
JNJ,2025-06-02,165.0678,165.8589,162.9542,164.6056,16777144
JNJ,2025-06-03,165.2493,165.4029,162.4406,163.0037,37999873
JNJ,2025-06-04,160.7103,164.2982,160.5087,163.5606,32436104
JNJ,2025-06-05,163.3156,163.3893,161.1368,162.3454,2987424
JNJ,2025-06-06,165.2257,165.5834,160.231,163.1641,51159105
JNJ,2025-06-09,162.1617,165.3016,161.8587,162.7055,7289899
JNJ,2025-06-10,165.0608,166.8615,161.9186,164.3346,12541832
JNJ,2025-06-11,162.9346,164.2447,161.7877,163.0687,70484915
JNJ,2025-06-12,164.7016,165.8788,162.8289,163.6153,2333581
JNJ,2025-06-13,163.9041,167.0236,163.849,164.799,11460764
JNJ,2025-06-16,169.4894,170.2087,167.2111,167.5586,7980492
JNJ,2025-06-17,169.6051,170.2202,167.9281,168.7932,12697092
JNJ,2025-06-18,172.1741,172.2652,170.0534,170.6283,16161620
JNJ,2025-06-19,173.9697,175.615,170.3108,172.5448,50549259
JNJ,2025-06-20,174.5539,175.3776,172.3231,172.8602,33699128
JNJ,2025-06-23,172.7921,174.4314,172.5778,173.6592,9847818
JNJ,2025-06-24,174.7101,174.7123,171.8725,173.3857,35692923
JNJ,2025-06-25,173.1032,175.3179,173.0211,175.1779,14547656
JNJ,2025-06-26,179.4257,179.7608,176.501,176.9108,7250079
JNJ,2025-06-27,178.4521,180.0421,175.8229,178.3582,44334924
JNJ,2025-06-30,175.6258,178.5916,175.3494,177.5802,9963690
XOM,2022-01-03,72.0018,72.0918,69.6068,70.9341,19321679
XOM,2022-01-04,71.1749,71.9133,69.8994,71.2811,11904646
XOM,2022-01-05,70.701,71.1956,70.2098,71.1584,11711011
XOM,2022-01-06,71.4518,72.5671,70.2957,70.7111,26868728
XOM,2022-01-07,70.4457,71.9337,69.0091,70.8506,3990310
XOM,2022-01-10,70.6981,70.7848,69.4942,70.25,6223944
XOM,2022-01-11,69.3703,70.4556,69.019,70.071,20623987
XOM,2022-01-12,68.1531,69.4557,66.5665,68.1776,85653544
XOM,2022-01-13,67.2626,68.0248,66.9665,67.7229,41144502
XOM,2022-01-14,68.3989,68.4909,66.0925,67.6102,18253265
XOM,2022-01-17,65.9501,68.6039,65.7602,66.9877,17579036
XOM,2022-01-18,66.3778,66.5499,65.9258,66.4684,18729842
XOM,2022-01-19,66.5166,66.9992,65.7052,66.1322,12837217
XOM,2022-01-20,63.8559,64.6274,63.1776,64.3331,10342766
XOM,2022-01-21,63.3919,64.2902,61.9622,63.0198,28843547
XOM,2022-01-24,64.3793,64.9315,63.4927,64.3948,14680745
XOM,2022-01-25,63.8987,64.1123,62.771,63.4799,29798548
XOM,2022-01-26,64.0137,65.7423,63.7562,64.7443,28493776
XOM,2022-01-27,64.5365,65.7675,63.9983,64.9025,15837398
XOM,2022-01-28,63.2046,63.9134,63.0009,63.8738,44692280
XOM,2022-01-31,64.2748,64.3649,63.6985,64.1641,30643733
XOM,2022-02-01,63.6561,66.241,63.3865,65.1721,10602742
XOM,2022-02-02,64.9451,65.8637,63.8427,65.0081,10095375
XOM,2022-02-03,66.5001,66.6075,63.9638,65.4116,79171898
XOM,2022-02-04,66.9206,66.9905,66.6242,66.6771,9224376
XOM,2022-02-07,67.6681,67.973,66.6255,66.9096,2748805
XOM,2022-02-08,65.3028,66.2708,64.7822,66.2508,13170825
XOM,2022-02-09,67.5195,68.6464,66.7502,67.6123,23021778
XOM,2022-02-10,69.0173,69.7419,67.163,68.3318,13889270
XOM,2022-02-11,69.7264,69.7475,68.636,69.0812,7100492
XOM,2022-02-14,69.545,69.8745,68.5348,69.7095,10828780
XOM,2022-02-15,70.5789,70.6501,69.4486,70.3312,47863298
XOM,2022-02-16,71.5265,71.7382,71.2305,71.3236,8720634
XOM,2022-02-17,68.9286,70.903,68.7592,70.6334,3835487
XOM,2022-02-18,69.3146,70.6649,68.0116,69.7488,11110200
XOM,2022-02-21,69.4619,69.9533,69.4342,69.518,10349508
XOM,2022-02-22,70.8496,72.1062,70.2601,71.2437,6498309
XOM,2022-02-23,71.159,72.2288,70.0807,71.2927,7860634
XOM,2022-02-24,71.2092,72.8048,71.1843,71.2401,13716571
XOM,2022-02-25,71.0565,71.7006,69.9205,71.5835,8793846
XOM,2022-02-28,72.4471,72.5416,71.4206,71.4571,7779338
XOM,2022-03-01,73.8969,74.6988,71.2,72.8862,27194148
XOM,2022-03-02,73.1226,73.7921,71.3436,72.4655,12420123
XOM,2022-03-03,72.0093,74.542,71.0888,72.9885,18159719
XOM,2022-03-04,72.9632,73.857,72.4213,73.0061,35057462
XOM,2022-03-07,71.5013,72.5285,70.1892,70.798,12000979
XOM,2022-03-08,72.492,72.9114,70.465,71.5465,8931607
XOM,2022-03-09,70.9904,72.4867,70.3195,71.833,31794853
XOM,2022-03-10,73.1053,74.8683,72.3799,73.5843,4279455
XOM,2022-03-11,70.4563,70.65,70.057,70.4184,27548788
XOM,2022-03-14,71.0778,72.0217,70.0464,70.4816,2950208
XOM,2022-03-15,71.7999,72.2929,71.3625,71.6032,38752098
XOM,2022-03-16,69.0908,71.228,68.7555,70.4883,5164288
XOM,2022-03-17,70.1269,70.4128,68.5587,69.2982,29314756
XOM,2022-03-18,71.3932,71.8286,68.4978,70.4065,3803333
XOM,2022-03-21,70.0566,70.7245,68.5273,69.7532,5047695
XOM,2022-03-22,69.6816,70.7411,68.4428,69.0098,27151563
XOM,2022-03-23,66.8421,68.2576,66.1768,67.4168,29557747
XOM,2022-03-24,68.7246,69.1349,67.9086,68.3137,9017806
XOM,2022-03-25,67.8681,68.791,67.8356,68.7162,5994240
XOM,2022-03-28,69.1736,69.5625,67.792,69.194,5984591
XOM,2022-03-29,70.1222,70.4923,68.8668,69.4036,81200951
XOM,2022-03-30,69.0375,69.9972,67.8041,68.6297,2662876
XOM,2022-03-31,67.9329,68.0344,67.4732,67.9362,22093470
XOM,2022-04-01,69.8885,70.3004,68.6949,68.7006,9511347
XOM,2022-04-04,67.3348,69.3401,66.8014,68.4674,18901064
XOM,2022-04-05,69.0769,70.3151,68.1087,69.0929,18407028
XOM,2022-04-06,67.6065,69.7666,67.5735,68.5718,12242302
XOM,2022-04-07,70.1124,70.6622,69.0615,69.3622,43463357
XOM,2022-04-08,69.094,70.0858,67.4861,68.4344,45770783
XOM,2022-04-11,69.0765,69.7001,67.7287,68.6769,37470630
XOM,2022-04-12,67.6766,68.6287,65.7232,67.2756,23871160
XOM,2022-04-13,67.0245,67.5562,66.0404,67.3185,13101760
XOM,2022-04-14,66.5159,68.338,66.3602,66.9047,25060175
XOM,2022-04-15,68.1538,68.8762,67.2851,67.2908,7951356
XOM,2022-04-18,68.6657,68.958,67.9729,68.2074,7739982
XOM,2022-04-19,68.9892,69.3912,67.0442,68.2381,9160687
XOM,2022-04-20,68.4659,68.5271,66.175,67.7339,22505459
XOM,2022-04-21,68.7104,69.8129,68.529,69.3314,2825492
XOM,2022-04-22,68.4169,69.6033,67.9869,68.8556,4588325
XOM,2022-04-25,67.183,68.9992,67.0178,67.9453,14264099
XOM,2022-04-26,66.927,68.0311,66.1966,67.8411,9509711
XOM,2022-04-27,68.212,69.1556,67.3915,67.535,16050199
XOM,2022-04-28,67.7083,68.9091,66.1017,67.4398,14964653
XOM,2022-04-29,66.1986,66.3398,64.7695,66.257,7008574
XOM,2022-05-02,67.2317,68.2939,67.0103,67.0519,6901636
XOM,2022-05-03,67.0386,68.2927,66.4667,67.2073,177692605
XOM,2022-05-04,65.9615,67.7199,65.7878,67.5159,27927182
XOM,2022-05-05,66.7798,69.3904,65.8779,67.5617,20712281
XOM,2022-05-06,68.5194,70.1868,67.7068,68.3973,22521142
XOM,2022-05-09,69.0798,69.0932,68.2301,68.6227,9090485
XOM,2022-05-10,69.1504,69.8962,66.9602,68.3914,18587970
XOM,2022-05-11,69.7167,70.3828,69.5539,69.5993,26915295
XOM,2022-05-12,69.7771,71.361,68.9872,69.9743,36459939
XOM,2022-05-13,72.5787,72.697,71.5217,72.173,27567450
XOM,2022-05-16,70.9901,71.7249,70.4727,71.5973,42283508
XOM,2022-05-17,71.2808,71.7439,70.9241,71.7048,27123592
XOM,2022-05-18,70.4287,71.6349,69.1868,70.1194,27884385
XOM,2022-05-19,71.4554,72.2052,71.0654,71.6792,36121529
XOM,2022-05-20,72.0401,72.4848,70.5439,71.4012,69572582
XOM,2022-05-23,72.5733,73.5594,71.2622,73.1214,26361581
XOM,2022-05-24,73.1468,73.5192,71.2831,72.8105,9236407
XOM,2022-05-25,72.1718,73.1697,71.991,72.4098,99317315
XOM,2022-05-26,72.7922,72.8883,71.8846,72.0811,4852183
XOM,2022-05-27,72.634,72.8761,72.1733,72.7769,29400662
XOM,2022-05-30,74.0501,74.845,71.2715,73.2891,19757017
XOM,2022-05-31,74.3531,75.1072,72.495,74.0473,13575435
XOM,2022-06-01,73.6241,75.1024,73.5982,73.9225,5280429
XOM,2022-06-02,74.4163,77.3577,73.4918,75.2839,20353590
XOM,2022-06-03,74.9433,75.5486,72.5111,74.1938,2655742
XOM,2022-06-06,74.324,75.6233,73.3499,75.1649,31245904
XOM,2022-06-07,73.46,73.6056,71.9673,73.3796,16057140
XOM,2022-06-08,74.3021,74.9846,73.5893,73.8106,26206223
XOM,2022-06-09,73.7163,73.7657,73.706,73.7604,3698602
XOM,2022-06-10,74.8918,74.9128,71.9979,73.8639,39172770
XOM,2022-06-13,72.4089,73.5373,72.2983,73.3017,9432930
XOM,2022-06-14,73.0871,74.2696,71.9443,72.8258,16617113
XOM,2022-06-15,72.9991,73.292,71.0873,73.0073,10507954
XOM,2022-06-16,72.7149,74.6481,72.0743,73.221,100549397
XOM,2022-06-17,73.9207,75.2538,72.9078,73.4108,24798814
XOM,2022-06-20,73.2238,74.0583,72.8469,73.1252,5536670
XOM,2022-06-21,71.9944,72.0358,71.4479,71.9919,48325090
XOM,2022-06-22,72.1411,72.7175,71.6765,72.2098,13237535
XOM,2022-06-23,71.0151,71.4035,70.24,70.5642,15099246
XOM,2022-06-24,70.3414,71.465,69.6346,70.1993,13571536
XOM,2022-06-27,71.5514,72.1684,70.634,71.3767,66638040
XOM,2022-06-28,74.0181,74.3237,72.0332,72.6065,15005217
XOM,2022-06-29,74.3145,76.0322,73.7994,74.7089,9701524
XOM,2022-06-30,74.3155,77.2264,73.3338,75.3342,13437474
XOM,2022-07-01,75.3105,77.8522,74.615,75.7834,9626172
XOM,2022-07-04,75.4781,76.0888,75.1602,75.3776,14284912
XOM,2022-07-05,75.2795,77.2546,74.511,76.2296,30525914
XOM,2022-07-06,75.6781,76.7176,75.5749,76.1725,15871420
XOM,2022-07-07,75.7934,76.1023,75.5321,75.5394,18904387
XOM,2022-07-08,75.4816,75.8416,74.3682,75.0373,50428783
XOM,2022-07-11,76.348,76.6566,74.777,75.3368,41025686
XOM,2022-07-12,74.4502,75.0196,73.6743,74.4465,4663018
XOM,2022-07-13,73.3618,73.705,72.5708,73.6945,10164754
XOM,2022-07-14,73.7554,74.5003,71.8683,72.8662,18222277
XOM,2022-07-15,73.7875,74.5962,73.1825,73.2386,4032532
XOM,2022-07-18,73.9583,74.0469,72.597,74.0458,52390094
XOM,2022-07-19,75.731,75.7564,73.4717,74.3967,27362951
XOM,2022-07-20,73.9098,75.4242,73.3158,74.2958,72640914
XOM,2022-07-21,75.0725,75.1917,73.5891,74.3068,117966661
XOM,2022-07-22,76.4761,76.8315,75.4013,75.4135,6086876
XOM,2022-07-25,72.8324,75.6013,72.6956,73.841,9865085
XOM,2022-07-26,74.6729,75.9281,72.8366,74.6019,46124221
XOM,2022-07-27,73.1966,76.014,72.7779,73.9675,13992871
XOM,2022-07-28,73.3757,75.5391,72.5602,74.2089,20884732
XOM,2022-07-29,74.3091,76.5454,74.1093,75.132,35826323
XOM,2022-08-01,76.2937,77.5461,74.5102,75.7298,16909481
XOM,2022-08-02,76.4169,76.5624,75.8515,75.8994,14212024
XOM,2022-08-03,74.9471,77.7339,74.5077,76.4671,11391341
XOM,2022-08-04,76.1932,77.7755,74.5296,75.7273,29034544
XOM,2022-08-05,75.1067,76.0871,73.1389,74.8172,13065127
XOM,2022-08-08,76.7146,77.0547,74.9189,75.4038,11855868
XOM,2022-08-09,75.8092,76.7948,74.043,75.0157,38395923
XOM,2022-08-10,76.8966,77.3579,75.1924,76.2293,15747418
XOM,2022-08-11,76.6256,77.938,76.6076,77.2364,18587566
XOM,2022-08-12,74.0618,75.0679,72.6955,73.4471,12173613
XOM,2022-08-15,72.062,74.4451,71.8427,73.7773,13648748
XOM,2022-08-16,75.3071,75.4178,72.4772,74.3661,42428913
XOM,2022-08-17,76.3307,77.0342,74.7676,75.7262,16864191
XOM,2022-08-18,73.2096,73.9071,72.7941,73.6971,6316309
XOM,2022-08-19,72.9633,74.2211,71.7014,73.3956,12702839
XOM,2022-08-22,73.1509,73.6714,71.046,72.2753,15651184
XOM,2022-08-23,72.0078,72.8716,71.3665,72.5779,3906449
XOM,2022-08-24,71.9886,72.8523,71.8535,72.313,48789177
XOM,2022-08-25,70.2729,71.8099,69.1304,70.9416,9078382
XOM,2022-08-26,71.4403,71.9752,68.1437,70.0759,15314509
XOM,2022-08-29,70.0602,71.7797,69.1753,70.6691,4373192
XOM,2022-08-30,69.6007,70.6708,68.5933,69.215,4632532
XOM,2022-08-31,68.2925,70.7133,68.1608,69.4212,7575819
XOM,2022-09-01,69.7087,70.5866,67.6132,69.0324,15701564
XOM,2022-09-02,69.1407,70.0265,68.8868,69.6622,11109254
XOM,2022-09-05,68.8799,70.5609,68.4544,69.3584,21171417
XOM,2022-09-06,70.5674,71.4804,69.525,70.2511,15405587
XOM,2022-09-07,71.4684,71.9654,69.2342,70.0506,5467434
XOM,2022-09-08,71.1877,71.7071,70.7339,71.1703,30979584
XOM,2022-09-09,71.5253,71.5291,69.2442,70.9316,17997480
XOM,2022-09-12,73.2212,73.6203,71.5643,72.5705,44642508
XOM,2022-09-13,72.5047,73.3323,70.3207,71.5583,7294664
XOM,2022-09-14,69.9037,71.1199,69.5347,70.4641,32003376
XOM,2022-09-15,69.5036,70.9651,69.3622,69.902,7337089
XOM,2022-09-16,68.9339,70.4706,68.933,70.4254,2757783
XOM,2022-09-19,69.8539,73.2378,69.8376,71.4735,25506163
XOM,2022-09-20,69.2654,70.7867,68.7975,70.433,25302792
XOM,2022-09-21,70.2715,71.054,68.1118,69.2024,36572125
XOM,2022-09-22,70.6655,71.4511,69.2582,70.2337,23310670
XOM,2022-09-23,69.4686,69.4801,68.2281,68.8497,16098262
XOM,2022-09-26,68.7359,69.7988,67.3937,68.1506,9563601
XOM,2022-09-27,69.4949,70.3787,68.1557,68.669,2855113
XOM,2022-09-28,67.3695,68.976,66.7335,68.5864,107559510
XOM,2022-09-29,69.5336,69.5902,68.3045,68.4363,38474124
XOM,2022-09-30,68.2618,68.8776,67.5511,67.7265,20920959
XOM,2022-10-03,68.7367,70.0835,67.8479,68.2084,90865741
XOM,2022-10-04,66.1979,67.6084,66.1732,66.8866,7159814
XOM,2022-10-05,67.3157,69.4904,67.3093,68.1537,7814478
XOM,2022-10-06,65.7857,67.0915,65.2827,67.0412,9733259
XOM,2022-10-07,66.7225,67.5586,66.6249,66.7311,14244777
XOM,2022-10-10,65.133,66.1484,64.6418,66.116,8542872
XOM,2022-10-11,67.6139,68.0589,66.4448,67.0547,53862719
XOM,2022-10-12,66.0767,68.1693,65.5675,66.889,27166294
XOM,2022-10-13,67.1189,68.953,65.9697,67.3336,36172347
XOM,2022-10-14,68.1291,68.2519,66.7423,67.2,8024222
XOM,2022-10-17,66.8867,67.9171,65.7829,67.6401,13195598
XOM,2022-10-18,67.0908,68.0489,65.4581,67.1757,14131040
XOM,2022-10-19,65.9103,68.1886,65.1975,66.3509,11111499
XOM,2022-10-20,66.0438,67.6082,66.0072,67.5337,21658709
XOM,2022-10-21,66.3839,67.617,65.9738,66.758,7266609
XOM,2022-10-24,65.8346,68.3047,65.6055,66.6103,7289753
XOM,2022-10-25,66.8785,67.7209,66.2169,66.5219,3219328
XOM,2022-10-26,65.0414,66.4236,63.9112,64.8924,32946681
XOM,2022-10-27,63.91,64.4289,63.5109,64.2032,14485698
XOM,2022-10-28,63.5013,63.595,61.9569,63.4875,1930668
XOM,2022-10-31,63.7981,64.5584,63.047,63.774,7322744
XOM,2022-11-01,65.1068,65.6174,63.0966,64.0645,25733388
XOM,2022-11-02,63.3195,64.2604,62.7156,62.8685,22572477
XOM,2022-11-03,61.3309,63.9082,61.1467,62.8366,70289565
XOM,2022-11-04,63.4881,63.557,61.9614,63.5076,4907217
XOM,2022-11-07,61.8615,63.0181,61.0144,62.4972,72077848
XOM,2022-11-08,61.3233,61.6046,61.1723,61.3586,3394582
XOM,2022-11-09,60.2595,60.6433,58.5971,59.8852,9098448
XOM,2022-11-10,58.7515,61.5985,58.6075,60.124,41211921
XOM,2022-11-11,60.4069,61.4921,60.2128,60.8139,9201906
XOM,2022-11-14,59.5263,60.8211,59.3764,60.7973,28679625
XOM,2022-11-15,61.4534,62.5539,60.7062,61.5487,13232170
XOM,2022-11-16,61.5709,62.9085,61.0572,62.7942,6537515
XOM,2022-11-17,62.7317,63.6401,62.4699,62.8774,3525852
XOM,2022-11-18,64.9547,65.1639,63.498,64.4114,21386620
XOM,2022-11-21,61.5286,62.7506,60.6493,61.9614,5183284
XOM,2022-11-22,62.6472,63.8402,62.385,62.7834,58690157
XOM,2022-11-23,61.4054,64.2047,60.8182,62.4775,17247964
XOM,2022-11-24,60.4893,61.9319,60.2791,61.8166,21038539
XOM,2022-11-25,62.6721,62.7934,60.8454,62.2149,13679348
XOM,2022-11-28,64.6386,64.66,62.9728,63.1167,2948024
XOM,2022-11-29,64.3761,64.6091,63.0782,64.2284,12178990
XOM,2022-11-30,63.087,63.1412,62.4844,63.0512,3726994
XOM,2022-12-01,63.338,64.9317,61.9187,63.1848,27584461
XOM,2022-12-02,62.7933,62.8125,61.0448,62.6495,53739228
XOM,2022-12-05,62.8385,63.0366,62.7044,62.8394,8535113
XOM,2022-12-06,63.8447,64.1296,62.3446,62.6532,8598208
XOM,2022-12-07,62.7278,63.125,61.3467,62.5365,2816882
XOM,2022-12-08,62.5703,63.9095,62.0294,62.4409,94168059
XOM,2022-12-09,63.1342,64.3524,61.4033,62.9215,26609789
XOM,2022-12-12,63.1341,63.7032,62.7794,62.8894,104629056
XOM,2022-12-13,61.1178,62.6334,60.827,62.5516,9413037
XOM,2022-12-14,60.4513,61.5461,59.4945,60.3535,36543638
XOM,2022-12-15,61.901,62.4432,59.3689,60.77,19065981
XOM,2022-12-16,61.7302,62.1681,59.6889,61.3361,8903560
XOM,2022-12-19,61.4683,63.1173,61.1102,61.7394,18335228
XOM,2022-12-20,60.918,62.727,60.89,61.2209,12682704
XOM,2022-12-21,60.3534,61.8823,59.6853,60.6825,7038620
XOM,2022-12-22,62.842,63.1137,60.5135,62.0314,13948856
XOM,2022-12-23,61.9041,63.1782,61.2365,61.8828,2353428
XOM,2022-12-26,60.3808,60.7073,60.3293,60.5354,32721473
XOM,2022-12-27,60.5823,62.0257,60.0528,60.8618,126348594
XOM,2022-12-28,59.8045,59.9594,58.8311,59.3983,3111052
XOM,2022-12-29,58.2873,58.3097,57.9659,57.9752,3974388
XOM,2022-12-30,58.1041,59.0885,57.2983,58.8779,111376326
XOM,2023-01-02,58.4104,58.6043,57.8857,58.2363,23067928
XOM,2023-01-03,58.7379,59.2277,56.6347,58.1102,3081156
XOM,2023-01-04,56.205,58.6778,56.0301,57.4927,7955965
XOM,2023-01-05,57.399,57.6567,55.9981,56.6925,92605686
XOM,2023-01-06,58.6603,59.3247,56.9049,57.8321,2350936
XOM,2023-01-09,57.6127,58.05,56.8541,57.0529,22447570
XOM,2023-01-10,57.7955,57.8986,56.6069,56.7538,3705047
XOM,2023-01-11,57.5245,57.9621,57.5062,57.5702,3710029
XOM,2023-01-12,57.3528,58.808,57.2987,57.7185,12642277
XOM,2023-01-13,58.1274,59.4357,57.4522,57.9523,9218093
XOM,2023-01-16,56.4215,58.6234,56.2065,57.3349,25190255
XOM,2023-01-17,57.9047,58.3933,57.0624,57.8191,63209111
XOM,2023-01-18,59.316,60.0164,58.3735,58.7482,41254852
XOM,2023-01-19,58.205,59.4892,57.9205,59.2158,39351667
XOM,2023-01-20,60.2035,60.5343,59.0775,59.1139,39664875
XOM,2023-01-23,58.1071,59.0095,57.2968,57.8693,32484920
XOM,2023-01-24,58.1252,58.235,55.797,57.3265,22084529
XOM,2023-01-25,56.1031,57.6657,55.7916,56.9963,12961418
XOM,2023-01-26,56.623,57.716,56.2357,56.6426,8397804
XOM,2023-01-27,55.7281,57.4037,54.5818,56.0565,1917043
XOM,2023-01-30,57.1247,57.2326,55.137,55.9813,7867384
XOM,2023-01-31,55.4598,55.9183,54.4898,55.5894,12489005
XOM,2023-02-01,54.5774,55.1152,53.497,54.6931,5025411
XOM,2023-02-02,54.6931,55.0347,53.494,54.4983,27914397
XOM,2023-02-03,54.9958,55.2832,54.3262,54.8255,4151414
XOM,2023-02-06,55.3362,56.0236,54.3615,55.313,40264036
XOM,2023-02-07,55.2324,55.3786,55.1952,55.2936,31985304
XOM,2023-02-08,55.2102,56.1463,54.5777,54.7746,10817481
XOM,2023-02-09,55.6288,56.0625,54.4359,54.6363,32224968
XOM,2023-02-10,55.2074,55.4096,52.8648,54.2962,24226510
XOM,2023-02-13,55.0888,56.4701,53.9969,55.2777,6724375
XOM,2023-02-14,55.4939,55.9829,54.63,55.3489,13275634
XOM,2023-02-15,55.3062,56.1763,54.1915,55.2269,11469797
XOM,2023-02-16,55.7462,56.4083,54.906,55.2973,43945363
XOM,2023-02-17,54.9134,56.4908,54.4887,55.9578,42849439
XOM,2023-02-20,56.9414,57.9562,55.5273,56.7594,30081130
XOM,2023-02-21,57.9304,58.2686,56.3562,57.4454,82555822
XOM,2023-02-22,55.108,57.5779,55.0751,56.2019,13511202
XOM,2023-02-23,55.608,57.1241,54.828,56.2937,37464176
XOM,2023-02-24,55.684,55.9848,55.6555,55.8008,26792189
XOM,2023-02-27,55.8193,55.8463,54.4761,55.0796,23088515
XOM,2023-02-28,54.7532,56.2682,53.7736,54.8472,17363771
XOM,2023-03-01,56.1163,56.4023,54.8307,55.3055,31272556
XOM,2023-03-02,55.6298,56.7129,54.8786,56.2374,2474175
XOM,2023-03-03,56.6931,57.6949,55.2349,56.5823,7561317
XOM,2023-03-06,55.8291,56.1457,55.631,56.0913,17176938
XOM,2023-03-07,56.6447,56.834,55.8888,56.3321,38837114
XOM,2023-03-08,57.4972,57.5403,55.8764,57.3182,27266094
XOM,2023-03-09,57.137,58.4886,56.7896,57.6847,4883763
XOM,2023-03-10,56.9951,58.456,56.9086,57.8818,17744127
XOM,2023-03-13,56.6979,57.2779,55.3355,56.9085,8913246
XOM,2023-03-14,57.69,57.7526,56.3757,56.6346,9613483
XOM,2023-03-15,57.0141,57.3233,55.9013,56.54,19429901
XOM,2023-03-16,56.3097,56.6253,54.1828,55.2232,25571740
XOM,2023-03-17,55.53,56.377,54.9444,55.5264,38289894
XOM,2023-03-20,55.2785,55.2806,55.2415,55.2524,47514807
XOM,2023-03-21,54.5527,55.305,53.5123,54.8071,6641515
XOM,2023-03-22,53.7185,55.458,53.6862,54.2122,22092850
XOM,2023-03-23,53.1866,55.0202,53.0864,54.4703,18461437
XOM,2023-03-24,55.4401,55.8036,54.4631,54.7644,23716657
XOM,2023-03-27,54.2233,54.7107,53.3765,54.0146,28889135
XOM,2023-03-28,53.8851,54.6079,53.6206,54.5733,10425095
XOM,2023-03-29,55.434,55.6983,54.3628,54.7579,21003702
XOM,2023-03-30,56.6556,56.7662,55.9706,55.9998,9875042
XOM,2023-03-31,54.7109,54.737,53.8921,54.4912,71813420
XOM,2023-04-03,55.1796,55.582,53.0699,54.4076,4625371
XOM,2023-04-04,54.8883,54.9328,54.3416,54.9316,8775037
XOM,2023-04-05,54.2678,55.3199,53.9905,54.7844,30922412
XOM,2023-04-06,53.6012,54.3656,53.3011,54.1423,25659497
XOM,2023-04-07,54.6873,55.1321,53.4919,53.7149,11390134
XOM,2023-04-10,52.6425,52.8986,50.8254,51.8483,9628617
XOM,2023-04-11,50.8987,51.125,50.4214,50.9865,14167830
XOM,2023-04-12,52.1464,53.4485,51.6272,52.3973,7944965
XOM,2023-04-13,52.3256,52.6827,51.2724,52.2282,23886654
XOM,2023-04-14,50.607,51.9102,49.6151,50.6905,35395029
XOM,2023-04-17,51.7171,52.0611,51.1108,51.1361,1870495
XOM,2023-04-18,50.7653,50.7949,50.5585,50.5996,14846524
XOM,2023-04-19,50.6548,51.0943,49.8391,49.9123,4226718
XOM,2023-04-20,50.107,50.8127,48.9857,49.5941,56677271
XOM,2023-04-21,50.257,50.4788,49.0499,49.8246,83123672
XOM,2023-04-24,50.4421,50.8695,50.2139,50.3539,17580299
XOM,2023-04-25,50.3702,50.6194,49.2013,49.4351,6873798
XOM,2023-04-26,48.7376,49.1327,48.6914,48.7509,10844527
XOM,2023-04-27,48.3126,48.4888,47.2343,48.1415,104316404
XOM,2023-04-28,48.5538,49.4912,48.0506,48.8307,8613214
XOM,2023-05-01,49.8953,50.2531,48.1475,48.9754,7355145
XOM,2023-05-02,49.7423,50.0911,48.5881,49.2102,19661073
XOM,2023-05-03,49.0916,50.2228,49.0758,49.4624,15572076
XOM,2023-05-04,49.7185,49.9926,48.7426,49.055,3368633
XOM,2023-05-05,48.3338,48.9223,47.4644,48.5057,2612723
XOM,2023-05-08,47.3119,48.8993,46.9492,48.028,74744584
XOM,2023-05-09,48.9855,48.9856,47.6087,48.7981,11230454
XOM,2023-05-10,47.1854,47.896,46.9585,47.5295,16082622
XOM,2023-05-11,46.0443,47.1168,45.1991,46.1761,26955594
XOM,2023-05-12,45.9849,46.6863,45.6892,45.8179,29326385
XOM,2023-05-15,45.3833,45.9787,44.9784,45.0964,29545239
XOM,2023-05-16,43.6851,44.7432,43.2082,44.2871,12998365
XOM,2023-05-17,44.7374,45.1971,44.1808,44.5523,11712294
XOM,2023-05-18,43.5249,44.5508,43.3099,44.2163,41790976
XOM,2023-05-19,44.5716,44.5948,44.2897,44.4938,18154232
XOM,2023-05-22,45.2729,46.0664,44.2141,45.1974,9927451
XOM,2023-05-23,45.19,45.3463,45.1668,45.2795,7820036
XOM,2023-05-24,46.148,46.6328,45.0152,45.6061,4964740
XOM,2023-05-25,46.675,46.6819,45.5181,46.0752,21499184
XOM,2023-05-26,45.5,46.6029,45.434,46.4362,9181906
XOM,2023-05-29,45.7281,46.8334,45.5267,46.419,8961037
XOM,2023-05-30,46.5773,46.8955,45.6256,46.8841,7148091
XOM,2023-05-31,47.0269,47.9693,46.2602,47.2911,16773522
XOM,2023-06-01,46.9391,47.6039,46.7947,47.2268,6476297
XOM,2023-06-02,47.9929,48.2048,46.4687,46.9715,33559247
XOM,2023-06-05,46.2366,47.001,45.6448,46.1546,4963917
XOM,2023-06-06,44.3592,45.1619,44.1898,45.16,4056755
XOM,2023-06-07,44.6996,45.7867,44.5568,44.8496,16320899
XOM,2023-06-08,45.8119,46.921,45.0404,45.6847,9077041
XOM,2023-06-09,45.1924,46.7711,44.5887,45.5416,8789476
XOM,2023-06-12,45.3769,46.0897,44.5095,45.6344,34428141
XOM,2023-06-13,45.0991,45.6719,43.6314,44.817,8943497
XOM,2023-06-14,44.459,45.1389,44.3498,44.4063,44750905
XOM,2023-06-15,44.1874,45.5398,43.8489,44.4036,15354735
XOM,2023-06-16,44.6051,44.7689,42.9847,44.094,4891085
XOM,2023-06-19,43.3898,44.5573,42.9052,43.7275,9317811
XOM,2023-06-20,44.0646,44.8805,43.9918,44.5545,12361780
XOM,2023-06-21,44.933,45.3837,44.1387,44.6345,36935471
XOM,2023-06-22,45.8204,46.1027,44.0252,44.9856,7078184
XOM,2023-06-23,44.1597,45.0139,44.1478,44.9997,38490466
XOM,2023-06-26,44.5143,45.126,43.9458,44.465,6501819
XOM,2023-06-27,44.4009,44.8945,44.1755,44.5634,9604987
XOM,2023-06-28,44.7675,45.1487,44.7116,44.9234,14850299
XOM,2023-06-29,43.6813,44.3627,43.3603,44.3371,11550636
XOM,2023-06-30,44.9678,45.1125,43.7177,43.9302,12899176
XOM,2023-07-03,43.8819,44.3149,43.7235,44.0397,36975985
XOM,2023-07-04,45.378,46.135,44.4292,45.0735,5489333
XOM,2023-07-05,45.9069,46.2642,45.2487,45.9404,9088307
XOM,2023-07-06,45.1311,45.9649,44.9032,45.7534,94874922
XOM,2023-07-07,45.8207,46.7236,45.1534,46.0823,13061011
XOM,2023-07-10,45.887,47.2712,45.7649,46.4957,7840391
XOM,2023-07-11,46.8161,46.8733,45.9691,46.2212,14381522
XOM,2023-07-12,46.4601,46.922,45.4182,46.629,10566094
XOM,2023-07-13,45.8529,46.6605,45.428,46.4307,4496421
XOM,2023-07-14,45.9261,46.6726,45.9047,46.1019,24895314
XOM,2023-07-17,46.792,47.2556,45.801,46.5893,17865290
XOM,2023-07-18,46.3245,46.3849,45.7243,46.0488,7803679
XOM,2023-07-19,45.6182,46.6658,45.3255,45.579,5825629
XOM,2023-07-20,45.6107,46.0256,45.499,45.565,71496437
XOM,2023-07-21,46.6653,47.8865,46.6005,46.7886,11898963
XOM,2023-07-24,48.4903,48.6523,47.695,48.582,3352595
XOM,2023-07-25,48.4389,49.556,48.08,48.6935,8121882
XOM,2023-07-26,47.8863,48.4383,47.3169,47.7984,23472659
XOM,2023-07-27,47.6238,47.8259,47.0671,47.1895,9592082
XOM,2023-07-28,47.4341,47.4367,46.8267,47.1306,5989343
XOM,2023-07-31,45.5959,47.6266,45.1369,46.3794,14518033
XOM,2023-08-01,44.4258,45.8949,43.8227,44.9625,9886802
XOM,2023-08-02,45.2732,45.4577,44.3624,44.7212,7774867
XOM,2023-08-03,44.9272,45.2744,43.9475,44.5193,18961985
XOM,2023-08-04,44.6591,45.007,44.1248,44.1786,13649792
XOM,2023-08-07,43.5447,43.8309,43.0901,43.7873,21388177
XOM,2023-08-08,43.8067,44.2179,43.5006,44.0557,24718903
XOM,2023-08-09,44.2715,45.8481,44.1809,44.7347,5805340
XOM,2023-08-10,43.8564,44.775,43.7401,43.7677,17794084
XOM,2023-08-11,44.2035,44.3802,42.9944,43.5432,27943171
XOM,2023-08-14,42.8775,43.034,42.4839,42.9826,16135192
XOM,2023-08-15,43.3139,44.0285,42.5758,43.3025,9228153
XOM,2023-08-16,44.5237,44.9789,44.222,44.3751,13152250
XOM,2023-08-17,43.1045,44.8966,43.0056,43.871,7296752
XOM,2023-08-18,44.4046,44.5971,43.3246,44.2459,15475817
XOM,2023-08-21,43.9367,44.4362,43.3009,44.4338,47638099
XOM,2023-08-22,43.6993,45.1516,43.5005,44.4938,21865847
XOM,2023-08-23,43.4615,45.1164,43.0581,44.2762,27424303
XOM,2023-08-24,44.9311,45.1688,43.5175,44.1409,12111544
XOM,2023-08-25,45.4823,45.5191,45.0497,45.1817,15900599
XOM,2023-08-28,44.2943,44.9694,43.8992,44.782,17970684
XOM,2023-08-29,44.2109,44.7481,43.308,44.4151,3845617
XOM,2023-08-30,45.1018,45.5593,44.6468,45.4229,11885270
XOM,2023-08-31,45.0322,45.3327,44.3499,44.6323,46943263
XOM,2023-09-01,44.8293,45.462,43.7885,44.4353,10499137
XOM,2023-09-04,45.1739,46.0114,44.0406,44.9127,31370728
XOM,2023-09-05,44.3582,45.2225,43.7334,44.5095,12798267
XOM,2023-09-06,46.9329,47.0916,45.3152,46.032,21496029
XOM,2023-09-07,46.9066,47.6712,45.856,46.9646,6926893
XOM,2023-09-08,47.9172,48.6418,47.2805,47.9176,7313358
XOM,2023-09-11,47.8147,47.9715,46.7337,47.2669,31165002
XOM,2023-09-12,47.3958,47.9961,47.0711,47.2282,65224588
XOM,2023-09-13,48.6666,48.7079,47.2376,47.8213,17761117
XOM,2023-09-14,47.5113,47.5215,46.2583,47.2224,65718313
XOM,2023-09-15,46.7053,47.3946,46.5587,47.2172,5517506
XOM,2023-09-18,48.0883,48.1232,46.6606,47.2836,22270941
XOM,2023-09-19,47.2415,48.7332,47.0484,47.539,6127037
XOM,2023-09-20,47.2288,47.2828,45.4119,46.6529,75720875
XOM,2023-09-21,46.8551,47.0361,46.7894,46.9463,11003664
XOM,2023-09-22,46.4714,47.2109,45.5958,46.7141,51457915
XOM,2023-09-25,45.5373,46.5896,45.3775,46.1225,22390645
XOM,2023-09-26,45.6152,46.5733,44.9566,45.8466,16855880
XOM,2023-09-27,45.4093,45.6442,44.7719,45.2663,39663226
XOM,2023-09-28,45.1653,45.9567,43.9078,44.8423,7582334
XOM,2023-09-29,44.9723,45.8323,44.3058,44.9713,8359079
XOM,2023-10-02,44.3437,44.5803,43.6081,44.4647,7475660
XOM,2023-10-03,44.2012,44.3361,44.0677,44.182,19283012
XOM,2023-10-04,44.1675,44.2228,43.9032,44.199,6617137
XOM,2023-10-05,46.126,46.2935,45.5248,45.6062,14989121
XOM,2023-10-06,47.1986,47.2422,45.6453,46.3394,16752939
XOM,2023-10-09,47.5895,48.3552,47.0605,47.2655,40635949
XOM,2023-10-10,47.1935,47.5477,46.1582,46.7867,16013303
XOM,2023-10-11,46.0731,47.3185,45.9523,46.9055,23949714
XOM,2023-10-12,47.2978,47.4007,46.5832,47.2043,42419474
XOM,2023-10-13,46.4323,46.7698,45.5361,46.4287,3964335
XOM,2023-10-16,46.5512,46.9483,46.1232,46.3291,27738685
XOM,2023-10-17,45.3751,45.6992,45.1226,45.479,15230952
XOM,2023-10-18,45.359,46.2169,44.9703,45.065,4920249
XOM,2023-10-19,44.5362,45.0346,43.854,44.556,22654177
XOM,2023-10-20,44.3029,45.3211,44.0179,44.4814,72865390
XOM,2023-10-23,43.2628,44.0514,42.788,43.0158,37132817
XOM,2023-10-24,44.139,44.3325,42.4401,43.164,10009676
XOM,2023-10-25,44.8236,45.1228,43.8139,44.4518,8684170
XOM,2023-10-26,42.757,43.9141,42.5096,43.7,9605284
XOM,2023-10-27,44.4428,44.5182,43.6373,44.023,18532451
XOM,2023-10-30,43.3151,44.3062,43.2806,43.862,5424461
XOM,2023-10-31,44.5709,44.6701,44.06,44.46,12029788
XOM,2023-11-01,45.1762,45.1942,44.6386,44.8006,20171712
XOM,2023-11-02,44.3599,44.5842,43.4763,44.302,14203411
XOM,2023-11-03,44.0855,45.181,43.9647,44.865,73705402
XOM,2023-11-06,45.5194,45.6867,45.4649,45.5193,62388908
XOM,2023-11-07,47.4847,47.9624,46.5987,47.254,27966271
XOM,2023-11-08,47.551,48.511,46.8237,47.6943,31120503
XOM,2023-11-09,47.724,48.2023,47.6723,47.9284,6229427
XOM,2023-11-10,48.4319,48.5422,47.6559,48.4747,46647552
XOM,2023-11-13,48.2817,48.865,47.0296,48.2144,15402836
XOM,2023-11-14,47.8357,48.8656,47.7191,48.7139,11914944
XOM,2023-11-15,48.8785,48.9344,47.036,48.182,9415392
XOM,2023-11-16,47.0065,47.1486,46.8594,47.0595,8794991
XOM,2023-11-17,49.828,50.1434,48.6462,49.1231,10881294
XOM,2023-11-20,48.2204,48.7291,47.8768,48.3773,65266356
XOM,2023-11-21,48.6663,48.9812,46.9169,48.1355,47447460
XOM,2023-11-22,48.5764,49.2405,48.0066,48.0693,11393528
XOM,2023-11-23,48.7233,49.5915,47.3234,48.6373,6859014
XOM,2023-11-24,50.0515,50.5567,48.6948,49.3411,57813460
XOM,2023-11-27,49.2584,50.5374,48.8355,49.2951,11524909
XOM,2023-11-28,49.3992,49.4511,48.1931,49.2375,9898193
XOM,2023-11-29,49.6261,49.9049,48.4441,49.5132,25460444
XOM,2023-11-30,50.5911,50.7453,50.3812,50.3999,9048607
XOM,2023-12-01,49.9272,50.894,49.1667,49.8148,11952158
XOM,2023-12-04,50.0833,50.7996,49.1584,49.8775,31754277
XOM,2023-12-05,50.199,50.5919,50.1972,50.4792,12294620
XOM,2023-12-06,48.6084,50.5246,48.5831,49.8573,21086922
XOM,2023-12-07,49.6996,50.7357,48.7928,49.4216,3506470
XOM,2023-12-08,49.8312,51.0634,49.3657,50.0588,33845662
XOM,2023-12-11,50.3107,51.1751,49.8332,50.773,15810318
XOM,2023-12-12,51.0146,51.0353,50.6663,50.7787,48921267
XOM,2023-12-13,50.6505,51.3107,49.9279,50.3816,25358135
XOM,2023-12-14,50.7098,51.0329,49.3514,50.1445,13076121
XOM,2023-12-15,48.9743,49.8512,48.8389,48.8849,10241654
XOM,2023-12-18,49.4475,49.6405,49.0675,49.1548,8900692
XOM,2023-12-19,48.9228,50.7272,48.5012,49.3698,2888009
XOM,2023-12-20,48.1666,49.251,47.7989,48.2673,4146900
XOM,2023-12-21,48.4638,49.9213,47.9441,49.023,11925286
XOM,2023-12-22,47.792,49.1431,47.6739,48.4887,42136998
XOM,2023-12-25,48.7721,49.4208,48.0071,49.3313,69566969
XOM,2023-12-26,49.6073,49.8918,48.7284,49.6154,7755705
XOM,2023-12-27,49.7433,50.959,49.4772,49.6202,49192631
XOM,2023-12-28,49.0221,50.1711,48.3753,49.2009,33967863
XOM,2023-12-29,48.4822,48.8406,47.9422,48.5787,51836467
XOM,2024-01-01,48.2181,48.4447,47.6598,47.7675,16922716
XOM,2024-01-02,47.8454,48.1164,47.4797,47.5827,14327450
XOM,2024-01-03,48.9246,49.7191,48.5797,48.9676,9360560
XOM,2024-01-04,47.9114,47.917,46.9577,47.8063,18320239
XOM,2024-01-05,48.3426,48.48,46.6799,47.8679,7543147
XOM,2024-01-08,46.9181,47.9164,46.3995,47.2345,17707852
XOM,2024-01-09,47.2928,47.5579,46.2872,46.6911,43283771
XOM,2024-01-10,46.9977,48.2753,46.7422,47.0442,8898607
XOM,2024-01-11,46.1891,46.5567,45.2149,46.4507,17189082
XOM,2024-01-12,46.186,46.8002,46.1293,46.1949,29060986
XOM,2024-01-15,45.8489,46.7149,45.2692,45.4732,4640511
XOM,2024-01-16,45.5083,45.6185,45.4443,45.516,5226964
XOM,2024-01-17,44.4705,44.6321,44.3924,44.448,22834841
XOM,2024-01-18,43.0347,44.0674,42.6379,43.5575,35335019
XOM,2024-01-19,43.4293,43.9069,42.5998,43.4257,6590815
XOM,2024-01-22,42.7407,43.2578,42.4872,43.066,11874131
XOM,2024-01-23,42.7178,43.876,42.3818,43.2517,8911420
XOM,2024-01-24,43.221,43.2927,42.8117,42.996,8753612
XOM,2024-01-25,42.3562,42.444,41.0731,41.6523,12861172
XOM,2024-01-26,40.9501,42.0832,40.0965,41.0137,5578408
XOM,2024-01-29,41.1229,41.5222,39.7945,40.8313,25570284
XOM,2024-01-30,40.4099,41.1272,40.3455,40.955,15190058
XOM,2024-01-31,41.1346,41.5312,40.8598,41.3389,16724264
XOM,2024-02-01,41.8599,42.5644,41.3783,41.9733,25394072
XOM,2024-02-02,41.3906,43.0125,41.2695,41.9442,50130836
XOM,2024-02-05,42.1796,42.8528,41.704,42.2738,13584593
XOM,2024-02-06,43.946,44.2025,43.1134,43.4689,15176926
XOM,2024-02-07,42.557,43.0466,41.8976,42.8635,42608157
XOM,2024-02-08,42.5966,42.8563,42.2297,42.6168,22075160
XOM,2024-02-09,43.8799,43.9898,43.1801,43.9009,3702299
XOM,2024-02-12,44.0102,44.3286,43.5205,43.8715,2553524
XOM,2024-02-13,43.0272,44.0074,42.9773,43.977,8549727
XOM,2024-02-14,43.9055,44.0501,43.4611,43.9959,2796259
XOM,2024-02-15,44.4654,44.4682,44.1716,44.4439,10012696
XOM,2024-02-16,43.9502,45.01,43.94,44.8644,10469186
XOM,2024-02-19,43.9095,43.9637,42.5934,43.7187,9208397
XOM,2024-02-20,44.445,44.973,43.6578,43.9333,69300375
XOM,2024-02-21,43.6734,44.3339,43.6531,43.7398,19000315
XOM,2024-02-22,43.7148,44.3187,43.6429,43.7697,4689828
XOM,2024-02-23,43.7858,44.0873,43.1293,43.5939,52506680
XOM,2024-02-26,42.2367,42.5842,41.5184,42.3616,7595431
XOM,2024-02-27,42.82,43.5888,42.7945,43.4316,3711935
XOM,2024-02-28,44.3603,44.3865,42.6116,43.6314,7944659
XOM,2024-02-29,44.8502,44.8821,42.9691,43.7643,30641445
XOM,2024-03-01,44.3842,44.7108,43.0007,43.9791,16566830
XOM,2024-03-04,43.9092,44.7869,43.4931,43.9167,48572494
XOM,2024-03-05,43.3176,44.7915,43.1825,44.3425,9071681
XOM,2024-03-06,43.6689,44.5209,43.2364,43.8293,10483373
XOM,2024-03-07,45.6776,46.2384,44.5767,45.027,10175820
XOM,2024-03-08,43.4547,44.7807,43.4487,44.598,11345105
XOM,2024-03-11,44.7965,46.2748,44.7941,45.6368,20109220
XOM,2024-03-12,45.9041,46.1284,44.6562,45.1943,17519130
XOM,2024-03-13,46.4644,46.6263,45.2974,45.4225,13188203
XOM,2024-03-14,45.6405,46.6858,45.4643,46.0663,17416207
XOM,2024-03-15,46.0168,46.6603,45.7415,46.2953,15729193
XOM,2024-03-18,45.3265,46.3289,44.2526,45.4377,69958585
XOM,2024-03-19,45.6743,46.3821,44.3976,45.6018,9162796
XOM,2024-03-20,45.7608,45.9126,45.6801,45.7925,7947059
XOM,2024-03-21,46.3102,47.0582,46.1035,46.2877,7163298
XOM,2024-03-22,46.7993,47.904,45.8367,46.9233,6254364
XOM,2024-03-25,46.9685,48.4688,46.7208,47.5728,15328658
XOM,2024-03-26,48.2989,48.923,46.3417,47.6508,56321796
XOM,2024-03-27,48.4776,49.1892,47.098,47.985,37886929
XOM,2024-03-28,47.6438,48.1059,47.4418,47.6249,31651702
XOM,2024-03-29,47.6324,48.134,46.5311,47.4487,15008651
XOM,2024-04-01,46.8152,48.2763,45.9863,47.1328,16830838
XOM,2024-04-02,47.6695,48.3339,46.829,47.2309,23118474
XOM,2024-04-03,47.8626,48.9333,47.7061,47.9204,50049187
XOM,2024-04-04,48.9411,49.489,48.4828,49.205,26214142
XOM,2024-04-05,50.0355,50.2516,48.7423,50.0616,7265939
XOM,2024-04-08,51.2487,52.0061,50.8162,51.4206,30615391
XOM,2024-04-09,52.178,52.2198,50.331,51.4635,12069139
XOM,2024-04-10,51.0209,51.4968,50.9265,51.3756,2649565
XOM,2024-04-11,50.7066,52.7916,50.4198,51.5838,36351062
XOM,2024-04-12,52.0617,52.5106,51.8053,52.1199,11189236
XOM,2024-04-15,53.7994,54.2066,52.1423,53.0054,19139127
XOM,2024-04-16,52.5345,53.9613,52.5058,53.1077,11880933
XOM,2024-04-17,52.8566,54.1873,52.3085,52.9011,2430713
XOM,2024-04-18,51.9737,52.9729,51.7794,52.2182,12873361
XOM,2024-04-19,52.4021,53.12,52.0395,52.5517,33283592
XOM,2024-04-22,51.8713,53.3556,51.6266,52.0766,3476730
XOM,2024-04-23,51.7263,52.5035,51.593,52.47,33690477
XOM,2024-04-24,51.7693,52.9448,51.3137,51.7616,38624420
XOM,2024-04-25,51.9761,52.7957,51.9256,52.5436,5094977
XOM,2024-04-26,53.4675,53.503,52.053,53.2214,12209906
XOM,2024-04-29,52.375,53.6171,52.3474,52.6122,8420936
XOM,2024-04-30,52.5685,53.5399,51.7757,53.072,10994615
XOM,2024-05-01,52.788,53.2434,52.2998,53.1686,23925565
XOM,2024-05-02,52.7581,53.2729,52.7205,53.0574,8558703
XOM,2024-05-03,51.2462,52.3253,50.9763,52.031,15697663
XOM,2024-05-06,51.2599,52.471,51.1793,51.7992,35264205
XOM,2024-05-07,51.9347,52.5415,51.305,52.0792,2053696
XOM,2024-05-08,51.9091,52.2538,50.4336,50.8565,22102872
XOM,2024-05-09,50.5669,52.5471,50.4228,51.2564,3224388
XOM,2024-05-10,50.3385,51.4139,50.3069,50.6142,3358186
XOM,2024-05-13,50.817,51.3682,50.2016,50.6519,37135266
XOM,2024-05-14,51.4607,52.2041,50.1252,51.1081,21443789
XOM,2024-05-15,50.0752,51.6795,49.6756,50.8803,10670790
XOM,2024-05-16,49.5827,51.0551,49.5471,50.187,12425553
XOM,2024-05-17,49.448,50.9385,48.6346,49.9465,18302656
XOM,2024-05-20,50.414,51.316,48.9069,50.0253,11698590
XOM,2024-05-21,50.5431,51.7602,49.7936,50.6439,28809216
XOM,2024-05-22,51.5403,51.9437,51.1558,51.1948,23460933
XOM,2024-05-23,50.4896,51.3083,50.4831,51.1297,6230723
XOM,2024-05-24,51.3417,52.1346,51.2368,51.5422,18718940
XOM,2024-05-27,51.9014,52.8246,51.3103,51.5764,9014874
XOM,2024-05-28,50.5788,50.6659,50.4337,50.569,46822230
XOM,2024-05-29,51.0641,51.3258,50.933,51.3109,13546698
XOM,2024-05-30,52.4736,52.5335,51.5624,51.7422,28530712
XOM,2024-05-31,52.9584,53.4156,52.3218,52.979,26876603
XOM,2024-06-03,52.7625,53.7472,52.6465,53.3813,14698728
XOM,2024-06-04,55.5808,55.6492,54.2788,54.469,9341485
XOM,2024-06-05,53.638,53.7222,53.2749,53.5435,45363081
XOM,2024-06-06,53.8541,54.1763,52.8173,53.7305,8845509
XOM,2024-06-07,52.4048,54.3658,51.9011,53.3125,8571110
XOM,2024-06-10,53.4065,53.8296,52.2199,53.6249,13790331
XOM,2024-06-11,54.3974,54.7274,52.9626,53.272,8755882
XOM,2024-06-12,53.0533,54.0838,52.1934,53.5108,5695457
XOM,2024-06-13,54.3604,54.5987,53.0004,53.7974,15098632
XOM,2024-06-14,53.2596,53.5938,52.7156,53.1505,39088328
XOM,2024-06-17,53.6987,54.8737,53.2134,53.4335,18638525
XOM,2024-06-18,51.3987,52.5475,51.0036,51.7198,29675971
XOM,2024-06-19,52.6707,53.4981,52.2406,52.2716,23097869
XOM,2024-06-20,53.0516,53.2352,51.6376,52.0039,6467199
XOM,2024-06-21,52.9837,53.7266,51.7191,52.7302,28013436
XOM,2024-06-24,52.7508,53.6548,52.3715,52.648,33067310
XOM,2024-06-25,51.6057,52.1513,50.9312,51.8154,74243884
XOM,2024-06-26,52.7954,52.8348,52.6067,52.6396,15356806
XOM,2024-06-27,53.8352,53.8479,52.2735,52.7808,3102028
XOM,2024-06-28,52.5673,52.7186,52.4468,52.6396,38908590
XOM,2024-07-01,51.9537,51.9561,51.8098,51.9477,15886134
XOM,2024-07-02,51.3287,51.9718,50.8053,51.2826,21730727
XOM,2024-07-03,51.7556,52.8754,51.3393,51.704,48824745
XOM,2024-07-04,52.4767,53.1568,51.9422,51.9973,11257216
XOM,2024-07-05,52.6879,52.9454,51.8806,51.8918,22438318
XOM,2024-07-08,51.5288,52.0861,51.3895,51.7867,13960042
XOM,2024-07-09,51.2922,52.7279,51.0042,51.7484,10134466
XOM,2024-07-10,51.008,51.1712,50.3066,50.6853,22782195
XOM,2024-07-11,50.3942,50.4899,49.8376,50.1967,16955168
XOM,2024-07-12,51.3158,51.3652,49.9032,50.6332,23925281
XOM,2024-07-15,50.2979,52.2509,49.9096,51.1886,5483655
XOM,2024-07-16,52.0372,53.5754,51.9957,52.3164,5774933
XOM,2024-07-17,53.0821,54.1392,52.3903,52.7729,12800993
XOM,2024-07-18,51.8138,53.1174,51.6515,52.3658,11416311
XOM,2024-07-19,54.0445,54.2633,52.4436,53.7574,7047241
XOM,2024-07-22,53.2564,53.6955,53.2169,53.4874,4175461
XOM,2024-07-23,52.0686,53.31,52.0099,53.0744,5260359
XOM,2024-07-24,52.4371,53.2957,52.1011,53.0746,12932290
XOM,2024-07-25,55.7658,56.3781,55.0324,56.0862,7294359
XOM,2024-07-26,54.6637,56.0495,54.2949,55.476,6684853
XOM,2024-07-29,56.2019,56.3882,55.7042,56.1931,4321856
XOM,2024-07-30,56.2975,56.827,55.3564,56.2385,24909628
XOM,2024-07-31,57.4915,57.6471,55.6957,56.8471,65773919
XOM,2024-08-01,55.5712,56.8101,54.9852,56.0648,7069762
XOM,2024-08-02,54.9114,56.6582,54.1849,55.5651,3484826
XOM,2024-08-05,55.3808,56.3757,54.3939,55.3083,27934801
XOM,2024-08-06,54.8789,56.7781,54.5274,55.8774,62918978
XOM,2024-08-07,55.3045,56.9695,55.1013,56.1239,36594465
XOM,2024-08-08,57.0968,57.2742,56.4175,56.8897,11426947
XOM,2024-08-09,56.9527,57.456,56.889,57.3013,5335014
XOM,2024-08-12,57.4224,57.901,55.9381,56.6547,14009573
XOM,2024-08-13,56.969,57.2969,56.2893,56.3998,8400353
XOM,2024-08-14,56.385,57.1411,55.0231,55.6847,3330970
XOM,2024-08-15,56.6246,56.6258,56.1919,56.4761,13751775
XOM,2024-08-16,55.8118,56.382,54.9665,55.3864,16613530
XOM,2024-08-19,56.2233,56.4708,55.9621,56.1198,15913985
XOM,2024-08-20,55.4543,56.3377,55.2037,56.0824,31378025
XOM,2024-08-21,56.6046,57.0583,55.5834,55.7512,7923949
XOM,2024-08-22,56.7409,57.8409,55.1321,56.4558,40925764
XOM,2024-08-23,56.9041,57.4348,56.4743,57.377,13651349
XOM,2024-08-26,58.4639,59.9613,58.162,58.8681,12223891
XOM,2024-08-27,57.1766,58.2944,56.7009,57.9435,9840788
XOM,2024-08-28,58.7853,59.9017,57.2343,58.6042,23016312
XOM,2024-08-29,58.2304,59.5301,57.9735,58.5769,8537889
XOM,2024-08-30,57.7925,58.5195,57.1389,57.4954,5603099
XOM,2024-09-02,57.4814,58.717,57.4195,57.6745,29751097
XOM,2024-09-03,58.4552,59.1742,56.8669,57.9951,12809114
XOM,2024-09-04,57.1781,57.5602,55.834,57.1422,13520254
XOM,2024-09-05,54.1227,56.2588,53.5907,54.988,31195505
XOM,2024-09-06,55.3015,55.4093,55.1277,55.2765,14737475
XOM,2024-09-09,55.8651,56.127,55.0671,55.2864,21742453
XOM,2024-09-10,52.9379,53.5673,52.3865,53.4456,14997498
XOM,2024-09-11,53.7506,54.1403,52.9477,53.7999,16812295
XOM,2024-09-12,53.786,54.177,53.2511,53.6554,63596793
XOM,2024-09-13,53.1199,53.2644,51.9787,52.4134,6690986
XOM,2024-09-16,51.5677,52.5446,51.4318,51.6054,7461530
XOM,2024-09-17,51.2685,51.3002,51.001,51.1869,15522523
XOM,2024-09-18,50.8001,51.0942,50.7414,50.9785,27331206
XOM,2024-09-19,50.914,51.5853,49.702,50.4025,3562001
XOM,2024-09-20,51.2615,51.3145,51.1081,51.2719,7824702
XOM,2024-09-23,50.8021,50.9915,50.5546,50.6772,39856352
XOM,2024-09-24,50.3068,51.7265,49.9963,50.8166,16703137
XOM,2024-09-25,48.7645,49.9155,48.5603,49.7494,35170358
XOM,2024-09-26,49.9422,50.2841,48.6008,49.3878,9405603
XOM,2024-09-27,47.4669,49.0047,47.2956,48.4669,3898188
XOM,2024-09-30,47.7515,48.0804,47.4906,48.0699,33430899
XOM,2024-10-01,49.282,50.6125,48.5368,49.5494,26648297
XOM,2024-10-02,49.9497,50.5311,48.7653,49.2047,5400384
XOM,2024-10-03,48.8209,49.7484,48.6459,49.5428,7323218
XOM,2024-10-04,49.8817,50.7855,48.9679,50.0902,6386091
XOM,2024-10-07,49.0157,49.3381,47.7259,48.448,17544731
XOM,2024-10-08,47.128,48.9199,46.9809,48.227,55566929
XOM,2024-10-09,48.21,48.7866,47.8993,48.4086,21971941
XOM,2024-10-10,48.0628,49.4547,47.8244,48.779,10517376
XOM,2024-10-11,49.3891,49.7038,48.2,49.1705,25776593
XOM,2024-10-14,49.5779,50.0866,47.6009,48.9389,19053044
XOM,2024-10-15,49.0651,49.154,48.5828,48.7214,13824877
XOM,2024-10-16,49.4967,49.6124,48.2301,49.23,37758427
XOM,2024-10-17,47.8929,48.4861,47.4442,47.5136,13952025
XOM,2024-10-18,46.9924,47.833,46.7199,47.0847,20410511
XOM,2024-10-21,48.0784,48.532,46.8978,47.3605,5941501
XOM,2024-10-22,48.5681,48.9059,47.4928,48.2333,40132092
XOM,2024-10-23,47.5207,47.8202,46.6972,47.1321,21757063
XOM,2024-10-24,46.763,47.3298,46.613,46.893,33267288
XOM,2024-10-25,46.7043,47.0956,46.1998,46.9968,32218969
XOM,2024-10-28,48.0094,48.0841,47.0389,47.756,36854646
XOM,2024-10-29,48.2629,48.4793,46.6916,47.6442,1466241
XOM,2024-10-30,47.8992,47.9777,46.5147,47.8022,7794029
XOM,2024-10-31,47.0895,48.3259,47.0788,48.0599,30763423
XOM,2024-11-01,47.9091,48.2209,47.5458,48.1238,20164415
XOM,2024-11-04,47.9808,48.6889,46.4027,47.432,11482695
XOM,2024-11-05,48.516,49.1277,48.2314,48.672,21260987
XOM,2024-11-06,47.8637,48.8884,47.6154,47.8939,32018938
XOM,2024-11-07,46.621,47.7863,46.4266,47.6366,4676764
XOM,2024-11-08,47.5544,47.6836,46.3197,47.4522,10107084
XOM,2024-11-11,47.7672,47.9495,47.2214,47.8744,13238110
XOM,2024-11-12,48.8586,48.9632,48.6706,48.712,11935550
XOM,2024-11-13,46.6653,48.2089,46.591,47.2436,27464876
XOM,2024-11-14,47.3219,47.5341,46.2593,47.2709,8931464
XOM,2024-11-15,45.721,46.2003,45.294,45.9232,6734322
XOM,2024-11-18,45.6089,45.9642,45.0983,45.8615,5001011
XOM,2024-11-19,45.7519,45.9255,45.6988,45.7293,10001018
XOM,2024-11-20,44.4426,45.1659,44.179,44.7675,23109214
XOM,2024-11-21,45.8776,45.9769,44.4032,45.5703,15323085
XOM,2024-11-22,45.4212,45.4449,44.1291,45.3465,5155534
XOM,2024-11-25,44.3689,44.9834,43.521,44.74,8002112
XOM,2024-11-26,44.9315,45.4197,44.5593,44.7425,4791212
XOM,2024-11-27,44.8305,44.8435,44.8023,44.8262,26244615
XOM,2024-11-28,46.0803,46.6336,44.4245,45.5841,10014062
XOM,2024-11-29,44.765,45.8241,44.6851,45.573,3219989
XOM,2024-12-02,45.7154,46.1696,45.0172,45.5398,11050158
XOM,2024-12-03,46.6178,47.0971,45.385,46.5544,4842735
XOM,2024-12-04,46.3934,46.6441,45.8098,45.8246,11846672
XOM,2024-12-05,46.3358,46.5628,44.426,45.4318,9633408
XOM,2024-12-06,44.7826,45.406,44.1826,45.1109,11677464
XOM,2024-12-09,44.2851,45.2106,43.2719,44.1453,14126897
XOM,2024-12-10,43.518,43.5703,43.316,43.3933,8369491
XOM,2024-12-11,45.0035,45.1513,43.3367,44.1797,14250255
XOM,2024-12-12,44.5237,44.6345,43.5807,43.7525,15707200
XOM,2024-12-13,44.1406,45.1745,43.3289,44.5597,3448785
XOM,2024-12-16,44.1005,45.3552,43.6424,44.583,18104131
XOM,2024-12-17,45.4716,46.3728,45.1393,46.1127,15737292
XOM,2024-12-18,46.6053,46.779,46.0609,46.404,23964591
XOM,2024-12-19,47.2864,47.4812,46.706,47.0488,24450963
XOM,2024-12-20,46.8162,47.6705,46.616,47.4985,17017121
XOM,2024-12-23,48.2291,48.319,47.6473,47.7379,16198793
XOM,2024-12-24,49.0268,49.7009,48.1031,48.7033,15811406
XOM,2024-12-25,48.9342,49.6175,48.866,49.2899,2652777
XOM,2024-12-26,48.8399,49.9682,48.2372,48.6427,3610054
XOM,2024-12-27,48.262,48.478,48.1315,48.2063,43854621
XOM,2024-12-30,49.2333,49.3206,47.7082,48.9228,52693654
XOM,2024-12-31,48.6565,48.8261,46.6786,47.783,19288491
XOM,2025-01-01,47.6436,48.1955,47.013,47.5769,11760678
XOM,2025-01-02,46.4156,47.8828,46.3859,47.3357,5483392
XOM,2025-01-03,47.7238,48.2534,46.8283,47.7675,37221692
XOM,2025-01-06,47.7217,49.3395,47.642,48.053,16625110
XOM,2025-01-07,48.8042,49.3358,47.8775,49.1315,18517384
XOM,2025-01-08,49.0878,49.4357,48.6494,49.3036,31592085
XOM,2025-01-09,49.6706,49.8198,48.4348,49.6562,8147850
XOM,2025-01-10,51.2767,51.4395,49.6419,50.0722,6333341
XOM,2025-01-13,50.9493,51.6962,50.5042,51.3061,8581989
XOM,2025-01-14,52.1454,52.826,50.8349,51.9002,17555395
XOM,2025-01-15,52.8857,52.9631,52.5615,52.942,29251637
XOM,2025-01-16,53.8034,54.2384,51.6977,53.0048,5883459
XOM,2025-01-17,51.7247,52.2348,51.5772,51.7592,8558562
XOM,2025-01-20,52.3443,53.6453,51.9492,52.3783,46066961
XOM,2025-01-21,52.3632,53.0557,50.869,52.1137,7761993
XOM,2025-01-22,52.7135,53.6679,52.5556,52.5776,18808550
XOM,2025-01-23,52.9876,53.085,52.396,52.8806,7861737
XOM,2025-01-24,53.6915,53.8011,53.2202,53.3425,15755549
XOM,2025-01-27,53.4929,53.6109,52.778,53.5318,6043871
XOM,2025-01-28,53.2078,54.5016,53.1599,53.7456,8966094
XOM,2025-01-29,53.1334,54.3767,52.783,54.04,18033267
XOM,2025-01-30,53.6127,53.9929,52.7029,53.8254,5216008
XOM,2025-01-31,52.5817,53.7693,51.5997,52.5677,7474515
XOM,2025-02-03,52.8278,52.8358,52.0693,52.4072,33073818
XOM,2025-02-04,53.4671,54.0116,52.3794,53.6887,24441593
XOM,2025-02-05,54.3294,55.1645,54.2174,54.3399,5175463
XOM,2025-02-06,53.5236,53.5684,53.2152,53.22,2009759
XOM,2025-02-07,52.8106,54.9424,52.7369,53.5313,20291582
XOM,2025-02-10,53.7289,53.9455,53.4425,53.536,3457845
XOM,2025-02-11,52.9099,54.2468,52.4918,53.8881,9003104
XOM,2025-02-12,55.6511,56.4412,53.832,55.165,26740971
XOM,2025-02-13,54.0972,54.6054,53.4725,54.0765,43065984
XOM,2025-02-14,54.341,54.5004,54.0595,54.2652,11913839
XOM,2025-02-17,55.7344,55.8373,53.6179,54.7646,15537018
XOM,2025-02-18,54.2825,55.3702,53.6449,54.3223,5768809
XOM,2025-02-19,54.5439,55.6211,54.0245,54.447,24063645
XOM,2025-02-20,53.0499,54.6729,52.4944,53.3734,10356789
XOM,2025-02-21,53.7421,53.8954,53.33,53.7252,20099053
XOM,2025-02-24,53.1283,53.3255,52.9671,52.9938,8820271
XOM,2025-02-25,52.2141,53.7374,52.117,52.7326,16316407
XOM,2025-02-26,52.5043,53.836,52.3401,52.6618,5264942
XOM,2025-02-27,53.7418,54.3369,52.9692,53.8755,7802752
XOM,2025-02-28,53.3759,54.5227,53.0116,53.985,20635963
XOM,2025-03-03,53.9058,54.7503,53.0803,53.3792,8056864
XOM,2025-03-04,52.1756,54.1257,51.9588,52.7577,53979554
XOM,2025-03-05,53.5331,53.5752,53.1647,53.1986,43120832
XOM,2025-03-06,53.4591,53.5799,52.8289,53.1194,12215135
XOM,2025-03-07,52.9868,53.4488,52.1689,52.6706,34642698
XOM,2025-03-10,54.4141,54.4569,52.6621,53.0553,37570800
XOM,2025-03-11,53.0236,53.6547,51.5276,52.2345,12271617
XOM,2025-03-12,52.6386,53.3145,51.4962,51.9954,2983945
XOM,2025-03-13,51.7653,53.3991,51.0286,52.1926,13447222
XOM,2025-03-14,52.4006,52.8809,51.8997,52.6772,22608837
XOM,2025-03-17,54.8421,55.1485,52.6911,53.7481,25755994
XOM,2025-03-18,53.269,54.051,51.9846,52.6928,15619186
XOM,2025-03-19,52.2727,52.7156,51.3663,51.6509,5439263
XOM,2025-03-20,52.207,52.223,51.5793,51.6947,13555425
XOM,2025-03-21,50.7891,51.0231,50.6603,51.0153,34644378
XOM,2025-03-24,50.5586,51.1079,50.3753,50.7827,4083535
XOM,2025-03-25,51.01,52.0176,49.9548,50.7458,21538593
XOM,2025-03-26,51.0391,51.8615,50.7808,51.1939,27274149
XOM,2025-03-27,49.6037,49.6421,49.1283,49.4893,16079744
XOM,2025-03-28,49.6697,50.9361,49.5191,49.5887,16669650
XOM,2025-03-31,50.0692,50.4016,49.4709,49.5674,13388301
XOM,2025-04-01,51.1515,51.5678,49.5601,50.2117,15517858
XOM,2025-04-02,51.0396,52.1744,50.54,50.8959,57170688
XOM,2025-04-03,50.927,52.1807,50.3867,50.857,7596338
XOM,2025-04-04,51.7764,52.0603,49.4197,50.7886,55633903
XOM,2025-04-07,51.9487,52.9279,50.8522,51.6461,16633004
XOM,2025-04-08,51.4178,51.9023,51.0098,51.3414,13588885
XOM,2025-04-09,53.2351,53.6389,51.8596,52.6407,34231969
XOM,2025-04-10,50.3838,52.5442,50.0835,51.3787,15930460
XOM,2025-04-11,50.6637,51.3243,50.1556,50.9092,24258096
XOM,2025-04-14,51.0833,51.2603,49.3224,50.2015,13223750
XOM,2025-04-15,49.4603,50.6396,49.2242,50.5659,6808214
XOM,2025-04-16,49.282,50.4441,48.7546,49.414,11815514
XOM,2025-04-17,48.444,49.5153,48.0011,49.3231,74945087
XOM,2025-04-18,49.2486,50.4337,48.8272,49.6769,27502534
XOM,2025-04-21,48.6452,49.8056,48.4859,49.4825,13333748
XOM,2025-04-22,49.0633,49.5624,47.7156,48.6883,13991948
XOM,2025-04-23,49.7526,50.2354,48.8179,49.1629,4383216
XOM,2025-04-24,48.8702,49.0604,47.8966,48.7558,13681440
XOM,2025-04-25,48.8766,49.7151,48.0469,48.9376,12735794
XOM,2025-04-28,51.2484,51.3721,49.0291,50.1083,35020998
XOM,2025-04-29,50.1955,51.7632,50.1332,50.5481,18190585
XOM,2025-04-30,50.3703,51.1194,50.1436,50.7187,18800689
XOM,2025-05-01,50.0251,51.3941,49.9396,50.2842,29242806
XOM,2025-05-02,50.6735,51.1833,49.5407,50.6956,8571310
XOM,2025-05-05,51.1576,51.2367,50.692,51.0673,41948603
XOM,2025-05-06,50.8904,51.2405,50.4478,50.6031,7197370
XOM,2025-05-07,51.0422,51.3782,50.3846,50.5866,2477927
XOM,2025-05-08,51.8531,52.8173,51.3093,51.9264,7193310
XOM,2025-05-09,51.2086,51.419,50.9016,51.2697,12552664
XOM,2025-05-12,49.025,50.1839,48.5785,49.934,12982030
XOM,2025-05-13,49.4777,50.2079,48.4631,49.6417,8564748
XOM,2025-05-14,50.0199,50.1729,48.9901,49.6616,9283555
XOM,2025-05-15,50.5046,51.4203,50.1334,50.4559,13307924
XOM,2025-05-16,50.2407,51.8981,49.875,50.5695,6816808
XOM,2025-05-19,49.63,51.1418,49.5369,50.4441,26103629
XOM,2025-05-20,52.1203,52.4659,50.9537,51.3197,13563231
XOM,2025-05-21,52.3898,53.1267,52.3375,52.5549,4418227
XOM,2025-05-22,51.9526,53.3398,51.4095,52.8711,28824077
XOM,2025-05-23,52.4505,53.1217,52.2525,52.8287,28379615
XOM,2025-05-26,52.8107,53.1807,52.7928,53.157,12960048
XOM,2025-05-27,53.506,54.6009,53.5018,53.9193,8868309
XOM,2025-05-28,55.0819,55.1515,53.8704,54.2714,64647160
XOM,2025-05-29,53.6385,54.2873,52.6676,53.8698,4691800
XOM,2025-05-30,54.808,55.1204,52.7564,54.0556,24911440
XOM,2025-06-02,54.5974,54.7381,54.025,54.2499,20241362
XOM,2025-06-03,54.8059,56.0671,53.3338,54.7837,27099399
XOM,2025-06-04,54.5759,56.981,54.4183,55.5494,3297963
XOM,2025-06-05,55.199,55.7769,55.0372,55.6346,19464481
XOM,2025-06-06,56.4616,56.8868,55.0418,55.7489,9908481
XOM,2025-06-09,55.1249,55.5107,54.9855,55.0878,18595950
XOM,2025-06-10,55.6088,55.7905,54.1103,54.6276,15642658
XOM,2025-06-11,56.55,56.6614,54.5485,55.4535,12747096
XOM,2025-06-12,54.5461,54.7146,53.9042,54.5067,7171856
XOM,2025-06-13,54.7278,55.3676,54.2997,54.3751,41296583
XOM,2025-06-16,55.5262,57.5211,55.1092,56.5964,25868176
XOM,2025-06-17,57.3394,57.6078,55.4545,56.3218,4854796
XOM,2025-06-18,55.5868,55.761,54.4826,55.4467,17051866
XOM,2025-06-19,54.9889,55.7151,54.0863,55.5481,24237252
XOM,2025-06-20,55.6414,55.8098,54.6007,55.591,3928963
XOM,2025-06-23,55.1836,55.292,53.7724,54.7933,12744795
XOM,2025-06-24,53.6322,55.3303,53.1748,54.1117,38634226
XOM,2025-06-25,52.4343,54.4057,52.4304,53.6278,74904879
XOM,2025-06-26,53.4905,54.0473,52.3812,53.0526,8055065
XOM,2025-06-27,53.421,53.7136,52.4096,53.3673,10349263
XOM,2025-06-30,53.9351,54.9542,53.7493,54.3695,9154413
